-- --------------------------------------------------------
-- Host:                         127.0.0.1
-- Server version:               8.0.30 - MySQL Community Server - GPL
-- Server OS:                    Win64
-- HeidiSQL Version:             12.3.0.6589
-- --------------------------------------------------------

/*!40101 SET @OLD_CHARACTER_SET_CLIENT=@@CHARACTER_SET_CLIENT */;
/*!40101 SET NAMES utf8 */;
/*!50503 SET NAMES utf8mb4 */;
/*!40103 SET @OLD_TIME_ZONE=@@TIME_ZONE */;
/*!40103 SET TIME_ZONE='+00:00' */;
/*!40014 SET @OLD_FOREIGN_KEY_CHECKS=@@FOREIGN_KEY_CHECKS, FOREIGN_KEY_CHECKS=0 */;
/*!40101 SET @OLD_SQL_MODE=@@SQL_MODE, SQL_MODE='NO_AUTO_VALUE_ON_ZERO' */;
/*!40111 SET @OLD_SQL_NOTES=@@SQL_NOTES, SQL_NOTES=0 */;


-- Dumping database structure for amsdev
CREATE DATABASE IF NOT EXISTS `amsdev` /*!40100 DEFAULT CHARACTER SET utf8mb4 COLLATE utf8mb4_0900_ai_ci */ /*!80016 DEFAULT ENCRYPTION='N' */;
USE `amsdev`;

-- Dumping structure for table amsdev.aspnetroleclaims
CREATE TABLE IF NOT EXISTS `aspnetroleclaims` (
  `Id` int NOT NULL AUTO_INCREMENT,
  `RoleId` varchar(255) CHARACTER SET utf8mb4 COLLATE utf8mb4_0900_ai_ci NOT NULL,
  `ClaimType` longtext CHARACTER SET utf8mb4 COLLATE utf8mb4_0900_ai_ci,
  `ClaimValue` longtext CHARACTER SET utf8mb4 COLLATE utf8mb4_0900_ai_ci,
  PRIMARY KEY (`Id`),
  KEY `IX_AspNetRoleClaims_RoleId` (`RoleId`),
  CONSTRAINT `FK_AspNetRoleClaims_AspNetRoles_RoleId` FOREIGN KEY (`RoleId`) REFERENCES `aspnetroles` (`Id`) ON DELETE CASCADE
) ENGINE=InnoDB DEFAULT CHARSET=utf8mb4 COLLATE=utf8mb4_0900_ai_ci;

-- Dumping data for table amsdev.aspnetroleclaims: ~0 rows (approximately)

-- Dumping structure for table amsdev.aspnetroles
CREATE TABLE IF NOT EXISTS `aspnetroles` (
  `Id` varchar(255) CHARACTER SET utf8mb4 COLLATE utf8mb4_0900_ai_ci NOT NULL,
  `Name` varchar(256) CHARACTER SET utf8mb4 COLLATE utf8mb4_0900_ai_ci DEFAULT NULL,
  `NormalizedName` varchar(256) CHARACTER SET utf8mb4 COLLATE utf8mb4_0900_ai_ci DEFAULT NULL,
  `ConcurrencyStamp` longtext CHARACTER SET utf8mb4 COLLATE utf8mb4_0900_ai_ci,
  PRIMARY KEY (`Id`),
  UNIQUE KEY `RoleNameIndex` (`NormalizedName`)
) ENGINE=InnoDB DEFAULT CHARSET=utf8mb4 COLLATE=utf8mb4_0900_ai_ci;

-- Dumping data for table amsdev.aspnetroles: ~33 rows (approximately)
INSERT INTO `aspnetroles` (`Id`, `Name`, `NormalizedName`, `ConcurrencyStamp`) VALUES
	('001dfbd3-4fdb-4672-baa6-3f75d2fd66be', 'Company Info', 'COMPANY INFO', '0b77311c-8dce-4d27-96b0-dc45f0820f64'),
	('07e46dbc-1c23-447a-afc6-4d1838961913', 'Designation', 'DESIGNATION', '1b6f1ad5-82b1-4876-90a8-d134f88917b2'),
	('10ff0f6f-4a02-4b41-9990-7c387c282f81', 'Identity Setting', 'IDENTITY SETTING', '73531215-98eb-4b1d-8aea-c0cb33cf6fa9'),
	('158e195f-b1b5-46eb-9b1d-7f9f76aeb2a6', 'Manage Page Access', 'MANAGE PAGE ACCESS', '1646843d-e45b-45a8-8930-d181cdc0a1c2'),
	('1a311c68-2f6c-415c-b02f-ed0f12534cc9', 'Employee', 'EMPLOYEE', 'beff003a-06ca-4165-bad3-ad1142da7ae8'),
	('28736d25-0992-4013-bd82-140dc9ad2e08', 'Asset Issue', 'ASSET ISSUE', 'b0c034b5-2368-488c-995c-51b32e961a86'),
	('2f9738c2-db62-44f8-b778-bf743178c9b4', 'Email Setting', 'EMAIL SETTING', '5b92de67-e935-42c4-89d9-93a162f0ca74'),
	('3c659bb5-7d7d-46cc-9735-18e7088c4bb6', 'Asset ategorie', 'ASSET ATEGORIE', '2b96a7c1-d526-4c22-af51-88e668c8f5f8'),
	('40c2141d-6cc3-41ea-b67b-7859959d457f', 'Asset', 'ASSET', '4e014274-813d-45fa-9245-9954d115bc55'),
	('51af0e1c-7c65-4c53-bb54-9fb85c8f0413', 'Asset Status Report', 'ASSET STATUS REPORT', '7fe3620b-2bc3-4eb5-a3f4-71dbea2a1f24'),
	('5e6facda-120c-4733-baa3-db73a552b4e2', 'User Management', 'USER MANAGEMENT', 'f25f884c-da05-4d19-9510-f15f69869b72'),
	('5e82b64e-0bb0-423d-8565-ebdde87cb6c5', 'Supplier', 'SUPPLIER', '9ddbd114-1ab5-4021-a7e4-b0376afb0565'),
	('689e29d0-f2fc-4277-b811-2c80a0222b21', 'Asset Allocation Report', 'ASSET ALLOCATION REPORT', '9d02d654-b3cc-4081-885e-0a1081b37276'),
	('6f06c70f-3692-4ce9-9414-bbe015a6fa91', 'Asset History', 'ASSET HISTORY', '164fd278-7ad0-40cc-86d3-441b97b66012'),
	('75a10b71-e39d-494a-ae21-806a5f2670bc', 'Request Module', 'REQUEST MODULE', '407da290-76ec-4377-b0fd-3e9ad90ce2a1'),
	('7e2ab0ec-5d94-437a-8538-604fd3c63202', 'Asset Request', 'ASSET REQUEST', 'b773375c-459d-445f-ac05-b361d5c6e1f1'),
	('7e32747b-553c-45ef-a896-7ddd6e5f4ace', 'Login History', 'LOGIN HISTORY', '3c356670-dc1d-424c-b6e6-554956a14381'),
	('829e9722-22f0-4e7b-81a6-0d75755cc71f', 'Subscription Request', 'SUBSCRIPTION REQUEST', 'e68b0f80-dec7-43b7-83dd-e08da1e984b5'),
	('84ff0dbd-625d-42a7-8933-85be592a9415', 'Super Admin', 'SUPER ADMIN', 'cef0b74d-400f-47b4-acdc-b1001e1cc519'),
	('945321a2-3bdf-4983-828f-75bd97939170', 'Manage User Roles', 'MANAGE USER ROLES', '5e97d44b-eb77-4cf5-8dbc-232b8368f9f4'),
	('a703abf1-fe28-4500-8c48-0d83cd4b183e', 'Asset Status', 'ASSET STATUS', '6f2d7333-5312-4dd9-802f-e6174b9d8825'),
	('b4fb2a9b-1894-4dd3-89f4-032705212f17', 'Department', 'DEPARTMENT', '1b5d8f71-e780-4cc9-bee1-56ee835709fb'),
	('b8bc01fa-11e3-4e2e-956e-fbce549c858b', 'Print QRcode', 'PRINT QRCODE', 'ccbb79d2-bb59-44ae-83e2-5d601f06d695'),
	('b8d828d4-5e1f-41cf-a991-066c64d6713d', 'System Role', 'SYSTEM ROLE', 'cd7f1fb9-b5c6-4b13-ba98-19a5909d0607'),
	('c8aedbf8-6d1f-494e-8c52-3f150f90df8f', 'Admin', 'ADMIN', '95dc4792-273b-4ec3-a9e1-6ca5b0fea6d9'),
	('ced7b581-d139-490b-b083-5c349ec8d56e', 'Asset Sub Categorie', 'ASSET SUB CATEGORIE', 'a3c97bba-e909-4ec2-9ce4-3a432bba6b4e'),
	('cfc9c794-2a09-4c29-b9e2-048a7bfc8790', 'User Info From Browser', 'USER INFO FROM BROWSER', 'd2dbdf45-b81b-49db-8541-09dd85293d2c'),
	('d000ca1b-3785-4c41-a7c0-2af982fa4a32', 'Sub Department', 'SUB DEPARTMENT', 'e39fbac1-32e4-49a0-b584-af6f5f6cfa4b'),
	('df529136-a855-4d2f-ae08-daa8bd1d8b3b', 'Dashboard', 'DASHBOARD', '6ba983ca-8655-44c4-ab0e-ec6f9c784399'),
	('e6f849c3-4ee9-4e17-b2df-68223a318244', 'User Profile', 'USER PROFILE', 'bfedc79e-c061-41fa-8882-3b26ab631dba'),
	('e92c7f4b-81d5-44ee-97eb-ffd689f7303b', 'Print Barcode', 'PRINT BARCODE', '45f34c42-cfe7-453f-b3d6-6089640a7960'),
	('fac9374c-aaed-4ea9-9d2d-037b241dfd1b', 'Comment', 'COMMENT', '857550fa-04b4-4739-8355-f73292323c39'),
	('fb9989b9-3cb8-438f-a3cf-b91585197502', 'Audit Logs', 'AUDIT LOGS', '5d1d4bc4-e06e-4966-a325-552569a185e1');

-- Dumping structure for table amsdev.aspnetuserclaims
CREATE TABLE IF NOT EXISTS `aspnetuserclaims` (
  `Id` int NOT NULL AUTO_INCREMENT,
  `UserId` varchar(255) CHARACTER SET utf8mb4 COLLATE utf8mb4_0900_ai_ci NOT NULL,
  `ClaimType` longtext CHARACTER SET utf8mb4 COLLATE utf8mb4_0900_ai_ci,
  `ClaimValue` longtext CHARACTER SET utf8mb4 COLLATE utf8mb4_0900_ai_ci,
  PRIMARY KEY (`Id`),
  KEY `IX_AspNetUserClaims_UserId` (`UserId`),
  CONSTRAINT `FK_AspNetUserClaims_AspNetUsers_UserId` FOREIGN KEY (`UserId`) REFERENCES `aspnetusers` (`Id`) ON DELETE CASCADE
) ENGINE=InnoDB DEFAULT CHARSET=utf8mb4 COLLATE=utf8mb4_0900_ai_ci;

-- Dumping data for table amsdev.aspnetuserclaims: ~0 rows (approximately)

-- Dumping structure for table amsdev.aspnetuserlogins
CREATE TABLE IF NOT EXISTS `aspnetuserlogins` (
  `LoginProvider` varchar(255) CHARACTER SET utf8mb4 COLLATE utf8mb4_0900_ai_ci NOT NULL,
  `ProviderKey` varchar(255) CHARACTER SET utf8mb4 COLLATE utf8mb4_0900_ai_ci NOT NULL,
  `ProviderDisplayName` longtext CHARACTER SET utf8mb4 COLLATE utf8mb4_0900_ai_ci,
  `UserId` varchar(255) CHARACTER SET utf8mb4 COLLATE utf8mb4_0900_ai_ci NOT NULL,
  PRIMARY KEY (`LoginProvider`,`ProviderKey`),
  KEY `IX_AspNetUserLogins_UserId` (`UserId`),
  CONSTRAINT `FK_AspNetUserLogins_AspNetUsers_UserId` FOREIGN KEY (`UserId`) REFERENCES `aspnetusers` (`Id`) ON DELETE CASCADE
) ENGINE=InnoDB DEFAULT CHARSET=utf8mb4 COLLATE=utf8mb4_0900_ai_ci;

-- Dumping data for table amsdev.aspnetuserlogins: ~0 rows (approximately)

-- Dumping structure for table amsdev.aspnetuserroles
CREATE TABLE IF NOT EXISTS `aspnetuserroles` (
  `UserId` varchar(255) CHARACTER SET utf8mb4 COLLATE utf8mb4_0900_ai_ci NOT NULL,
  `RoleId` varchar(255) CHARACTER SET utf8mb4 COLLATE utf8mb4_0900_ai_ci NOT NULL,
  PRIMARY KEY (`UserId`,`RoleId`),
  KEY `IX_AspNetUserRoles_RoleId` (`RoleId`),
  CONSTRAINT `FK_AspNetUserRoles_AspNetRoles_RoleId` FOREIGN KEY (`RoleId`) REFERENCES `aspnetroles` (`Id`) ON DELETE CASCADE,
  CONSTRAINT `FK_AspNetUserRoles_AspNetUsers_UserId` FOREIGN KEY (`UserId`) REFERENCES `aspnetusers` (`Id`) ON DELETE CASCADE
) ENGINE=InnoDB DEFAULT CHARSET=utf8mb4 COLLATE=utf8mb4_0900_ai_ci;

-- Dumping data for table amsdev.aspnetuserroles: ~53 rows (approximately)
INSERT INTO `aspnetuserroles` (`UserId`, `RoleId`) VALUES
	('9312f815-133b-45a0-93c3-f7f0e9bb4799', '001dfbd3-4fdb-4672-baa6-3f75d2fd66be'),
	('9312f815-133b-45a0-93c3-f7f0e9bb4799', '07e46dbc-1c23-447a-afc6-4d1838961913'),
	('9312f815-133b-45a0-93c3-f7f0e9bb4799', '10ff0f6f-4a02-4b41-9990-7c387c282f81'),
	('9312f815-133b-45a0-93c3-f7f0e9bb4799', '158e195f-b1b5-46eb-9b1d-7f9f76aeb2a6'),
	('9312f815-133b-45a0-93c3-f7f0e9bb4799', '1a311c68-2f6c-415c-b02f-ed0f12534cc9'),
	('9312f815-133b-45a0-93c3-f7f0e9bb4799', '28736d25-0992-4013-bd82-140dc9ad2e08'),
	('9312f815-133b-45a0-93c3-f7f0e9bb4799', '2f9738c2-db62-44f8-b778-bf743178c9b4'),
	('9312f815-133b-45a0-93c3-f7f0e9bb4799', '3c659bb5-7d7d-46cc-9735-18e7088c4bb6'),
	('9312f815-133b-45a0-93c3-f7f0e9bb4799', '40c2141d-6cc3-41ea-b67b-7859959d457f'),
	('9312f815-133b-45a0-93c3-f7f0e9bb4799', '51af0e1c-7c65-4c53-bb54-9fb85c8f0413'),
	('9312f815-133b-45a0-93c3-f7f0e9bb4799', '5e6facda-120c-4733-baa3-db73a552b4e2'),
	('9312f815-133b-45a0-93c3-f7f0e9bb4799', '5e82b64e-0bb0-423d-8565-ebdde87cb6c5'),
	('9312f815-133b-45a0-93c3-f7f0e9bb4799', '689e29d0-f2fc-4277-b811-2c80a0222b21'),
	('9312f815-133b-45a0-93c3-f7f0e9bb4799', '6f06c70f-3692-4ce9-9414-bbe015a6fa91'),
	('9312f815-133b-45a0-93c3-f7f0e9bb4799', '75a10b71-e39d-494a-ae21-806a5f2670bc'),
	('9312f815-133b-45a0-93c3-f7f0e9bb4799', '7e2ab0ec-5d94-437a-8538-604fd3c63202'),
	('9312f815-133b-45a0-93c3-f7f0e9bb4799', '7e32747b-553c-45ef-a896-7ddd6e5f4ace'),
	('9312f815-133b-45a0-93c3-f7f0e9bb4799', '829e9722-22f0-4e7b-81a6-0d75755cc71f'),
	('9312f815-133b-45a0-93c3-f7f0e9bb4799', '84ff0dbd-625d-42a7-8933-85be592a9415'),
	('9312f815-133b-45a0-93c3-f7f0e9bb4799', '945321a2-3bdf-4983-828f-75bd97939170'),
	('9312f815-133b-45a0-93c3-f7f0e9bb4799', 'a703abf1-fe28-4500-8c48-0d83cd4b183e'),
	('9312f815-133b-45a0-93c3-f7f0e9bb4799', 'b4fb2a9b-1894-4dd3-89f4-032705212f17'),
	('9312f815-133b-45a0-93c3-f7f0e9bb4799', 'b8bc01fa-11e3-4e2e-956e-fbce549c858b'),
	('9312f815-133b-45a0-93c3-f7f0e9bb4799', 'b8d828d4-5e1f-41cf-a991-066c64d6713d'),
	('9312f815-133b-45a0-93c3-f7f0e9bb4799', 'c8aedbf8-6d1f-494e-8c52-3f150f90df8f'),
	('9312f815-133b-45a0-93c3-f7f0e9bb4799', 'ced7b581-d139-490b-b083-5c349ec8d56e'),
	('9312f815-133b-45a0-93c3-f7f0e9bb4799', 'cfc9c794-2a09-4c29-b9e2-048a7bfc8790'),
	('9312f815-133b-45a0-93c3-f7f0e9bb4799', 'd000ca1b-3785-4c41-a7c0-2af982fa4a32'),
	('0569951c-ed00-426c-812e-777ae0d2dcc9', 'df529136-a855-4d2f-ae08-daa8bd1d8b3b'),
	('254428bc-5f01-4626-aed6-d994be07b2f0', 'df529136-a855-4d2f-ae08-daa8bd1d8b3b'),
	('28d3d257-4bf8-4b2f-9124-876c92ac595d', 'df529136-a855-4d2f-ae08-daa8bd1d8b3b'),
	('6a4afb75-5ddd-4449-8288-5eaf416df09a', 'df529136-a855-4d2f-ae08-daa8bd1d8b3b'),
	('74288e9c-0672-44b3-b658-896860032ae6', 'df529136-a855-4d2f-ae08-daa8bd1d8b3b'),
	('884b0db1-8824-438f-9546-bf71c49d4e63', 'df529136-a855-4d2f-ae08-daa8bd1d8b3b'),
	('9312f815-133b-45a0-93c3-f7f0e9bb4799', 'df529136-a855-4d2f-ae08-daa8bd1d8b3b'),
	('a43e0bfe-4318-42f8-ab0f-43a0a785cb68', 'df529136-a855-4d2f-ae08-daa8bd1d8b3b'),
	('c2e307d9-b9ae-4f57-8e18-703c6a758e57', 'df529136-a855-4d2f-ae08-daa8bd1d8b3b'),
	('c31ea14e-f1a8-4cb1-8769-66a4d955796d', 'df529136-a855-4d2f-ae08-daa8bd1d8b3b'),
	('da999d9c-11b0-4119-bb8c-87b646501df5', 'df529136-a855-4d2f-ae08-daa8bd1d8b3b'),
	('0569951c-ed00-426c-812e-777ae0d2dcc9', 'e6f849c3-4ee9-4e17-b2df-68223a318244'),
	('254428bc-5f01-4626-aed6-d994be07b2f0', 'e6f849c3-4ee9-4e17-b2df-68223a318244'),
	('28d3d257-4bf8-4b2f-9124-876c92ac595d', 'e6f849c3-4ee9-4e17-b2df-68223a318244'),
	('6a4afb75-5ddd-4449-8288-5eaf416df09a', 'e6f849c3-4ee9-4e17-b2df-68223a318244'),
	('74288e9c-0672-44b3-b658-896860032ae6', 'e6f849c3-4ee9-4e17-b2df-68223a318244'),
	('884b0db1-8824-438f-9546-bf71c49d4e63', 'e6f849c3-4ee9-4e17-b2df-68223a318244'),
	('9312f815-133b-45a0-93c3-f7f0e9bb4799', 'e6f849c3-4ee9-4e17-b2df-68223a318244'),
	('a43e0bfe-4318-42f8-ab0f-43a0a785cb68', 'e6f849c3-4ee9-4e17-b2df-68223a318244'),
	('c2e307d9-b9ae-4f57-8e18-703c6a758e57', 'e6f849c3-4ee9-4e17-b2df-68223a318244'),
	('c31ea14e-f1a8-4cb1-8769-66a4d955796d', 'e6f849c3-4ee9-4e17-b2df-68223a318244'),
	('da999d9c-11b0-4119-bb8c-87b646501df5', 'e6f849c3-4ee9-4e17-b2df-68223a318244'),
	('9312f815-133b-45a0-93c3-f7f0e9bb4799', 'e92c7f4b-81d5-44ee-97eb-ffd689f7303b'),
	('9312f815-133b-45a0-93c3-f7f0e9bb4799', 'fac9374c-aaed-4ea9-9d2d-037b241dfd1b'),
	('9312f815-133b-45a0-93c3-f7f0e9bb4799', 'fb9989b9-3cb8-438f-a3cf-b91585197502');

-- Dumping structure for table amsdev.aspnetusers
CREATE TABLE IF NOT EXISTS `aspnetusers` (
  `Id` varchar(255) CHARACTER SET utf8mb4 COLLATE utf8mb4_0900_ai_ci NOT NULL,
  `UserName` varchar(256) CHARACTER SET utf8mb4 COLLATE utf8mb4_0900_ai_ci DEFAULT NULL,
  `NormalizedUserName` varchar(256) CHARACTER SET utf8mb4 COLLATE utf8mb4_0900_ai_ci DEFAULT NULL,
  `Email` varchar(256) CHARACTER SET utf8mb4 COLLATE utf8mb4_0900_ai_ci DEFAULT NULL,
  `NormalizedEmail` varchar(256) CHARACTER SET utf8mb4 COLLATE utf8mb4_0900_ai_ci DEFAULT NULL,
  `EmailConfirmed` tinyint(1) NOT NULL,
  `PasswordHash` longtext CHARACTER SET utf8mb4 COLLATE utf8mb4_0900_ai_ci,
  `SecurityStamp` longtext CHARACTER SET utf8mb4 COLLATE utf8mb4_0900_ai_ci,
  `ConcurrencyStamp` longtext CHARACTER SET utf8mb4 COLLATE utf8mb4_0900_ai_ci,
  `PhoneNumber` longtext CHARACTER SET utf8mb4 COLLATE utf8mb4_0900_ai_ci,
  `PhoneNumberConfirmed` tinyint(1) NOT NULL,
  `TwoFactorEnabled` tinyint(1) NOT NULL,
  `LockoutEnd` datetime(6) DEFAULT NULL,
  `LockoutEnabled` tinyint(1) NOT NULL,
  `AccessFailedCount` int NOT NULL,
  PRIMARY KEY (`Id`),
  UNIQUE KEY `UserNameIndex` (`NormalizedUserName`),
  KEY `EmailIndex` (`NormalizedEmail`)
) ENGINE=InnoDB DEFAULT CHARSET=utf8mb4 COLLATE=utf8mb4_0900_ai_ci;

-- Dumping data for table amsdev.aspnetusers: ~10 rows (approximately)
INSERT INTO `aspnetusers` (`Id`, `UserName`, `NormalizedUserName`, `Email`, `NormalizedEmail`, `EmailConfirmed`, `PasswordHash`, `SecurityStamp`, `ConcurrencyStamp`, `PhoneNumber`, `PhoneNumberConfirmed`, `TwoFactorEnabled`, `LockoutEnd`, `LockoutEnabled`, `AccessFailedCount`) VALUES
	('0569951c-ed00-426c-812e-777ae0d2dcc9', 'Employee3@gmail.com', 'EMPLOYEE3@GMAIL.COM', 'Employee3@gmail.com', 'EMPLOYEE3@GMAIL.COM', 1, 'AQAAAAEAACcQAAAAECXXwtxKhD3Sk0t01hOIqxaSI07+onEInKsCbT7kq10VWSwuDYEvQw53KOQSABaxBA==', 'WX25URKW7QVCHKAQ4OJAML64E7HAIOKI', 'bb9fa42a-e627-4e22-9473-57916078d58f', '13326647363', 1, 0, NULL, 0, 0),
	('254428bc-5f01-4626-aed6-d994be07b2f0', 'tech@gmail.com', 'TECH@GMAIL.COM', 'tech@gmail.com', 'TECH@GMAIL.COM', 1, 'AQAAAAEAACcQAAAAEFmcdJMnMAv7f1LaCk0CWgy4D5TSez05jxLw25gjT8m0i3yjMd7XGURCOge55VCLzg==', 'CW6YD5Z4YKEB6VQKTVITJ3T6S2N3ECWG', '18c23bf6-8530-44fb-b73f-623f5cfc4ea9', '00839107061', 1, 0, NULL, 0, 0),
	('28d3d257-4bf8-4b2f-9124-876c92ac595d', 'Employee1@gmail.com', 'EMPLOYEE1@GMAIL.COM', 'Employee1@gmail.com', 'EMPLOYEE1@GMAIL.COM', 1, 'AQAAAAEAACcQAAAAEA0jom/uJUqlHpfeWZLs+NjY/YYiNEXt/1mGgHs+7iszbfcV+QYSPODTwt1WbMiGeA==', '6YHF2LHDIW2C64FX4QA7JWYAZE3GHQMN', 'cf74820a-acb8-40b6-a796-151507a93f6b', '35735777213', 1, 0, NULL, 0, 0),
	('6a4afb75-5ddd-4449-8288-5eaf416df09a', 'finance@gmail.com', 'FINANCE@GMAIL.COM', 'finance@gmail.com', 'FINANCE@GMAIL.COM', 1, 'AQAAAAEAACcQAAAAEL72g4H/xfPoP3hlZHFReSJpPswiIehR6fmMlXqlsrNc/VnpQjcqdG6z05zWuKhq+w==', 'PPV76CNFLI4ZT2VXFMSCYKQKM2SWFHE6', '808b977f-af28-4c4c-9223-b9cb0f54d190', '36417864715', 1, 0, NULL, 0, 0),
	('74288e9c-0672-44b3-b658-896860032ae6', 'Employee2@gmail.com', 'EMPLOYEE2@GMAIL.COM', 'Employee2@gmail.com', 'EMPLOYEE2@GMAIL.COM', 1, 'AQAAAAEAACcQAAAAEFzHKH0mcB6pRUyJv/kLzLKJ+HckLJwSFQtSsDyVT5sTpMZDw2LGHB6n5mcsc0o3Nw==', 'ASUCPJ3ICKUWWLIMAR5P2KZSTZUYMLAL', '0e90aa66-7831-47ba-9165-494ca0780188', '20077399642', 1, 0, NULL, 0, 0),
	('884b0db1-8824-438f-9546-bf71c49d4e63', 'hr@gmail.com', 'HR@GMAIL.COM', 'hr@gmail.com', 'HR@GMAIL.COM', 1, 'AQAAAAEAACcQAAAAEAT9IJetOBTztuIlAFlHjWevG66vBo55jqDzfQJMhLgd/oaJhQ0TJZQ2kLL+sVCvxQ==', 'R53GEMK6XKN6GYVDMOBU3TGMKOAPYCEQ', '52630567-842d-4b16-8699-274ab1eed9ff', '96023913852', 1, 0, NULL, 0, 0),
	('9312f815-133b-45a0-93c3-f7f0e9bb4799', 'admin@gmail.com', 'ADMIN@GMAIL.COM', 'admin@gmail.com', 'ADMIN@GMAIL.COM', 1, 'AQAAAAEAACcQAAAAEOFB8Eq0D4yYhhC3yAfCT8HnzbGB5WXGSxO06Ps6fo5tNLgwG0MCR0YJ7O1In/akrQ==', 'DFT2EXU2MFQJ2WNGDUTSKTVWVKQMJAM6', '667cd13b-4c1b-4074-bfd7-e3c99e2c1589', NULL, 0, 0, NULL, 0, 0),
	('a43e0bfe-4318-42f8-ab0f-43a0a785cb68', 'accountants@gmail.com', 'ACCOUNTANTS@GMAIL.COM', 'accountants@gmail.com', 'ACCOUNTANTS@GMAIL.COM', 1, 'AQAAAAEAACcQAAAAEPMRfvnzR5iIH2eFnaO8JNMmBXA7E7DWCCXwNozk4o9uyk4wsvS9C7r502yVlvrBWw==', 'RFH2Y4NNBKCTQZ4SAJZQZMGMOP3VJSI6', '17fcf586-f9bc-421a-bd8e-acbbe88510b4', '22237537470', 1, 0, NULL, 0, 0),
	('c2e307d9-b9ae-4f57-8e18-703c6a758e57', 'regular@gmail.com', 'REGULAR@GMAIL.COM', 'regular@gmail.com', 'REGULAR@GMAIL.COM', 1, 'AQAAAAEAACcQAAAAEIvZzk6W4zJxEI6kF2u0U+YAnahOHY3S6tZany6UePAr35o0f8AyPj8t2AoccR8UFQ==', 'U2POYRYDXVKV5W5YOSSOV447BZGETE6D', 'cc3ee336-4587-4324-8c9a-2d809cf8eff4', '05180365755', 1, 0, NULL, 0, 0),
	('c31ea14e-f1a8-4cb1-8769-66a4d955796d', 'Employee4@gmail.com', 'EMPLOYEE4@GMAIL.COM', 'Employee4@gmail.com', 'EMPLOYEE4@GMAIL.COM', 1, 'AQAAAAEAACcQAAAAECq4HdCT+EOWUvwZQ2D2IkwsfQHg79ZCZpGt+3IoBLfJaE3GJUWNVKWEHPlZigp2vg==', '7JV2F72I7ZC7V2Q6ADFGI42A7W4UX7BO', '45166816-a461-4a67-9ec5-1cdd6c7e09e5', '08063563212', 1, 0, NULL, 0, 0),
	('da999d9c-11b0-4119-bb8c-87b646501df5', 'Employee5@gmail.com', 'EMPLOYEE5@GMAIL.COM', 'Employee5@gmail.com', 'EMPLOYEE5@GMAIL.COM', 1, 'AQAAAAEAACcQAAAAEOuOrlvKkCdWOcfG7Q4EaQhFRtgYnYeSGPruJ6eSaThzuvaJg1LIdf07Z8ldM9YMbA==', 'I7VUSECXPHTLG2RTAMS2BXXLEI7EQURT', '2d962bf2-67ee-46b7-8b38-c25c778d4c31', '71370182998', 1, 0, NULL, 0, 0);

-- Dumping structure for table amsdev.aspnetusertokens
CREATE TABLE IF NOT EXISTS `aspnetusertokens` (
  `UserId` varchar(255) CHARACTER SET utf8mb4 COLLATE utf8mb4_0900_ai_ci NOT NULL,
  `LoginProvider` varchar(255) CHARACTER SET utf8mb4 COLLATE utf8mb4_0900_ai_ci NOT NULL,
  `Name` varchar(255) CHARACTER SET utf8mb4 COLLATE utf8mb4_0900_ai_ci NOT NULL,
  `Value` longtext CHARACTER SET utf8mb4 COLLATE utf8mb4_0900_ai_ci,
  PRIMARY KEY (`UserId`,`LoginProvider`,`Name`),
  CONSTRAINT `FK_AspNetUserTokens_AspNetUsers_UserId` FOREIGN KEY (`UserId`) REFERENCES `aspnetusers` (`Id`) ON DELETE CASCADE
) ENGINE=InnoDB DEFAULT CHARSET=utf8mb4 COLLATE=utf8mb4_0900_ai_ci;

-- Dumping data for table amsdev.aspnetusertokens: ~0 rows (approximately)

-- Dumping structure for table amsdev.asset
CREATE TABLE IF NOT EXISTS `asset` (
  `Id` bigint NOT NULL AUTO_INCREMENT,
  `AssetId` longtext CHARACTER SET utf8mb4 COLLATE utf8mb4_0900_ai_ci,
  `AssetModelNo` longtext CHARACTER SET utf8mb4 COLLATE utf8mb4_0900_ai_ci,
  `Name` longtext CHARACTER SET utf8mb4 COLLATE utf8mb4_0900_ai_ci,
  `Description` longtext CHARACTER SET utf8mb4 COLLATE utf8mb4_0900_ai_ci,
  `Category` int NOT NULL,
  `SubCategory` int NOT NULL,
  `Quantity` int DEFAULT NULL,
  `UnitPrice` double DEFAULT NULL,
  `Supplier` int NOT NULL,
  `Location` longtext CHARACTER SET utf8mb4 COLLATE utf8mb4_0900_ai_ci,
  `Department` int NOT NULL,
  `SubDepartment` int NOT NULL,
  `WarranetyInMonth` int DEFAULT NULL,
  `DepreciationInMonth` int DEFAULT NULL,
  `ImageURL` longtext CHARACTER SET utf8mb4 COLLATE utf8mb4_0900_ai_ci,
  `PurchaseReceipt` longtext CHARACTER SET utf8mb4 COLLATE utf8mb4_0900_ai_ci,
  `DateOfPurchase` datetime(6) NOT NULL,
  `DateOfManufacture` datetime(6) NOT NULL,
  `YearOfValuation` datetime(6) NOT NULL,
  `AssignEmployeeId` bigint NOT NULL,
  `AssetStatus` int NOT NULL,
  `IsAvilable` tinyint(1) NOT NULL,
  `Note` longtext CHARACTER SET utf8mb4 COLLATE utf8mb4_0900_ai_ci,
  `Barcode` longtext CHARACTER SET utf8mb4 COLLATE utf8mb4_0900_ai_ci,
  `QRCode` longtext CHARACTER SET utf8mb4 COLLATE utf8mb4_0900_ai_ci,
  `QRCodeImage` longtext CHARACTER SET utf8mb4 COLLATE utf8mb4_0900_ai_ci,
  `CreatedDate` datetime(6) NOT NULL,
  `ModifiedDate` datetime(6) NOT NULL,
  `CreatedBy` longtext CHARACTER SET utf8mb4 COLLATE utf8mb4_0900_ai_ci,
  `ModifiedBy` longtext CHARACTER SET utf8mb4 COLLATE utf8mb4_0900_ai_ci,
  `Cancelled` tinyint(1) NOT NULL,
  PRIMARY KEY (`Id`)
) ENGINE=InnoDB AUTO_INCREMENT=12 DEFAULT CHARSET=utf8mb4 COLLATE=utf8mb4_0900_ai_ci;

-- Dumping data for table amsdev.asset: ~11 rows (approximately)
INSERT INTO `asset` (`Id`, `AssetId`, `AssetModelNo`, `Name`, `Description`, `Category`, `SubCategory`, `Quantity`, `UnitPrice`, `Supplier`, `Location`, `Department`, `SubDepartment`, `WarranetyInMonth`, `DepreciationInMonth`, `ImageURL`, `PurchaseReceipt`, `DateOfPurchase`, `DateOfManufacture`, `YearOfValuation`, `AssignEmployeeId`, `AssetStatus`, `IsAvilable`, `Note`, `Barcode`, `QRCode`, `QRCodeImage`, `CreatedDate`, `ModifiedDate`, `CreatedBy`, `ModifiedBy`, `Cancelled`) VALUES
	(1, 'ID-570346', 'HPLaptop101', 'HP Laptop 101', NULL, 1, 0, NULL, 2500, 0, NULL, 0, 0, NULL, NULL, '/images/DefaultAsset/HP_Laptop.jpg', NULL, '2023-02-12 16:53:50.557913', '2022-07-12 16:53:50.558088', '0001-01-01 00:00:00.000000', 0, 1, 0, NULL, 'data:image/png;base64,iVBORw0KGgoAAAANSUhEUgAAATYAAACOCAYAAAC7UiQFAAAAAXNSR0IArs4c6QAAFTpJREFUeF7tXWnoddMb3a9Z+MCrRImUjGX6YIzwQT6YZR5eJUIZI2NISiTzPMusFJmFiA8KxQdD+KAMSRSSIXq1973n/u85dz93rWefc9/u/9z1K4Xfufvss/bzrGetZ+9zf0uWL1++POhHCAgBIdAjBJaI2Hq0mnoUISAEEgIiNgWCEBACvUNAxNa7JdUDCQEhIGJTDAgBIdA7BERsvVtSPZAQEAIiNsWAEBACvUNAxNa7JdUDCQEhIGJTDAgBIdA7BERsvVtSPZAQEAI0sS1ZsqSGVvXCQvX/my8wWP+/Cbk1rnWd9aJE835ovs3xveM2n98az/t81Tjs+NX17Do058Pej70OxQHCA82v+bzNeVl4oPhg18/CwVovhIdFQWi+bcdF8Y/yx7q/tR7WurXF08SPffOg9EHRG1so0FHiokAuTUg0Lks83ucrna+Irf5moEUMaN28+M+agGZFmCK2IQIitkHioEBGiYGUIfo8q1AQMXsVSlfzQkQvxTZAGsWZFJul1Yb4SbENgECEY1lvlIgokS2JjpQFG9goQVjCYq9D80J4IDwRXojQEa7e50T4IjxMKzVs/Uix5Vtg02nN8a6oFJsU23gB8BKQN0FLrZKIbfqX9XjXzSJ69djAtyKhCm4FajPw2crJLmzbBGETGSkQdr7qsanHNs15WHGGWhsitgaBWYlmEZIFsIitLsVRICLrg4jS+r3XoqHCgJ5Dim2w7myBLM03dh3YUxBsHlvrywoUWdEhAqi3oh5b3WpbgePF0RuoiHiRwkWEiubvJfDS52NPC4jY1GOjKhybOG0ThA1IlKjsfGVFZUVlRf9XjnVAt6Ho2N4dqvwitgGSpYpGVlRWdDx+kMWdyFsd9xhAIisqKzqeHN7CxRYyby9sVuOWFg7kDBABIQfiLYRWy0SKTYptqoVHTV42QbwJyo5rJZKVIIiw1GOrK20LDx330HGPWo4iZehNLKsXiHqEXsLqal7oeA+q6M3nErHlLb+pZBrvfCP8RGw67pElMJTIKFG9ia7jHvlERxbHS/TsmyhoPRABeZUuu9taqohlRRuvhKAFZL05UjwoEFiiQIoHWRo0jyYe6M0ONhBRIqHn1zm2AdLe9WXXWz226ecyUQFCxD3KW20e1APZIhy2QiPLhogZfR5ZBxGbFJslIuL/R4WNdRDqsanHlrWoUmz5gtI28doqbW9h8SoMKTYptlruo4BgA4xNnLYJwloTtkLKiuYP4LIKFsWHemwcvuqxqceWckWbB2UHTVkiF7HlrbdlR9nCjnq+sqKyorKiBS9zi9jKCgJqrovYGpFVyuBeoFFznf09mi9KHFnRfM1ndwsRfkhpofVBSlgHdPPrJ2ITsdWspHZF681+b4KwPUfvuIggveumzYO6tbXwkBWVFZUVlRUdxQDaBGurdL0OCRUGEZvePMgSGLJMzUD2KgYrEdgEYe/HXuc9R4cqvzfx0HMjK+19TrTbivDIG8byb0URsQ0Vpw7o1i1WM9BKezWs9RKxTT9mIGLLf+tKW8Is7WHquIeOe9R6dFaCithEbDnVNmslKGIbIoB2GbuqIOyuJ6usvNaCHRdZGim2oSUo/DNypYknK6q/UhVjQN/HNswEllBRJUVEiu6DPo+sGSowaNdRL8HXWxMsXmwh0+aBXqmqFW0UEIhwWIUlxZYPvK4IF22mICJB1l2KTYpNim2MxZCS8p6HYis4SlRvokuxTbfAqMB5CZwtqBbh5vprKTELLbx2RYfrr13RuvWQYpNiizGACJAtdKjQiNjy1t8rDCbyVsQmYmMS2atkkCVEvcJmoKLzbohAkAKy7ocUMxoXzUvEJmJLCHgtY2lCosT0VnQrkWVFddwjR26zJszSwqFzbDrHlmIHNctFbCI2Eduk9ZcVHUYFW+GQtVCPTT02xpqrx8Z9MaWVT8j6i9hEbDVliHo6iNh1ji3f8+kqEdGxJdQCQb1J7YoOENIB3WGkeHt36rFNP2jZNkFLe0DovmjdvD1Z1ilY88rZ0PEWBqtcvIRZiq96bOqxqcfW4jxWaeKJ2HRAV4ptLHuk2PLfIoEsGEtAXuXBjstaM6SsSp8TjYtaA1JseevPxouJn86x1YFtAqWvLaojgqwcSmS0S4x6gE1FJmIb9pQKHRLCz7Lm3nOF1rqh8VG8iNiGX4TJJk5bS+OtONYCsvNFvQ+WkLR5kFcQSNGx6+3thc1q3FJFjOLMIkoRm/FV4iggWEvAEoWILV8LWYJE+LFKgb2OVYpo/paCELHVWxVSbPqbB7WcQL08b2JZBMISC3s/9jqWYFjCYq9j7yti8+1mI6vItgak2KTYUgygBESJLGLL/11OhKuXwFmngApQUxHOelxZ0SECqAfEJpq1gKw3R4oH9SRkRbkv+ssb0faEi5rB7Pqw4zTjQcQmxVaLbRFbvseAEhElIJLyaHykBFDlZxUKex0qcAgP7/Miqypiq5eotvhq86Bw+5lVZKXSnV1YZOVQ5UfKkVWu7HxRwJXO17IspfMSsdUtsqWMUUFCBQSNKysqK5rteZUSBSLurpQRImYvYXU1LxGbiC1HuqyytvJnQijogO4AEkQ4LPCIANB90OdZ6yVi0+ZBjkC8StuKRx330HGPWnyJ2OrNa5QgiMjR770FyVtYZm0Z2ZYGOufZLHSyorKisqJjWcBacFYxitjy3bBZE6aITcQmYhOxTbAPqwTbNvml2KYr/HxZ0PexjXBBFpENZGRl0H3Q51nrxSom9n7sdSiRtXmgzYMcGbH5pc2D4XGT0oRExMBaMpTIVu+DHd+aJ5q/ZUWs5nIpjqWWqtQqoedGuHqfs/T5UILOetxSfNGxIqvwWnFu4c0qVSk2fbtHigG0KyZiG6QKIsBSheFt8rMJ7h1XxDZEQG8e6M0DT8Ij5YQsdWniofsiwpJiGyBQmu9SbIAwm4GNKhIr3ZFiQfdF90GJoR6bjnuMFwjTSjXe3EEtDZQfrBW0rrMUKrreyiercKH8QhZ+NB8d0K1bDxGb/vyeR5l6E9FLQLKi2hWd2htBFgQpKbanIsWW/3uT3gSVFc2/OYEsPFI0rGORFTVedvdWJtabewkIEY33vqhCo/uh+aPPewO77XyRZWAJSMRW712xBOTFjR2XXTcrHq1jPWw+obhin9u08rKisqKM9eqKcNleUWniNXs+XqXtfU5UONC5PjMx1WNL0KB4EbHpuEc2UNhEZq9DiYwCta1VErHp74omQpRik2KTYpus+2xPVoqtbrFlRYcIoApuVeBmKLIBxiqCtpXf2yNAzVrWmnkVE6vE2Ou890e9GitRUNxY8YAIy/ucbNyxcYziDuGhHtuQaKXYpNik2KTYUIHRObaGEvNWELRryP6+rQJClRNVfim2ukVh8WAVtRTb9GM1ZlO98Q41UoCWgmWJ0HJWlgPxKmDzOaXYpNik2KTYWKKyjnGhQtMUCiI2UgGyTM8qAim2fC1klSrCj1UK7HVsbw/NXz22utKWYmt8BbgO6NZfmrcS1KpkKAFRIrPEwiYyex2aF6rsbOFhx9E5tnqBaouvFJv+/F6KKJSAIrZ8r8iyKggvROioYHgJnHUK1rzMHpEO6Lryp4mjzrENEfFuSqAEYZvlKFG9FdarmNhEZq/z3h/1dmRFOeVf6pC8+EqxSbG5Kk7bXVwUcKVEbCmnUsJFCtY7LkpMWVFZUUsVT01QNqGQ5GZ7UF5lVao02loaKbYBgqVWTVZU3+7haeXIipLneERs+VLEKj+EH1JaIjYRm4jNoQxYq4MSk01wZL3UY9PmQa6ElCpd74F4tsDozYMhUqXNTNZqTkhPchdJxJb/hlxE1KWWvjRBpdik2KTYpNgmellIcXo3BURsdcTYTQm0S4x6z2yvtlRISLGBv9PZdgG1eZD/bndWYbKbOGg86/ciNhFbbjMItVIsZ4UKK0voZmHQu6IDaFgLjKwVIgB0H/R5VGFRgRGx5c+FoURDv2cT0ausZjVuqdVHBZQVKF3hKWLTN+imGBCxidhyZIAOSmvzYIiatzKxTI8UD6pwKLEt6cz2VJDiQvNHn5diGyCAdpstZd31JglS8EhBm4qD3AxrWkHtig7jQ1ZUVnTciqvHVo8HVAhFbFyhaRKwrCipANkAQ4EqxaY/mMwQPavgpdjqGYXyj81jS+mOCFSKTYqNSeSuLDJrIa2KblV+RCAoYZCCQL9HLZBSyzircUvx1eaBXoKnekEoUVGFQwnDJnTXvSdrXiK2+sFb9djy1p8ldBM/KTYpNim2yfRARC8rOv1VOHaTzHICIjajB2cpA1YBIcXhDfzmAlq9vK4sH5o/slZWJWSfm70/OmZg4cYqP5aAvHiw4yKLLMUmxZYQQJUAMb2ITe+KxjjqavcXWX0RW526Uf558ZQV1QHdbM+PVYjsdSiRWaVlKSjUk0RKESlO73N6E9F7vhMVaut5kRIsxVebB9o8yBIJUpzexEKBjRKPvR97nYgt/84vWierNSFim46nFJsUmxTbWCtDVrROCajXafUUWQVtXWcVTJbQRWwiNhGbiA2+K4yISlZUVlRW1PE9eWxFR4mnHlv9GIZlcdVjGyKAjk+g3grbzEQ9KPb3aL5oYdsmiFdKt50vqqSoaY5+rx5b3rqhHmbbvGDjyLspgeIfxSNrXb3E6sVTVlRWVFZUVlRWFDEt20y0FBZrKdjdJJbp0TkadncKKRy20iIc2PlKseVPwrMHaS0Fg/Bn446NY+QUmsq5dFwpNlnRhIA3QURsg8ApTfzSxEPEgAqS13KXPh9b8Nk4khWtR8wSvSs6AMTbu0MJwgakFJv+/F6uTzRrwiwtHMgZWIrSinOrkHjzZ8JpidhEbDlFmks25jrULNebB/p2j1xssY4IKd0RgYrYRGwMYXktGrKEVmVHPS2kcNF9kdL2PueslRWrXGRFC62oVcH1/4WAEBAC84YA3WObt4lrPkJACAgBCwERm2JDCAiB3iEgYuvdkuqBhIAQELEpBoSAEOgdAiK23i2pHkgICAERm2JACAiB3iEgYuvdkuqBhIAQELEpBoSAEOgdAiK2OVzSd999N+yxxx7mzN55552w++67h88//zwceeSR4aOPPjKv3W677cKTTz4ZNt5443DWWWelf3/ppZfS56uf119/PRxyyCFht912C48++mhYunRp+Omnn8Kxxx4bXnnllYmxTz311HDDDTeENddcc/S7H3/8Mdx3333hwQcfTPPad999w+mnnx4OPPDAsMoqq4yum9W48QY///xzuPvuu0dz2GuvvUKc66GHHhpWX331OVxpTWlWCIjYZoVsi3FnQWzrr79+IqqPP/44Ec4ll1ySvnnj33//DVdeeWW46qqrwn777VdEbJ9++mk46aSTwnvvvTfx1DfeeGM488wzR9/y4SE2z7g//PBDIrFnn312Yg7XXHNNOO+882oE22J59NH/AwREbHO+SBXJVSpt2nSnXVsRyvbbbx+++uqrpGzWXXfd8P3334czzjgjKbqotJqK7fjjj0+EOO0nksq1114bDj744LDrrruGlVZaKbzxxhvh5JNPDptvvnl4+OGHw4YbbpiGqObR5bjxfcqoIK+44opw/fXXh+OOOy6pyfhsl19+eYjYPf3002GbbbaZ89XW9LpCQMTWFZIzGqdrYouq5qGHHgqXXXZZ2GmnnUK0oc8//3zYdtttwyOPPJKIbaONNnIRUO7RoxKM93jxxReT/d1iiy3cxMaO+8svvyQSjfOOBDtuOyu7fu6554YTTjhhNORff/0VnnnmmXDTTTclpbnzzjuHE088MV2z1lpr1W7tuXZGYaBhnQiI2JyArejLuyK2L7/8Mhx11FEpkd98882UvNEiRhsaVVy0qvG/KxLyKKtpBPTWW2+Fxx57LGyyySadEtv4uNVcd9xxx2SpV1555dGUqt/FnmIk2vjzzz//JGV34YUXTkw92vRIjhW5ea5d0bGh+9kIiNjmPDq6IrZKudx2223hzz//TPYwWrfqn++++y5Z0iaxVZsH6623XtpcOProo8NBBx00oWqaMH777bch2s1INldfffVIRTV7bF2M+8cff4RzzjknvPzyy+GWW24J+++/f7LDcQ5RnUabGkk9ktkaa6wR3n777fTfp5xyStpQiZb8119/Tfb8uuuuS0QcNz/ij+faOQ+lhZqeiG3Ol3sWxLbZZpuFs88+O+yzzz7hs88+C7G5/v77708ltnGYmqqmCWFUOXHMaHEfeOCBsNVWW00oqNxua5txo4KLVvLrr7/OrmgkvjinVVddNRHthx9+mHZxI6lVP3Fn95hjjkm4XHTRRelbldlr5zyMFm56IrY5X/KuiC3uhh5++OGJaHbZZZdkQe+9995w6623puMQ8T5R6bz66qvp982fv//+O3zyySfh0ksvDS+88ELafYxHOXKkFhXSPffck/6JRy6m/XQ1biShqK7iLmzsG0YCi8oybmjcfPPNaR7Rilbq7q677jKnVZFg7BPGf2euXW211eY8khZreiK2OV/vrogtjnPaaaeFp556Kmy55ZbhtddeC+eff/7IerL3ieQRSSJuNDR3SyNpxP5UJM/7778/7L333uafe2vCPqtxKwseFVg88ydim/OA72h6IraOgJzVMCzhxPtPuzb+bryH1pwve5+4k3jYYYeFJ554IhFF9fPbb7+ls3HPPfdc6mshpda8/yzGrRr/jz/++IjAq93ab775JsR+4zrrrGMunefaWa2/xi1DQMRWhtsK+xRLOG2J7YMPPggHHHBAIqw999xz4vl+//33dDYt2rm11147KbZNN900XRdP/Mcdxqi6YgM+93kLsFmMG1XZF198Ee68885wxx13JBUZj3tUu6WRRJctW5aIOPblNthgA1NZeq5dYUGhG0EERGwQohV/AfvmgUd1xfNpccdv/EzZ+OcryxbtabSY1hziebQmecWx46FY62f8FaxZjWu9XnbxxReH+M/42bRIphdccEG4/fbbs1MePwztuXbFR4ruaCEgYpvD2JhHYtthhx3CEUcckRRO9RZBBV0bYutq3HFii2PG/l58zWvrrbdORz+aP5Gw4pGXSPRxR3X8p/mWh+faOQynhZySiG0hl10PLQT6jYCIrd/rq6cTAguJgIhtIZddDy0E+o2AiK3f66unEwILiYCIbSGXXQ8tBPqNgIit3+urpxMCC4mAiG0hl10PLQT6jYCIrd/rq6cTAguJgIhtIZddDy0E+o2AiK3f66unEwILicB/DtqTcjMsK+wAAAAASUVORK5CYII=', 'ID-570346', 'data:image/png;base64,iVBORw0KGgoAAAANSUhEUgAAALQAAAC0CAYAAAA9zQYyAAAAAXNSR0IArs4c6QAACr5JREFUeF7tncFy6zgMBJ3//+hsWXnHiONq7FBy3L7KIMFhAwQpWf56PB7fjz/w+f4+H8bX11dlhKs+Vx2u/KFtPvuj7bb0qYgeGn3OtEBD5Sl8FLzkJm1XoJOyF1w3Q5uhj1XKDM2jzwzNtWtZCvRAWYEeiFcyFeiBsAI9EK9kKtADYQV6IF7JdAk0nbCSr/hYivoz2f3TTepE88Ypx8Qfqjs98oybwncaTMNXgX48GrpOQE9zYoZeqJvEW02MGXqC7bltmhOBFujtpdwEdYEeqJfEM0MPxIWmaU7M0GZoMzQMrrEZ3cXTjlM2MENTZbldmhOcoVPDxOW0o6ZAU7s0BqoB3TAmf5J+Z/ZUHzr+yThSnwK9eOw0CZ/EPbMX6LWyE30EWqBxDU0DOiUKgX4+Mggf8KfL9HFXCv5wgPo6AYHefWv52th/jO4U0smkA0kAUeEF+n7PUdO5FOiQ2VNGpEE9mbBJQnBTCJfxBALZLJmhs6p0tfGUY1A/TjIMFZ7Wjxkh9g2aoROwVJ+GHVPmx4rq8zElh0BzSCZwUagnfX7EsZ1AC/Q49ZPobC2pAi3QAk0i8kUbuqS2At4a2k3hi+j+/jWBXstH9XFTWArMRDudMDN0vjv7EZvC1pLaAjMFxM4bJHSMdAwe2/1TjgpP7SbCp0xLYWgE7kQfOo5Jn2bowd1QKrxAW0MfCtwtAwn0/tcUp+dnzNBm6EqioOXGpJT7mFOORmafCG/JYclhyfFCymsELi2rXnD39CuTPnHJMXGY2tIJo/1N7Bq+pvpx5S+FpLWaUG2TBgJNlQ12At0RVqA7usZWBTpKhL4g0Ei2uZFAzzX8rQWB7ugaWxXoKBH6gkAj2eZGAj3X0Azd0RC1KtBItmhkho4Sdb4g0Pt1ffb48X8aRM9nn+JR24bdMZmLNznRPjtY9loV6Js9y0GhFOifIBFogcbv6OvlWd6yQAu0QPP46VnSGpHaWUP35nLSshnaDG2GnkRQy5ZmWmpnhm7N5Kzdr++7PR84G8+v1ukw/qzLiTST04qCBB/TpEAvplqg3y8OBFqg34/ahccCLdAC/W4KWEO/24xxf83QZmhOzw0tBVqgb4gld+lWQNPSIJ0JU3mSP/QMm56eJH9W42z4mvy5ok+BXu2Ywx9rNiZsBWUCSKAfD4EW6Npz1I2AT0Et0AIt0LQmTXYp+uiSmvo9u578aWQgSw7+S6CndmZoM7QZmma8ZJcyohmav4+5sZqk+bqiT/xuO/o0WRKhAS31dRKAV0xmo89WCZS0pdcFevGAfxKVBkrDLp3F0z4FevDz/gRQ44YEbfPYgBReG0CzrED/0GOGNkMv3y9ihjZDHwzQTEvtWn0K9GAyLTl4IAi0JUfMpCnArKH5MWLSll7fXkNTRyebMNpnOmKk5QHdiLb8ofqkcTQCPvkq0AuFWgAlEM5cavmTIDm7nsYh0EFZKhCdsBZACQSB5qWMGdoMTeM9HvfRBJQSyfLk5XkoQZYU6ixWb3Ajg/aZhLWGPkXn5yZH4cZTmksztBk6MXJ6PZVOAm0NvVSgtWJQogWaKvfPjkY87bYFUALBTeFgU7h6WeNugCh4qV5btUvhmvRJ/ZkE2HIjVap1qbYT7pa/WJk0PIGT2KbJJhvf5AftU6DXyk64E+jS03YpGEiApQDanRHv5s+xalpyrI+e6FIt0OsHraiuKWgF2gxdOy9O8JHNb2pToAVaoJ+RlSKFLrnULtVzpGZNvtA+3RTecFOYJnv39d23odP46E6d2k38oQE26ZPOV+yTbgpTw7uvU4FaKw0Fk9olvelqMtGHjoX6OjrlSALuvi7QfBk3Q++m9YX+BFqgzdDFzW1juW0t/2boFzLm7q+Yoc3QZmgzdMw7rVWBJqDkMP7zeurQRKDVYOjOmI4jCUuXcVqqTPxp9UnnZDSW1U+w/sqkNMYxEZ0G0RXJYNKnQA8ooeJRuAauVl4TNvHHDD143dck4i05+JOBVLvJfNEkMwpOS45zSFoTQleFCVwCHcLknSbFGpof6U2CqJUQlsFphjZDf0wNTaPzbgLRcaRa7ooMlHwi1//KanvcWKFvTnqnmkyg15gLdEgDZmiSJ6+zEWiBPhSw5Nh/jJjC3pIjKbS4LtACPfotIgXIGtoa+lCAgmANPUj7F5haQ5dq6JSBaYC1GGkFLvW34U+ak7vdtLpVDZ3EE+j9d/zSnAj04sUuSTyBFui0epmhk0LwlOOK4LPkuNmdQjP0ILoG/2lC7/omb+lmM7W79PdOt74FejKV/E96BNpTjnin0JJj9r/lNLStoalypSV+4A5+i6gZujSZqeTYfUSUsmxjE9aCaxIo1JbW0NTu6SfO0I3JFGh+LEeha9pRMKmdQIfZNEPPcKdgUjuBFugZsQP96AqfVnFLjsWkmKFnvNNMS+3M0IMMc4gH/7CSYpKyE223ZUfBpHYCLdAtlo92KZjU7gB69ZcU1dFubJxm0pQRqfCplKHS0HE2+hNoquoLdnSiBXp2jNgI+DQnZujS46w0iF6Iz9Ov7O4zwSXQk9lc2NKJvmLCJhLQcdI+r9An9WmGNkNTnuNrHMzQWFpe61HRW5ueiQRmaE858NGSQOcX7dBkQe3iOfQkW+y2bR2FrcaR6rkzW+or7a8VfBN/VroK9OAdIpPAoxMq0GvVBVqgY1xSSKhddGjxhUmf+G/dJg43bGnWm/hihn7i8/9/BNoMHamikFC76JAZmtddE3HdFL7PX3Z4yjEk3ZLjzUqOK+pSmhGvWBobR0+tcTTmMgV0o8+Ug/AvVlLDjev0TlgSvuErBZPapTE04Eq6NvpM4xTopBC8TsGkdsnNBlwCnVQP183QvGYV6IuOwqyhO6cKAi3Qo/WElg7ULjkr0AKdGFlep2BSu+SsQA9+tZvEPbueRKc1dKOMSWNMGyaqAR1L8rdxnQZn4mCpAX0/NJ0wenZ73AUqvAej0WbydaKBQK9DDx/bCXQQdhF8At1JTkciMUOfH4WNlj6Bxr8GGuku0ALdqJ+fbVpDL36BnepSGtXW0C2cBTr+FXMDvkabKfisoa2hDwYa8DXaTL4KdGcu3RQOV1t60nNJbQmPPCcBv1sfgRboQ4FWgAn0BZvCCdO7J4xufFMJJNChnqWQpAmbLH/Up8aduRZA1NeWP7sD3pJjSPnuCUsBL9DeKRwhLdDnz26nMoee9CTNP/7W94ToJO5Z260l3gxthq6cbafs1AKa7jGoXUoGjXZTEvn4DN0QXaB/UG9oK9AhjTREn0zmxB9qS+3M0EGBtItvCN9oU6DN0PGO1QSSxmaplZ0mAUZtqV1LAzpfnkOX6rxJ8E3gorbUTqAtOeJKNIGL2lK7PwV0Gkzjekv4M1/TjpreHJgsqXfqM+15djMwKjkazqY2BXqtEAWMBi7tL83zJODxOfTEKWor0AKdgk+gF4wk8e60/D99oRmTjpP2RxNa2mxbcgRl6URfAdcVfQr0JDSLR2xuCtlregVaoKMC77QqvB3QUf0bfeEKcSe78TNb+iRemopGu1dongLeP95MJMDrSXiBZsImXQWa6RqtkvACHSX89QtJV4FmukarJLxARwkFmknUsRLoa3Q1Q3d0X/5aY9VlY/OWzqgbwVeSNeoq0CXlG5DQNgW6NMnNZq84QvLYbv0ag8Z8p6D+D86fbXwPq4y2AAAAAElFTkSuQmCC', '2023-02-12 16:53:50.560723', '2023-02-12 16:53:50.560725', 'Admin', 'Admin', 0),
	(2, 'ID-899483', 'HPLaptop102', 'HP Laptop 102', NULL, 1, 0, NULL, 2500, 0, NULL, 0, 0, NULL, NULL, '/images/DefaultAsset/HP_Laptop.jpg', NULL, '2023-02-12 16:53:50.558891', '2022-07-12 16:53:50.558893', '0001-01-01 00:00:00.000000', 0, 1, 0, NULL, 'data:image/png;base64,iVBORw0KGgoAAAANSUhEUgAAATYAAACOCAYAAAC7UiQFAAAAAXNSR0IArs4c6QAAFTpJREFUeF7tXWnoddMb3a9Z+MCrRImUjGX6YIzwQT6YZR5eJUIZI2NISiTzPMusFJmFiA8KxQdD+KAMSRSSIXq1973n/u85dz93rWefc9/u/9z1K4Xfufvss/bzrGetZ+9zf0uWL1++POhHCAgBIdAjBJaI2Hq0mnoUISAEEgIiNgWCEBACvUNAxNa7JdUDCQEhIGJTDAgBIdA7BERsvVtSPZAQEAIiNsWAEBACvUNAxNa7JdUDCQEhIGJTDAgBIdA7BERsvVtSPZAQEAI0sS1ZsqSGVvXCQvX/my8wWP+/Cbk1rnWd9aJE835ovs3xveM2n98az/t81Tjs+NX17Do058Pej70OxQHCA82v+bzNeVl4oPhg18/CwVovhIdFQWi+bcdF8Y/yx7q/tR7WurXF08SPffOg9EHRG1so0FHiokAuTUg0Lks83ucrna+Irf5moEUMaN28+M+agGZFmCK2IQIitkHioEBGiYGUIfo8q1AQMXsVSlfzQkQvxTZAGsWZFJul1Yb4SbENgECEY1lvlIgokS2JjpQFG9goQVjCYq9D80J4IDwRXojQEa7e50T4IjxMKzVs/Uix5Vtg02nN8a6oFJsU23gB8BKQN0FLrZKIbfqX9XjXzSJ69djAtyKhCm4FajPw2crJLmzbBGETGSkQdr7qsanHNs15WHGGWhsitgaBWYlmEZIFsIitLsVRICLrg4jS+r3XoqHCgJ5Dim2w7myBLM03dh3YUxBsHlvrywoUWdEhAqi3oh5b3WpbgePF0RuoiHiRwkWEiubvJfDS52NPC4jY1GOjKhybOG0ThA1IlKjsfGVFZUVlRf9XjnVAt6Ho2N4dqvwitgGSpYpGVlRWdDx+kMWdyFsd9xhAIisqKzqeHN7CxRYyby9sVuOWFg7kDBABIQfiLYRWy0SKTYptqoVHTV42QbwJyo5rJZKVIIiw1GOrK20LDx330HGPWo4iZehNLKsXiHqEXsLqal7oeA+q6M3nErHlLb+pZBrvfCP8RGw67pElMJTIKFG9ia7jHvlERxbHS/TsmyhoPRABeZUuu9taqohlRRuvhKAFZL05UjwoEFiiQIoHWRo0jyYe6M0ONhBRIqHn1zm2AdLe9WXXWz226ecyUQFCxD3KW20e1APZIhy2QiPLhogZfR5ZBxGbFJslIuL/R4WNdRDqsanHlrWoUmz5gtI28doqbW9h8SoMKTYptlruo4BgA4xNnLYJwloTtkLKiuYP4LIKFsWHemwcvuqxqceWckWbB2UHTVkiF7HlrbdlR9nCjnq+sqKyorKiBS9zi9jKCgJqrovYGpFVyuBeoFFznf09mi9KHFnRfM1ndwsRfkhpofVBSlgHdPPrJ2ITsdWspHZF681+b4KwPUfvuIggveumzYO6tbXwkBWVFZUVlRUdxQDaBGurdL0OCRUGEZvePMgSGLJMzUD2KgYrEdgEYe/HXuc9R4cqvzfx0HMjK+19TrTbivDIG8byb0URsQ0Vpw7o1i1WM9BKezWs9RKxTT9mIGLLf+tKW8Is7WHquIeOe9R6dFaCithEbDnVNmslKGIbIoB2GbuqIOyuJ6usvNaCHRdZGim2oSUo/DNypYknK6q/UhVjQN/HNswEllBRJUVEiu6DPo+sGSowaNdRL8HXWxMsXmwh0+aBXqmqFW0UEIhwWIUlxZYPvK4IF22mICJB1l2KTYpNim2MxZCS8p6HYis4SlRvokuxTbfAqMB5CZwtqBbh5vprKTELLbx2RYfrr13RuvWQYpNiizGACJAtdKjQiNjy1t8rDCbyVsQmYmMS2atkkCVEvcJmoKLzbohAkAKy7ocUMxoXzUvEJmJLCHgtY2lCosT0VnQrkWVFddwjR26zJszSwqFzbDrHlmIHNctFbCI2Eduk9ZcVHUYFW+GQtVCPTT02xpqrx8Z9MaWVT8j6i9hEbDVliHo6iNh1ji3f8+kqEdGxJdQCQb1J7YoOENIB3WGkeHt36rFNP2jZNkFLe0DovmjdvD1Z1ilY88rZ0PEWBqtcvIRZiq96bOqxqcfW4jxWaeKJ2HRAV4ptLHuk2PLfIoEsGEtAXuXBjstaM6SsSp8TjYtaA1JseevPxouJn86x1YFtAqWvLaojgqwcSmS0S4x6gE1FJmIb9pQKHRLCz7Lm3nOF1rqh8VG8iNiGX4TJJk5bS+OtONYCsvNFvQ+WkLR5kFcQSNGx6+3thc1q3FJFjOLMIkoRm/FV4iggWEvAEoWILV8LWYJE+LFKgb2OVYpo/paCELHVWxVSbPqbB7WcQL08b2JZBMISC3s/9jqWYFjCYq9j7yti8+1mI6vItgak2KTYUgygBESJLGLL/11OhKuXwFmngApQUxHOelxZ0SECqAfEJpq1gKw3R4oH9SRkRbkv+ssb0faEi5rB7Pqw4zTjQcQmxVaLbRFbvseAEhElIJLyaHykBFDlZxUKex0qcAgP7/Miqypiq5eotvhq86Bw+5lVZKXSnV1YZOVQ5UfKkVWu7HxRwJXO17IspfMSsdUtsqWMUUFCBQSNKysqK5rteZUSBSLurpQRImYvYXU1LxGbiC1HuqyytvJnQijogO4AEkQ4LPCIANB90OdZ6yVi0+ZBjkC8StuKRx330HGPWnyJ2OrNa5QgiMjR770FyVtYZm0Z2ZYGOufZLHSyorKisqJjWcBacFYxitjy3bBZE6aITcQmYhOxTbAPqwTbNvml2KYr/HxZ0PexjXBBFpENZGRl0H3Q51nrxSom9n7sdSiRtXmgzYMcGbH5pc2D4XGT0oRExMBaMpTIVu+DHd+aJ5q/ZUWs5nIpjqWWqtQqoedGuHqfs/T5UILOetxSfNGxIqvwWnFu4c0qVSk2fbtHigG0KyZiG6QKIsBSheFt8rMJ7h1XxDZEQG8e6M0DT8Ij5YQsdWniofsiwpJiGyBQmu9SbIAwm4GNKhIr3ZFiQfdF90GJoR6bjnuMFwjTSjXe3EEtDZQfrBW0rrMUKrreyiercKH8QhZ+NB8d0K1bDxGb/vyeR5l6E9FLQLKi2hWd2htBFgQpKbanIsWW/3uT3gSVFc2/OYEsPFI0rGORFTVedvdWJtabewkIEY33vqhCo/uh+aPPewO77XyRZWAJSMRW712xBOTFjR2XXTcrHq1jPWw+obhin9u08rKisqKM9eqKcNleUWniNXs+XqXtfU5UONC5PjMx1WNL0KB4EbHpuEc2UNhEZq9DiYwCta1VErHp74omQpRik2KTYpus+2xPVoqtbrFlRYcIoApuVeBmKLIBxiqCtpXf2yNAzVrWmnkVE6vE2Ou890e9GitRUNxY8YAIy/ucbNyxcYziDuGhHtuQaKXYpNik2KTYUIHRObaGEvNWELRryP6+rQJClRNVfim2ukVh8WAVtRTb9GM1ZlO98Q41UoCWgmWJ0HJWlgPxKmDzOaXYpNik2KTYWKKyjnGhQtMUCiI2UgGyTM8qAim2fC1klSrCj1UK7HVsbw/NXz22utKWYmt8BbgO6NZfmrcS1KpkKAFRIrPEwiYyex2aF6rsbOFhx9E5tnqBaouvFJv+/F6KKJSAIrZ8r8iyKggvROioYHgJnHUK1rzMHpEO6Lryp4mjzrENEfFuSqAEYZvlKFG9FdarmNhEZq/z3h/1dmRFOeVf6pC8+EqxSbG5Kk7bXVwUcKVEbCmnUsJFCtY7LkpMWVFZUUsVT01QNqGQ5GZ7UF5lVao02loaKbYBgqVWTVZU3+7haeXIipLneERs+VLEKj+EH1JaIjYRm4jNoQxYq4MSk01wZL3UY9PmQa6ElCpd74F4tsDozYMhUqXNTNZqTkhPchdJxJb/hlxE1KWWvjRBpdik2KTYpNgmellIcXo3BURsdcTYTQm0S4x6z2yvtlRISLGBv9PZdgG1eZD/bndWYbKbOGg86/ciNhFbbjMItVIsZ4UKK0voZmHQu6IDaFgLjKwVIgB0H/R5VGFRgRGx5c+FoURDv2cT0ausZjVuqdVHBZQVKF3hKWLTN+imGBCxidhyZIAOSmvzYIiatzKxTI8UD6pwKLEt6cz2VJDiQvNHn5diGyCAdpstZd31JglS8EhBm4qD3AxrWkHtig7jQ1ZUVnTciqvHVo8HVAhFbFyhaRKwrCipANkAQ4EqxaY/mMwQPavgpdjqGYXyj81jS+mOCFSKTYqNSeSuLDJrIa2KblV+RCAoYZCCQL9HLZBSyzircUvx1eaBXoKnekEoUVGFQwnDJnTXvSdrXiK2+sFb9djy1p8ldBM/KTYpNim2yfRARC8rOv1VOHaTzHICIjajB2cpA1YBIcXhDfzmAlq9vK4sH5o/slZWJWSfm70/OmZg4cYqP5aAvHiw4yKLLMUmxZYQQJUAMb2ITe+KxjjqavcXWX0RW526Uf558ZQV1QHdbM+PVYjsdSiRWaVlKSjUk0RKESlO73N6E9F7vhMVaut5kRIsxVebB9o8yBIJUpzexEKBjRKPvR97nYgt/84vWierNSFim46nFJsUmxTbWCtDVrROCajXafUUWQVtXWcVTJbQRWwiNhGbiA2+K4yISlZUVlRW1PE9eWxFR4mnHlv9GIZlcdVjGyKAjk+g3grbzEQ9KPb3aL5oYdsmiFdKt50vqqSoaY5+rx5b3rqhHmbbvGDjyLspgeIfxSNrXb3E6sVTVlRWVFZUVlRWFDEt20y0FBZrKdjdJJbp0TkadncKKRy20iIc2PlKseVPwrMHaS0Fg/Bn446NY+QUmsq5dFwpNlnRhIA3QURsg8ApTfzSxEPEgAqS13KXPh9b8Nk4khWtR8wSvSs6AMTbu0MJwgakFJv+/F6uTzRrwiwtHMgZWIrSinOrkHjzZ8JpidhEbDlFmks25jrULNebB/p2j1xssY4IKd0RgYrYRGwMYXktGrKEVmVHPS2kcNF9kdL2PueslRWrXGRFC62oVcH1/4WAEBAC84YA3WObt4lrPkJACAgBCwERm2JDCAiB3iEgYuvdkuqBhIAQELEpBoSAEOgdAiK23i2pHkgICAERm2JACAiB3iEgYuvdkuqBhIAQELEpBoSAEOgdAiK2OVzSd999N+yxxx7mzN55552w++67h88//zwceeSR4aOPPjKv3W677cKTTz4ZNt5443DWWWelf3/ppZfS56uf119/PRxyyCFht912C48++mhYunRp+Omnn8Kxxx4bXnnllYmxTz311HDDDTeENddcc/S7H3/8Mdx3333hwQcfTPPad999w+mnnx4OPPDAsMoqq4yum9W48QY///xzuPvuu0dz2GuvvUKc66GHHhpWX331OVxpTWlWCIjYZoVsi3FnQWzrr79+IqqPP/44Ec4ll1ySvnnj33//DVdeeWW46qqrwn777VdEbJ9++mk46aSTwnvvvTfx1DfeeGM488wzR9/y4SE2z7g//PBDIrFnn312Yg7XXHNNOO+882oE22J59NH/AwREbHO+SBXJVSpt2nSnXVsRyvbbbx+++uqrpGzWXXfd8P3334czzjgjKbqotJqK7fjjj0+EOO0nksq1114bDj744LDrrruGlVZaKbzxxhvh5JNPDptvvnl4+OGHw4YbbpiGqObR5bjxfcqoIK+44opw/fXXh+OOOy6pyfhsl19+eYjYPf3002GbbbaZ89XW9LpCQMTWFZIzGqdrYouq5qGHHgqXXXZZ2GmnnUK0oc8//3zYdtttwyOPPJKIbaONNnIRUO7RoxKM93jxxReT/d1iiy3cxMaO+8svvyQSjfOOBDtuOyu7fu6554YTTjhhNORff/0VnnnmmXDTTTclpbnzzjuHE088MV2z1lpr1W7tuXZGYaBhnQiI2JyArejLuyK2L7/8Mhx11FEpkd98882UvNEiRhsaVVy0qvG/KxLyKKtpBPTWW2+Fxx57LGyyySadEtv4uNVcd9xxx2SpV1555dGUqt/FnmIk2vjzzz//JGV34YUXTkw92vRIjhW5ea5d0bGh+9kIiNjmPDq6IrZKudx2223hzz//TPYwWrfqn++++y5Z0iaxVZsH6623XtpcOProo8NBBx00oWqaMH777bch2s1INldfffVIRTV7bF2M+8cff4RzzjknvPzyy+GWW24J+++/f7LDcQ5RnUabGkk9ktkaa6wR3n777fTfp5xyStpQiZb8119/Tfb8uuuuS0QcNz/ij+faOQ+lhZqeiG3Ol3sWxLbZZpuFs88+O+yzzz7hs88+C7G5/v77708ltnGYmqqmCWFUOXHMaHEfeOCBsNVWW00oqNxua5txo4KLVvLrr7/OrmgkvjinVVddNRHthx9+mHZxI6lVP3Fn95hjjkm4XHTRRelbldlr5zyMFm56IrY5X/KuiC3uhh5++OGJaHbZZZdkQe+9995w6623puMQ8T5R6bz66qvp982fv//+O3zyySfh0ksvDS+88ELafYxHOXKkFhXSPffck/6JRy6m/XQ1biShqK7iLmzsG0YCi8oybmjcfPPNaR7Rilbq7q677jKnVZFg7BPGf2euXW211eY8khZreiK2OV/vrogtjnPaaaeFp556Kmy55ZbhtddeC+eff/7IerL3ieQRSSJuNDR3SyNpxP5UJM/7778/7L333uafe2vCPqtxKwseFVg88ydim/OA72h6IraOgJzVMCzhxPtPuzb+bryH1pwve5+4k3jYYYeFJ554IhFF9fPbb7+ls3HPPfdc6mshpda8/yzGrRr/jz/++IjAq93ab775JsR+4zrrrGMunefaWa2/xi1DQMRWhtsK+xRLOG2J7YMPPggHHHBAIqw999xz4vl+//33dDYt2rm11147KbZNN900XRdP/Mcdxqi6YgM+93kLsFmMG1XZF198Ee68885wxx13JBUZj3tUu6WRRJctW5aIOPblNthgA1NZeq5dYUGhG0EERGwQohV/AfvmgUd1xfNpccdv/EzZ+OcryxbtabSY1hziebQmecWx46FY62f8FaxZjWu9XnbxxReH+M/42bRIphdccEG4/fbbs1MePwztuXbFR4ruaCEgYpvD2JhHYtthhx3CEUcckRRO9RZBBV0bYutq3HFii2PG/l58zWvrrbdORz+aP5Gw4pGXSPRxR3X8p/mWh+faOQynhZySiG0hl10PLQT6jYCIrd/rq6cTAguJgIhtIZddDy0E+o2AiK3f66unEwILiYCIbSGXXQ8tBPqNgIit3+urpxMCC4mAiG0hl10PLQT6jYCIrd/rq6cTAguJgIhtIZddDy0E+o2AiK3f66unEwILicB/DtqTcjMsK+wAAAAASUVORK5CYII=', 'ID-899483', 'data:image/png;base64,iVBORw0KGgoAAAANSUhEUgAAALQAAAC0CAYAAAA9zQYyAAAAAXNSR0IArs4c6QAACr5JREFUeF7tncFy6zgMBJ3//+hsWXnHiONq7FBy3L7KIMFhAwQpWf56PB7fjz/w+f4+H8bX11dlhKs+Vx2u/KFtPvuj7bb0qYgeGn3OtEBD5Sl8FLzkJm1XoJOyF1w3Q5uhj1XKDM2jzwzNtWtZCvRAWYEeiFcyFeiBsAI9EK9kKtADYQV6IF7JdAk0nbCSr/hYivoz2f3TTepE88Ypx8Qfqjs98oybwncaTMNXgX48GrpOQE9zYoZeqJvEW02MGXqC7bltmhOBFujtpdwEdYEeqJfEM0MPxIWmaU7M0GZoMzQMrrEZ3cXTjlM2MENTZbldmhOcoVPDxOW0o6ZAU7s0BqoB3TAmf5J+Z/ZUHzr+yThSnwK9eOw0CZ/EPbMX6LWyE30EWqBxDU0DOiUKgX4+Mggf8KfL9HFXCv5wgPo6AYHefWv52th/jO4U0smkA0kAUeEF+n7PUdO5FOiQ2VNGpEE9mbBJQnBTCJfxBALZLJmhs6p0tfGUY1A/TjIMFZ7Wjxkh9g2aoROwVJ+GHVPmx4rq8zElh0BzSCZwUagnfX7EsZ1AC/Q49ZPobC2pAi3QAk0i8kUbuqS2At4a2k3hi+j+/jWBXstH9XFTWArMRDudMDN0vjv7EZvC1pLaAjMFxM4bJHSMdAwe2/1TjgpP7SbCp0xLYWgE7kQfOo5Jn2bowd1QKrxAW0MfCtwtAwn0/tcUp+dnzNBm6EqioOXGpJT7mFOORmafCG/JYclhyfFCymsELi2rXnD39CuTPnHJMXGY2tIJo/1N7Bq+pvpx5S+FpLWaUG2TBgJNlQ12At0RVqA7usZWBTpKhL4g0Ei2uZFAzzX8rQWB7ugaWxXoKBH6gkAj2eZGAj3X0Azd0RC1KtBItmhkho4Sdb4g0Pt1ffb48X8aRM9nn+JR24bdMZmLNznRPjtY9loV6Js9y0GhFOifIBFogcbv6OvlWd6yQAu0QPP46VnSGpHaWUP35nLSshnaDG2GnkRQy5ZmWmpnhm7N5Kzdr++7PR84G8+v1ukw/qzLiTST04qCBB/TpEAvplqg3y8OBFqg34/ahccCLdAC/W4KWEO/24xxf83QZmhOzw0tBVqgb4gld+lWQNPSIJ0JU3mSP/QMm56eJH9W42z4mvy5ok+BXu2Ywx9rNiZsBWUCSKAfD4EW6Npz1I2AT0Et0AIt0LQmTXYp+uiSmvo9u578aWQgSw7+S6CndmZoM7QZmma8ZJcyohmav4+5sZqk+bqiT/xuO/o0WRKhAS31dRKAV0xmo89WCZS0pdcFevGAfxKVBkrDLp3F0z4FevDz/gRQ44YEbfPYgBReG0CzrED/0GOGNkMv3y9ihjZDHwzQTEvtWn0K9GAyLTl4IAi0JUfMpCnArKH5MWLSll7fXkNTRyebMNpnOmKk5QHdiLb8ofqkcTQCPvkq0AuFWgAlEM5cavmTIDm7nsYh0EFZKhCdsBZACQSB5qWMGdoMTeM9HvfRBJQSyfLk5XkoQZYU6ixWb3Ajg/aZhLWGPkXn5yZH4cZTmksztBk6MXJ6PZVOAm0NvVSgtWJQogWaKvfPjkY87bYFUALBTeFgU7h6WeNugCh4qV5btUvhmvRJ/ZkE2HIjVap1qbYT7pa/WJk0PIGT2KbJJhvf5AftU6DXyk64E+jS03YpGEiApQDanRHv5s+xalpyrI+e6FIt0OsHraiuKWgF2gxdOy9O8JHNb2pToAVaoJ+RlSKFLrnULtVzpGZNvtA+3RTecFOYJnv39d23odP46E6d2k38oQE26ZPOV+yTbgpTw7uvU4FaKw0Fk9olvelqMtGHjoX6OjrlSALuvi7QfBk3Q++m9YX+BFqgzdDFzW1juW0t/2boFzLm7q+Yoc3QZmgzdMw7rVWBJqDkMP7zeurQRKDVYOjOmI4jCUuXcVqqTPxp9UnnZDSW1U+w/sqkNMYxEZ0G0RXJYNKnQA8ooeJRuAauVl4TNvHHDD143dck4i05+JOBVLvJfNEkMwpOS45zSFoTQleFCVwCHcLknSbFGpof6U2CqJUQlsFphjZDf0wNTaPzbgLRcaRa7ooMlHwi1//KanvcWKFvTnqnmkyg15gLdEgDZmiSJ6+zEWiBPhSw5Nh/jJjC3pIjKbS4LtACPfotIgXIGtoa+lCAgmANPUj7F5haQ5dq6JSBaYC1GGkFLvW34U+ak7vdtLpVDZ3EE+j9d/zSnAj04sUuSTyBFui0epmhk0LwlOOK4LPkuNmdQjP0ILoG/2lC7/omb+lmM7W79PdOt74FejKV/E96BNpTjnin0JJj9r/lNLStoalypSV+4A5+i6gZujSZqeTYfUSUsmxjE9aCaxIo1JbW0NTu6SfO0I3JFGh+LEeha9pRMKmdQIfZNEPPcKdgUjuBFugZsQP96AqfVnFLjsWkmKFnvNNMS+3M0IMMc4gH/7CSYpKyE223ZUfBpHYCLdAtlo92KZjU7gB69ZcU1dFubJxm0pQRqfCplKHS0HE2+hNoquoLdnSiBXp2jNgI+DQnZujS46w0iF6Iz9Ov7O4zwSXQk9lc2NKJvmLCJhLQcdI+r9An9WmGNkNTnuNrHMzQWFpe61HRW5ueiQRmaE858NGSQOcX7dBkQe3iOfQkW+y2bR2FrcaR6rkzW+or7a8VfBN/VroK9OAdIpPAoxMq0GvVBVqgY1xSSKhddGjxhUmf+G/dJg43bGnWm/hihn7i8/9/BNoMHamikFC76JAZmtddE3HdFL7PX3Z4yjEk3ZLjzUqOK+pSmhGvWBobR0+tcTTmMgV0o8+Ug/AvVlLDjev0TlgSvuErBZPapTE04Eq6NvpM4xTopBC8TsGkdsnNBlwCnVQP183QvGYV6IuOwqyhO6cKAi3Qo/WElg7ULjkr0AKdGFlep2BSu+SsQA9+tZvEPbueRKc1dKOMSWNMGyaqAR1L8rdxnQZn4mCpAX0/NJ0wenZ73AUqvAej0WbydaKBQK9DDx/bCXQQdhF8At1JTkciMUOfH4WNlj6Bxr8GGuku0ALdqJ+fbVpDL36BnepSGtXW0C2cBTr+FXMDvkabKfisoa2hDwYa8DXaTL4KdGcu3RQOV1t60nNJbQmPPCcBv1sfgRboQ4FWgAn0BZvCCdO7J4xufFMJJNChnqWQpAmbLH/Up8aduRZA1NeWP7sD3pJjSPnuCUsBL9DeKRwhLdDnz26nMoee9CTNP/7W94ToJO5Z260l3gxthq6cbafs1AKa7jGoXUoGjXZTEvn4DN0QXaB/UG9oK9AhjTREn0zmxB9qS+3M0EGBtItvCN9oU6DN0PGO1QSSxmaplZ0mAUZtqV1LAzpfnkOX6rxJ8E3gorbUTqAtOeJKNIGL2lK7PwV0Gkzjekv4M1/TjpreHJgsqXfqM+15djMwKjkazqY2BXqtEAWMBi7tL83zJODxOfTEKWor0AKdgk+gF4wk8e60/D99oRmTjpP2RxNa2mxbcgRl6URfAdcVfQr0JDSLR2xuCtlregVaoKMC77QqvB3QUf0bfeEKcSe78TNb+iRemopGu1dongLeP95MJMDrSXiBZsImXQWa6RqtkvACHSX89QtJV4FmukarJLxARwkFmknUsRLoa3Q1Q3d0X/5aY9VlY/OWzqgbwVeSNeoq0CXlG5DQNgW6NMnNZq84QvLYbv0ag8Z8p6D+D86fbXwPq4y2AAAAAElFTkSuQmCC', '2023-02-12 16:53:50.847059', '2023-02-12 16:53:50.847061', 'Admin', 'Admin', 0),
	(3, 'ID-292287', 'HPLaptop103', 'HP Laptop 103', NULL, 1, 0, NULL, 2500, 0, NULL, 0, 0, NULL, NULL, '/images/DefaultAsset/HP_Laptop.jpg', NULL, '2023-02-12 16:53:50.558897', '2022-07-12 16:53:50.558898', '0001-01-01 00:00:00.000000', 0, 1, 0, NULL, 'data:image/png;base64,iVBORw0KGgoAAAANSUhEUgAAATYAAACOCAYAAAC7UiQFAAAAAXNSR0IArs4c6QAAFTpJREFUeF7tXWnoddMb3a9Z+MCrRImUjGX6YIzwQT6YZR5eJUIZI2NISiTzPMusFJmFiA8KxQdD+KAMSRSSIXq1973n/u85dz93rWefc9/u/9z1K4Xfufvss/bzrGetZ+9zf0uWL1++POhHCAgBIdAjBJaI2Hq0mnoUISAEEgIiNgWCEBACvUNAxNa7JdUDCQEhIGJTDAgBIdA7BERsvVtSPZAQEAIiNsWAEBACvUNAxNa7JdUDCQEhIGJTDAgBIdA7BERsvVtSPZAQEAI0sS1ZsqSGVvXCQvX/my8wWP+/Cbk1rnWd9aJE835ovs3xveM2n98az/t81Tjs+NX17Do058Pej70OxQHCA82v+bzNeVl4oPhg18/CwVovhIdFQWi+bcdF8Y/yx7q/tR7WurXF08SPffOg9EHRG1so0FHiokAuTUg0Lks83ucrna+Irf5moEUMaN28+M+agGZFmCK2IQIitkHioEBGiYGUIfo8q1AQMXsVSlfzQkQvxTZAGsWZFJul1Yb4SbENgECEY1lvlIgokS2JjpQFG9goQVjCYq9D80J4IDwRXojQEa7e50T4IjxMKzVs/Uix5Vtg02nN8a6oFJsU23gB8BKQN0FLrZKIbfqX9XjXzSJ69djAtyKhCm4FajPw2crJLmzbBGETGSkQdr7qsanHNs15WHGGWhsitgaBWYlmEZIFsIitLsVRICLrg4jS+r3XoqHCgJ5Dim2w7myBLM03dh3YUxBsHlvrywoUWdEhAqi3oh5b3WpbgePF0RuoiHiRwkWEiubvJfDS52NPC4jY1GOjKhybOG0ThA1IlKjsfGVFZUVlRf9XjnVAt6Ho2N4dqvwitgGSpYpGVlRWdDx+kMWdyFsd9xhAIisqKzqeHN7CxRYyby9sVuOWFg7kDBABIQfiLYRWy0SKTYptqoVHTV42QbwJyo5rJZKVIIiw1GOrK20LDx330HGPWo4iZehNLKsXiHqEXsLqal7oeA+q6M3nErHlLb+pZBrvfCP8RGw67pElMJTIKFG9ia7jHvlERxbHS/TsmyhoPRABeZUuu9taqohlRRuvhKAFZL05UjwoEFiiQIoHWRo0jyYe6M0ONhBRIqHn1zm2AdLe9WXXWz226ecyUQFCxD3KW20e1APZIhy2QiPLhogZfR5ZBxGbFJslIuL/R4WNdRDqsanHlrWoUmz5gtI28doqbW9h8SoMKTYptlruo4BgA4xNnLYJwloTtkLKiuYP4LIKFsWHemwcvuqxqceWckWbB2UHTVkiF7HlrbdlR9nCjnq+sqKyorKiBS9zi9jKCgJqrovYGpFVyuBeoFFznf09mi9KHFnRfM1ndwsRfkhpofVBSlgHdPPrJ2ITsdWspHZF681+b4KwPUfvuIggveumzYO6tbXwkBWVFZUVlRUdxQDaBGurdL0OCRUGEZvePMgSGLJMzUD2KgYrEdgEYe/HXuc9R4cqvzfx0HMjK+19TrTbivDIG8byb0URsQ0Vpw7o1i1WM9BKezWs9RKxTT9mIGLLf+tKW8Is7WHquIeOe9R6dFaCithEbDnVNmslKGIbIoB2GbuqIOyuJ6usvNaCHRdZGim2oSUo/DNypYknK6q/UhVjQN/HNswEllBRJUVEiu6DPo+sGSowaNdRL8HXWxMsXmwh0+aBXqmqFW0UEIhwWIUlxZYPvK4IF22mICJB1l2KTYpNim2MxZCS8p6HYis4SlRvokuxTbfAqMB5CZwtqBbh5vprKTELLbx2RYfrr13RuvWQYpNiizGACJAtdKjQiNjy1t8rDCbyVsQmYmMS2atkkCVEvcJmoKLzbohAkAKy7ocUMxoXzUvEJmJLCHgtY2lCosT0VnQrkWVFddwjR26zJszSwqFzbDrHlmIHNctFbCI2Eduk9ZcVHUYFW+GQtVCPTT02xpqrx8Z9MaWVT8j6i9hEbDVliHo6iNh1ji3f8+kqEdGxJdQCQb1J7YoOENIB3WGkeHt36rFNP2jZNkFLe0DovmjdvD1Z1ilY88rZ0PEWBqtcvIRZiq96bOqxqcfW4jxWaeKJ2HRAV4ptLHuk2PLfIoEsGEtAXuXBjstaM6SsSp8TjYtaA1JseevPxouJn86x1YFtAqWvLaojgqwcSmS0S4x6gE1FJmIb9pQKHRLCz7Lm3nOF1rqh8VG8iNiGX4TJJk5bS+OtONYCsvNFvQ+WkLR5kFcQSNGx6+3thc1q3FJFjOLMIkoRm/FV4iggWEvAEoWILV8LWYJE+LFKgb2OVYpo/paCELHVWxVSbPqbB7WcQL08b2JZBMISC3s/9jqWYFjCYq9j7yti8+1mI6vItgak2KTYUgygBESJLGLL/11OhKuXwFmngApQUxHOelxZ0SECqAfEJpq1gKw3R4oH9SRkRbkv+ssb0faEi5rB7Pqw4zTjQcQmxVaLbRFbvseAEhElIJLyaHykBFDlZxUKex0qcAgP7/Miqypiq5eotvhq86Bw+5lVZKXSnV1YZOVQ5UfKkVWu7HxRwJXO17IspfMSsdUtsqWMUUFCBQSNKysqK5rteZUSBSLurpQRImYvYXU1LxGbiC1HuqyytvJnQijogO4AEkQ4LPCIANB90OdZ6yVi0+ZBjkC8StuKRx330HGPWnyJ2OrNa5QgiMjR770FyVtYZm0Z2ZYGOufZLHSyorKisqJjWcBacFYxitjy3bBZE6aITcQmYhOxTbAPqwTbNvml2KYr/HxZ0PexjXBBFpENZGRl0H3Q51nrxSom9n7sdSiRtXmgzYMcGbH5pc2D4XGT0oRExMBaMpTIVu+DHd+aJ5q/ZUWs5nIpjqWWqtQqoedGuHqfs/T5UILOetxSfNGxIqvwWnFu4c0qVSk2fbtHigG0KyZiG6QKIsBSheFt8rMJ7h1XxDZEQG8e6M0DT8Ij5YQsdWniofsiwpJiGyBQmu9SbIAwm4GNKhIr3ZFiQfdF90GJoR6bjnuMFwjTSjXe3EEtDZQfrBW0rrMUKrreyiercKH8QhZ+NB8d0K1bDxGb/vyeR5l6E9FLQLKi2hWd2htBFgQpKbanIsWW/3uT3gSVFc2/OYEsPFI0rGORFTVedvdWJtabewkIEY33vqhCo/uh+aPPewO77XyRZWAJSMRW712xBOTFjR2XXTcrHq1jPWw+obhin9u08rKisqKM9eqKcNleUWniNXs+XqXtfU5UONC5PjMx1WNL0KB4EbHpuEc2UNhEZq9DiYwCta1VErHp74omQpRik2KTYpus+2xPVoqtbrFlRYcIoApuVeBmKLIBxiqCtpXf2yNAzVrWmnkVE6vE2Ou890e9GitRUNxY8YAIy/ucbNyxcYziDuGhHtuQaKXYpNik2KTYUIHRObaGEvNWELRryP6+rQJClRNVfim2ukVh8WAVtRTb9GM1ZlO98Q41UoCWgmWJ0HJWlgPxKmDzOaXYpNik2KTYWKKyjnGhQtMUCiI2UgGyTM8qAim2fC1klSrCj1UK7HVsbw/NXz22utKWYmt8BbgO6NZfmrcS1KpkKAFRIrPEwiYyex2aF6rsbOFhx9E5tnqBaouvFJv+/F6KKJSAIrZ8r8iyKggvROioYHgJnHUK1rzMHpEO6Lryp4mjzrENEfFuSqAEYZvlKFG9FdarmNhEZq/z3h/1dmRFOeVf6pC8+EqxSbG5Kk7bXVwUcKVEbCmnUsJFCtY7LkpMWVFZUUsVT01QNqGQ5GZ7UF5lVao02loaKbYBgqVWTVZU3+7haeXIipLneERs+VLEKj+EH1JaIjYRm4jNoQxYq4MSk01wZL3UY9PmQa6ElCpd74F4tsDozYMhUqXNTNZqTkhPchdJxJb/hlxE1KWWvjRBpdik2KTYpNgmellIcXo3BURsdcTYTQm0S4x6z2yvtlRISLGBv9PZdgG1eZD/bndWYbKbOGg86/ciNhFbbjMItVIsZ4UKK0voZmHQu6IDaFgLjKwVIgB0H/R5VGFRgRGx5c+FoURDv2cT0ausZjVuqdVHBZQVKF3hKWLTN+imGBCxidhyZIAOSmvzYIiatzKxTI8UD6pwKLEt6cz2VJDiQvNHn5diGyCAdpstZd31JglS8EhBm4qD3AxrWkHtig7jQ1ZUVnTciqvHVo8HVAhFbFyhaRKwrCipANkAQ4EqxaY/mMwQPavgpdjqGYXyj81jS+mOCFSKTYqNSeSuLDJrIa2KblV+RCAoYZCCQL9HLZBSyzircUvx1eaBXoKnekEoUVGFQwnDJnTXvSdrXiK2+sFb9djy1p8ldBM/KTYpNim2yfRARC8rOv1VOHaTzHICIjajB2cpA1YBIcXhDfzmAlq9vK4sH5o/slZWJWSfm70/OmZg4cYqP5aAvHiw4yKLLMUmxZYQQJUAMb2ITe+KxjjqavcXWX0RW526Uf558ZQV1QHdbM+PVYjsdSiRWaVlKSjUk0RKESlO73N6E9F7vhMVaut5kRIsxVebB9o8yBIJUpzexEKBjRKPvR97nYgt/84vWierNSFim46nFJsUmxTbWCtDVrROCajXafUUWQVtXWcVTJbQRWwiNhGbiA2+K4yISlZUVlRW1PE9eWxFR4mnHlv9GIZlcdVjGyKAjk+g3grbzEQ9KPb3aL5oYdsmiFdKt50vqqSoaY5+rx5b3rqhHmbbvGDjyLspgeIfxSNrXb3E6sVTVlRWVFZUVlRWFDEt20y0FBZrKdjdJJbp0TkadncKKRy20iIc2PlKseVPwrMHaS0Fg/Bn446NY+QUmsq5dFwpNlnRhIA3QURsg8ApTfzSxEPEgAqS13KXPh9b8Nk4khWtR8wSvSs6AMTbu0MJwgakFJv+/F6uTzRrwiwtHMgZWIrSinOrkHjzZ8JpidhEbDlFmks25jrULNebB/p2j1xssY4IKd0RgYrYRGwMYXktGrKEVmVHPS2kcNF9kdL2PueslRWrXGRFC62oVcH1/4WAEBAC84YA3WObt4lrPkJACAgBCwERm2JDCAiB3iEgYuvdkuqBhIAQELEpBoSAEOgdAiK23i2pHkgICAERm2JACAiB3iEgYuvdkuqBhIAQELEpBoSAEOgdAiK2OVzSd999N+yxxx7mzN55552w++67h88//zwceeSR4aOPPjKv3W677cKTTz4ZNt5443DWWWelf3/ppZfS56uf119/PRxyyCFht912C48++mhYunRp+Omnn8Kxxx4bXnnllYmxTz311HDDDTeENddcc/S7H3/8Mdx3333hwQcfTPPad999w+mnnx4OPPDAsMoqq4yum9W48QY///xzuPvuu0dz2GuvvUKc66GHHhpWX331OVxpTWlWCIjYZoVsi3FnQWzrr79+IqqPP/44Ec4ll1ySvnnj33//DVdeeWW46qqrwn777VdEbJ9++mk46aSTwnvvvTfx1DfeeGM488wzR9/y4SE2z7g//PBDIrFnn312Yg7XXHNNOO+882oE22J59NH/AwREbHO+SBXJVSpt2nSnXVsRyvbbbx+++uqrpGzWXXfd8P3334czzjgjKbqotJqK7fjjj0+EOO0nksq1114bDj744LDrrruGlVZaKbzxxhvh5JNPDptvvnl4+OGHw4YbbpiGqObR5bjxfcqoIK+44opw/fXXh+OOOy6pyfhsl19+eYjYPf3002GbbbaZ89XW9LpCQMTWFZIzGqdrYouq5qGHHgqXXXZZ2GmnnUK0oc8//3zYdtttwyOPPJKIbaONNnIRUO7RoxKM93jxxReT/d1iiy3cxMaO+8svvyQSjfOOBDtuOyu7fu6554YTTjhhNORff/0VnnnmmXDTTTclpbnzzjuHE088MV2z1lpr1W7tuXZGYaBhnQiI2JyArejLuyK2L7/8Mhx11FEpkd98882UvNEiRhsaVVy0qvG/KxLyKKtpBPTWW2+Fxx57LGyyySadEtv4uNVcd9xxx2SpV1555dGUqt/FnmIk2vjzzz//JGV34YUXTkw92vRIjhW5ea5d0bGh+9kIiNjmPDq6IrZKudx2223hzz//TPYwWrfqn++++y5Z0iaxVZsH6623XtpcOProo8NBBx00oWqaMH777bch2s1INldfffVIRTV7bF2M+8cff4RzzjknvPzyy+GWW24J+++/f7LDcQ5RnUabGkk9ktkaa6wR3n777fTfp5xyStpQiZb8119/Tfb8uuuuS0QcNz/ij+faOQ+lhZqeiG3Ol3sWxLbZZpuFs88+O+yzzz7hs88+C7G5/v77708ltnGYmqqmCWFUOXHMaHEfeOCBsNVWW00oqNxua5txo4KLVvLrr7/OrmgkvjinVVddNRHthx9+mHZxI6lVP3Fn95hjjkm4XHTRRelbldlr5zyMFm56IrY5X/KuiC3uhh5++OGJaHbZZZdkQe+9995w6623puMQ8T5R6bz66qvp982fv//+O3zyySfh0ksvDS+88ELafYxHOXKkFhXSPffck/6JRy6m/XQ1biShqK7iLmzsG0YCi8oybmjcfPPNaR7Rilbq7q677jKnVZFg7BPGf2euXW211eY8khZreiK2OV/vrogtjnPaaaeFp556Kmy55ZbhtddeC+eff/7IerL3ieQRSSJuNDR3SyNpxP5UJM/7778/7L333uafe2vCPqtxKwseFVg88ydim/OA72h6IraOgJzVMCzhxPtPuzb+bryH1pwve5+4k3jYYYeFJ554IhFF9fPbb7+ls3HPPfdc6mshpda8/yzGrRr/jz/++IjAq93ab775JsR+4zrrrGMunefaWa2/xi1DQMRWhtsK+xRLOG2J7YMPPggHHHBAIqw999xz4vl+//33dDYt2rm11147KbZNN900XRdP/Mcdxqi6YgM+93kLsFmMG1XZF198Ee68885wxx13JBUZj3tUu6WRRJctW5aIOPblNthgA1NZeq5dYUGhG0EERGwQohV/AfvmgUd1xfNpccdv/EzZ+OcryxbtabSY1hziebQmecWx46FY62f8FaxZjWu9XnbxxReH+M/42bRIphdccEG4/fbbs1MePwztuXbFR4ruaCEgYpvD2JhHYtthhx3CEUcckRRO9RZBBV0bYutq3HFii2PG/l58zWvrrbdORz+aP5Gw4pGXSPRxR3X8p/mWh+faOQynhZySiG0hl10PLQT6jYCIrd/rq6cTAguJgIhtIZddDy0E+o2AiK3f66unEwILiYCIbSGXXQ8tBPqNgIit3+urpxMCC4mAiG0hl10PLQT6jYCIrd/rq6cTAguJgIhtIZddDy0E+o2AiK3f66unEwILicB/DtqTcjMsK+wAAAAASUVORK5CYII=', 'ID-292287', 'data:image/png;base64,iVBORw0KGgoAAAANSUhEUgAAALQAAAC0CAYAAAA9zQYyAAAAAXNSR0IArs4c6QAACr5JREFUeF7tncFy6zgMBJ3//+hsWXnHiONq7FBy3L7KIMFhAwQpWf56PB7fjz/w+f4+H8bX11dlhKs+Vx2u/KFtPvuj7bb0qYgeGn3OtEBD5Sl8FLzkJm1XoJOyF1w3Q5uhj1XKDM2jzwzNtWtZCvRAWYEeiFcyFeiBsAI9EK9kKtADYQV6IF7JdAk0nbCSr/hYivoz2f3TTepE88Ypx8Qfqjs98oybwncaTMNXgX48GrpOQE9zYoZeqJvEW02MGXqC7bltmhOBFujtpdwEdYEeqJfEM0MPxIWmaU7M0GZoMzQMrrEZ3cXTjlM2MENTZbldmhOcoVPDxOW0o6ZAU7s0BqoB3TAmf5J+Z/ZUHzr+yThSnwK9eOw0CZ/EPbMX6LWyE30EWqBxDU0DOiUKgX4+Mggf8KfL9HFXCv5wgPo6AYHefWv52th/jO4U0smkA0kAUeEF+n7PUdO5FOiQ2VNGpEE9mbBJQnBTCJfxBALZLJmhs6p0tfGUY1A/TjIMFZ7Wjxkh9g2aoROwVJ+GHVPmx4rq8zElh0BzSCZwUagnfX7EsZ1AC/Q49ZPobC2pAi3QAk0i8kUbuqS2At4a2k3hi+j+/jWBXstH9XFTWArMRDudMDN0vjv7EZvC1pLaAjMFxM4bJHSMdAwe2/1TjgpP7SbCp0xLYWgE7kQfOo5Jn2bowd1QKrxAW0MfCtwtAwn0/tcUp+dnzNBm6EqioOXGpJT7mFOORmafCG/JYclhyfFCymsELi2rXnD39CuTPnHJMXGY2tIJo/1N7Bq+pvpx5S+FpLWaUG2TBgJNlQ12At0RVqA7usZWBTpKhL4g0Ei2uZFAzzX8rQWB7ugaWxXoKBH6gkAj2eZGAj3X0Azd0RC1KtBItmhkho4Sdb4g0Pt1ffb48X8aRM9nn+JR24bdMZmLNznRPjtY9loV6Js9y0GhFOifIBFogcbv6OvlWd6yQAu0QPP46VnSGpHaWUP35nLSshnaDG2GnkRQy5ZmWmpnhm7N5Kzdr++7PR84G8+v1ukw/qzLiTST04qCBB/TpEAvplqg3y8OBFqg34/ahccCLdAC/W4KWEO/24xxf83QZmhOzw0tBVqgb4gld+lWQNPSIJ0JU3mSP/QMm56eJH9W42z4mvy5ok+BXu2Ywx9rNiZsBWUCSKAfD4EW6Npz1I2AT0Et0AIt0LQmTXYp+uiSmvo9u578aWQgSw7+S6CndmZoM7QZmma8ZJcyohmav4+5sZqk+bqiT/xuO/o0WRKhAS31dRKAV0xmo89WCZS0pdcFevGAfxKVBkrDLp3F0z4FevDz/gRQ44YEbfPYgBReG0CzrED/0GOGNkMv3y9ihjZDHwzQTEvtWn0K9GAyLTl4IAi0JUfMpCnArKH5MWLSll7fXkNTRyebMNpnOmKk5QHdiLb8ofqkcTQCPvkq0AuFWgAlEM5cavmTIDm7nsYh0EFZKhCdsBZACQSB5qWMGdoMTeM9HvfRBJQSyfLk5XkoQZYU6ixWb3Ajg/aZhLWGPkXn5yZH4cZTmksztBk6MXJ6PZVOAm0NvVSgtWJQogWaKvfPjkY87bYFUALBTeFgU7h6WeNugCh4qV5btUvhmvRJ/ZkE2HIjVap1qbYT7pa/WJk0PIGT2KbJJhvf5AftU6DXyk64E+jS03YpGEiApQDanRHv5s+xalpyrI+e6FIt0OsHraiuKWgF2gxdOy9O8JHNb2pToAVaoJ+RlSKFLrnULtVzpGZNvtA+3RTecFOYJnv39d23odP46E6d2k38oQE26ZPOV+yTbgpTw7uvU4FaKw0Fk9olvelqMtGHjoX6OjrlSALuvi7QfBk3Q++m9YX+BFqgzdDFzW1juW0t/2boFzLm7q+Yoc3QZmgzdMw7rVWBJqDkMP7zeurQRKDVYOjOmI4jCUuXcVqqTPxp9UnnZDSW1U+w/sqkNMYxEZ0G0RXJYNKnQA8ooeJRuAauVl4TNvHHDD143dck4i05+JOBVLvJfNEkMwpOS45zSFoTQleFCVwCHcLknSbFGpof6U2CqJUQlsFphjZDf0wNTaPzbgLRcaRa7ooMlHwi1//KanvcWKFvTnqnmkyg15gLdEgDZmiSJ6+zEWiBPhSw5Nh/jJjC3pIjKbS4LtACPfotIgXIGtoa+lCAgmANPUj7F5haQ5dq6JSBaYC1GGkFLvW34U+ak7vdtLpVDZ3EE+j9d/zSnAj04sUuSTyBFui0epmhk0LwlOOK4LPkuNmdQjP0ILoG/2lC7/omb+lmM7W79PdOt74FejKV/E96BNpTjnin0JJj9r/lNLStoalypSV+4A5+i6gZujSZqeTYfUSUsmxjE9aCaxIo1JbW0NTu6SfO0I3JFGh+LEeha9pRMKmdQIfZNEPPcKdgUjuBFugZsQP96AqfVnFLjsWkmKFnvNNMS+3M0IMMc4gH/7CSYpKyE223ZUfBpHYCLdAtlo92KZjU7gB69ZcU1dFubJxm0pQRqfCplKHS0HE2+hNoquoLdnSiBXp2jNgI+DQnZujS46w0iF6Iz9Ov7O4zwSXQk9lc2NKJvmLCJhLQcdI+r9An9WmGNkNTnuNrHMzQWFpe61HRW5ueiQRmaE858NGSQOcX7dBkQe3iOfQkW+y2bR2FrcaR6rkzW+or7a8VfBN/VroK9OAdIpPAoxMq0GvVBVqgY1xSSKhddGjxhUmf+G/dJg43bGnWm/hihn7i8/9/BNoMHamikFC76JAZmtddE3HdFL7PX3Z4yjEk3ZLjzUqOK+pSmhGvWBobR0+tcTTmMgV0o8+Ug/AvVlLDjev0TlgSvuErBZPapTE04Eq6NvpM4xTopBC8TsGkdsnNBlwCnVQP183QvGYV6IuOwqyhO6cKAi3Qo/WElg7ULjkr0AKdGFlep2BSu+SsQA9+tZvEPbueRKc1dKOMSWNMGyaqAR1L8rdxnQZn4mCpAX0/NJ0wenZ73AUqvAej0WbydaKBQK9DDx/bCXQQdhF8At1JTkciMUOfH4WNlj6Bxr8GGuku0ALdqJ+fbVpDL36BnepSGtXW0C2cBTr+FXMDvkabKfisoa2hDwYa8DXaTL4KdGcu3RQOV1t60nNJbQmPPCcBv1sfgRboQ4FWgAn0BZvCCdO7J4xufFMJJNChnqWQpAmbLH/Up8aduRZA1NeWP7sD3pJjSPnuCUsBL9DeKRwhLdDnz26nMoee9CTNP/7W94ToJO5Z260l3gxthq6cbafs1AKa7jGoXUoGjXZTEvn4DN0QXaB/UG9oK9AhjTREn0zmxB9qS+3M0EGBtItvCN9oU6DN0PGO1QSSxmaplZ0mAUZtqV1LAzpfnkOX6rxJ8E3gorbUTqAtOeJKNIGL2lK7PwV0Gkzjekv4M1/TjpreHJgsqXfqM+15djMwKjkazqY2BXqtEAWMBi7tL83zJODxOfTEKWor0AKdgk+gF4wk8e60/D99oRmTjpP2RxNa2mxbcgRl6URfAdcVfQr0JDSLR2xuCtlregVaoKMC77QqvB3QUf0bfeEKcSe78TNb+iRemopGu1dongLeP95MJMDrSXiBZsImXQWa6RqtkvACHSX89QtJV4FmukarJLxARwkFmknUsRLoa3Q1Q3d0X/5aY9VlY/OWzqgbwVeSNeoq0CXlG5DQNgW6NMnNZq84QvLYbv0ag8Z8p6D+D86fbXwPq4y2AAAAAElFTkSuQmCC', '2023-02-12 16:53:50.970180', '2023-02-12 16:53:50.970182', 'Admin', 'Admin', 0),
	(4, 'ID-879944', 'HPLaptop104', 'HP Laptop 104', NULL, 1, 0, NULL, 2500, 0, NULL, 0, 0, NULL, NULL, '/images/DefaultAsset/HP_Laptop.jpg', NULL, '2023-02-12 16:53:50.558898', '2022-07-12 16:53:50.558899', '0001-01-01 00:00:00.000000', 0, 3, 0, NULL, 'data:image/png;base64,iVBORw0KGgoAAAANSUhEUgAAATYAAACOCAYAAAC7UiQFAAAAAXNSR0IArs4c6QAAFTpJREFUeF7tXWnoddMb3a9Z+MCrRImUjGX6YIzwQT6YZR5eJUIZI2NISiTzPMusFJmFiA8KxQdD+KAMSRSSIXq1973n/u85dz93rWefc9/u/9z1K4Xfufvss/bzrGetZ+9zf0uWL1++POhHCAgBIdAjBJaI2Hq0mnoUISAEEgIiNgWCEBACvUNAxNa7JdUDCQEhIGJTDAgBIdA7BERsvVtSPZAQEAIiNsWAEBACvUNAxNa7JdUDCQEhIGJTDAgBIdA7BERsvVtSPZAQEAI0sS1ZsqSGVvXCQvX/my8wWP+/Cbk1rnWd9aJE835ovs3xveM2n98az/t81Tjs+NX17Do058Pej70OxQHCA82v+bzNeVl4oPhg18/CwVovhIdFQWi+bcdF8Y/yx7q/tR7WurXF08SPffOg9EHRG1so0FHiokAuTUg0Lks83ucrna+Irf5moEUMaN28+M+agGZFmCK2IQIitkHioEBGiYGUIfo8q1AQMXsVSlfzQkQvxTZAGsWZFJul1Yb4SbENgECEY1lvlIgokS2JjpQFG9goQVjCYq9D80J4IDwRXojQEa7e50T4IjxMKzVs/Uix5Vtg02nN8a6oFJsU23gB8BKQN0FLrZKIbfqX9XjXzSJ69djAtyKhCm4FajPw2crJLmzbBGETGSkQdr7qsanHNs15WHGGWhsitgaBWYlmEZIFsIitLsVRICLrg4jS+r3XoqHCgJ5Dim2w7myBLM03dh3YUxBsHlvrywoUWdEhAqi3oh5b3WpbgePF0RuoiHiRwkWEiubvJfDS52NPC4jY1GOjKhybOG0ThA1IlKjsfGVFZUVlRf9XjnVAt6Ho2N4dqvwitgGSpYpGVlRWdDx+kMWdyFsd9xhAIisqKzqeHN7CxRYyby9sVuOWFg7kDBABIQfiLYRWy0SKTYptqoVHTV42QbwJyo5rJZKVIIiw1GOrK20LDx330HGPWo4iZehNLKsXiHqEXsLqal7oeA+q6M3nErHlLb+pZBrvfCP8RGw67pElMJTIKFG9ia7jHvlERxbHS/TsmyhoPRABeZUuu9taqohlRRuvhKAFZL05UjwoEFiiQIoHWRo0jyYe6M0ONhBRIqHn1zm2AdLe9WXXWz226ecyUQFCxD3KW20e1APZIhy2QiPLhogZfR5ZBxGbFJslIuL/R4WNdRDqsanHlrWoUmz5gtI28doqbW9h8SoMKTYptlruo4BgA4xNnLYJwloTtkLKiuYP4LIKFsWHemwcvuqxqceWckWbB2UHTVkiF7HlrbdlR9nCjnq+sqKyorKiBS9zi9jKCgJqrovYGpFVyuBeoFFznf09mi9KHFnRfM1ndwsRfkhpofVBSlgHdPPrJ2ITsdWspHZF681+b4KwPUfvuIggveumzYO6tbXwkBWVFZUVlRUdxQDaBGurdL0OCRUGEZvePMgSGLJMzUD2KgYrEdgEYe/HXuc9R4cqvzfx0HMjK+19TrTbivDIG8byb0URsQ0Vpw7o1i1WM9BKezWs9RKxTT9mIGLLf+tKW8Is7WHquIeOe9R6dFaCithEbDnVNmslKGIbIoB2GbuqIOyuJ6usvNaCHRdZGim2oSUo/DNypYknK6q/UhVjQN/HNswEllBRJUVEiu6DPo+sGSowaNdRL8HXWxMsXmwh0+aBXqmqFW0UEIhwWIUlxZYPvK4IF22mICJB1l2KTYpNim2MxZCS8p6HYis4SlRvokuxTbfAqMB5CZwtqBbh5vprKTELLbx2RYfrr13RuvWQYpNiizGACJAtdKjQiNjy1t8rDCbyVsQmYmMS2atkkCVEvcJmoKLzbohAkAKy7ocUMxoXzUvEJmJLCHgtY2lCosT0VnQrkWVFddwjR26zJszSwqFzbDrHlmIHNctFbCI2Eduk9ZcVHUYFW+GQtVCPTT02xpqrx8Z9MaWVT8j6i9hEbDVliHo6iNh1ji3f8+kqEdGxJdQCQb1J7YoOENIB3WGkeHt36rFNP2jZNkFLe0DovmjdvD1Z1ilY88rZ0PEWBqtcvIRZiq96bOqxqcfW4jxWaeKJ2HRAV4ptLHuk2PLfIoEsGEtAXuXBjstaM6SsSp8TjYtaA1JseevPxouJn86x1YFtAqWvLaojgqwcSmS0S4x6gE1FJmIb9pQKHRLCz7Lm3nOF1rqh8VG8iNiGX4TJJk5bS+OtONYCsvNFvQ+WkLR5kFcQSNGx6+3thc1q3FJFjOLMIkoRm/FV4iggWEvAEoWILV8LWYJE+LFKgb2OVYpo/paCELHVWxVSbPqbB7WcQL08b2JZBMISC3s/9jqWYFjCYq9j7yti8+1mI6vItgak2KTYUgygBESJLGLL/11OhKuXwFmngApQUxHOelxZ0SECqAfEJpq1gKw3R4oH9SRkRbkv+ssb0faEi5rB7Pqw4zTjQcQmxVaLbRFbvseAEhElIJLyaHykBFDlZxUKex0qcAgP7/Miqypiq5eotvhq86Bw+5lVZKXSnV1YZOVQ5UfKkVWu7HxRwJXO17IspfMSsdUtsqWMUUFCBQSNKysqK5rteZUSBSLurpQRImYvYXU1LxGbiC1HuqyytvJnQijogO4AEkQ4LPCIANB90OdZ6yVi0+ZBjkC8StuKRx330HGPWnyJ2OrNa5QgiMjR770FyVtYZm0Z2ZYGOufZLHSyorKisqJjWcBacFYxitjy3bBZE6aITcQmYhOxTbAPqwTbNvml2KYr/HxZ0PexjXBBFpENZGRl0H3Q51nrxSom9n7sdSiRtXmgzYMcGbH5pc2D4XGT0oRExMBaMpTIVu+DHd+aJ5q/ZUWs5nIpjqWWqtQqoedGuHqfs/T5UILOetxSfNGxIqvwWnFu4c0qVSk2fbtHigG0KyZiG6QKIsBSheFt8rMJ7h1XxDZEQG8e6M0DT8Ij5YQsdWniofsiwpJiGyBQmu9SbIAwm4GNKhIr3ZFiQfdF90GJoR6bjnuMFwjTSjXe3EEtDZQfrBW0rrMUKrreyiercKH8QhZ+NB8d0K1bDxGb/vyeR5l6E9FLQLKi2hWd2htBFgQpKbanIsWW/3uT3gSVFc2/OYEsPFI0rGORFTVedvdWJtabewkIEY33vqhCo/uh+aPPewO77XyRZWAJSMRW712xBOTFjR2XXTcrHq1jPWw+obhin9u08rKisqKM9eqKcNleUWniNXs+XqXtfU5UONC5PjMx1WNL0KB4EbHpuEc2UNhEZq9DiYwCta1VErHp74omQpRik2KTYpus+2xPVoqtbrFlRYcIoApuVeBmKLIBxiqCtpXf2yNAzVrWmnkVE6vE2Ou890e9GitRUNxY8YAIy/ucbNyxcYziDuGhHtuQaKXYpNik2KTYUIHRObaGEvNWELRryP6+rQJClRNVfim2ukVh8WAVtRTb9GM1ZlO98Q41UoCWgmWJ0HJWlgPxKmDzOaXYpNik2KTYWKKyjnGhQtMUCiI2UgGyTM8qAim2fC1klSrCj1UK7HVsbw/NXz22utKWYmt8BbgO6NZfmrcS1KpkKAFRIrPEwiYyex2aF6rsbOFhx9E5tnqBaouvFJv+/F6KKJSAIrZ8r8iyKggvROioYHgJnHUK1rzMHpEO6Lryp4mjzrENEfFuSqAEYZvlKFG9FdarmNhEZq/z3h/1dmRFOeVf6pC8+EqxSbG5Kk7bXVwUcKVEbCmnUsJFCtY7LkpMWVFZUUsVT01QNqGQ5GZ7UF5lVao02loaKbYBgqVWTVZU3+7haeXIipLneERs+VLEKj+EH1JaIjYRm4jNoQxYq4MSk01wZL3UY9PmQa6ElCpd74F4tsDozYMhUqXNTNZqTkhPchdJxJb/hlxE1KWWvjRBpdik2KTYpNgmellIcXo3BURsdcTYTQm0S4x6z2yvtlRISLGBv9PZdgG1eZD/bndWYbKbOGg86/ciNhFbbjMItVIsZ4UKK0voZmHQu6IDaFgLjKwVIgB0H/R5VGFRgRGx5c+FoURDv2cT0ausZjVuqdVHBZQVKF3hKWLTN+imGBCxidhyZIAOSmvzYIiatzKxTI8UD6pwKLEt6cz2VJDiQvNHn5diGyCAdpstZd31JglS8EhBm4qD3AxrWkHtig7jQ1ZUVnTciqvHVo8HVAhFbFyhaRKwrCipANkAQ4EqxaY/mMwQPavgpdjqGYXyj81jS+mOCFSKTYqNSeSuLDJrIa2KblV+RCAoYZCCQL9HLZBSyzircUvx1eaBXoKnekEoUVGFQwnDJnTXvSdrXiK2+sFb9djy1p8ldBM/KTYpNim2yfRARC8rOv1VOHaTzHICIjajB2cpA1YBIcXhDfzmAlq9vK4sH5o/slZWJWSfm70/OmZg4cYqP5aAvHiw4yKLLMUmxZYQQJUAMb2ITe+KxjjqavcXWX0RW526Uf558ZQV1QHdbM+PVYjsdSiRWaVlKSjUk0RKESlO73N6E9F7vhMVaut5kRIsxVebB9o8yBIJUpzexEKBjRKPvR97nYgt/84vWierNSFim46nFJsUmxTbWCtDVrROCajXafUUWQVtXWcVTJbQRWwiNhGbiA2+K4yISlZUVlRW1PE9eWxFR4mnHlv9GIZlcdVjGyKAjk+g3grbzEQ9KPb3aL5oYdsmiFdKt50vqqSoaY5+rx5b3rqhHmbbvGDjyLspgeIfxSNrXb3E6sVTVlRWVFZUVlRWFDEt20y0FBZrKdjdJJbp0TkadncKKRy20iIc2PlKseVPwrMHaS0Fg/Bn446NY+QUmsq5dFwpNlnRhIA3QURsg8ApTfzSxEPEgAqS13KXPh9b8Nk4khWtR8wSvSs6AMTbu0MJwgakFJv+/F6uTzRrwiwtHMgZWIrSinOrkHjzZ8JpidhEbDlFmks25jrULNebB/p2j1xssY4IKd0RgYrYRGwMYXktGrKEVmVHPS2kcNF9kdL2PueslRWrXGRFC62oVcH1/4WAEBAC84YA3WObt4lrPkJACAgBCwERm2JDCAiB3iEgYuvdkuqBhIAQELEpBoSAEOgdAiK23i2pHkgICAERm2JACAiB3iEgYuvdkuqBhIAQELEpBoSAEOgdAiK2OVzSd999N+yxxx7mzN55552w++67h88//zwceeSR4aOPPjKv3W677cKTTz4ZNt5443DWWWelf3/ppZfS56uf119/PRxyyCFht912C48++mhYunRp+Omnn8Kxxx4bXnnllYmxTz311HDDDTeENddcc/S7H3/8Mdx3333hwQcfTPPad999w+mnnx4OPPDAsMoqq4yum9W48QY///xzuPvuu0dz2GuvvUKc66GHHhpWX331OVxpTWlWCIjYZoVsi3FnQWzrr79+IqqPP/44Ec4ll1ySvnnj33//DVdeeWW46qqrwn777VdEbJ9++mk46aSTwnvvvTfx1DfeeGM488wzR9/y4SE2z7g//PBDIrFnn312Yg7XXHNNOO+882oE22J59NH/AwREbHO+SBXJVSpt2nSnXVsRyvbbbx+++uqrpGzWXXfd8P3334czzjgjKbqotJqK7fjjj0+EOO0nksq1114bDj744LDrrruGlVZaKbzxxhvh5JNPDptvvnl4+OGHw4YbbpiGqObR5bjxfcqoIK+44opw/fXXh+OOOy6pyfhsl19+eYjYPf3002GbbbaZ89XW9LpCQMTWFZIzGqdrYouq5qGHHgqXXXZZ2GmnnUK0oc8//3zYdtttwyOPPJKIbaONNnIRUO7RoxKM93jxxReT/d1iiy3cxMaO+8svvyQSjfOOBDtuOyu7fu6554YTTjhhNORff/0VnnnmmXDTTTclpbnzzjuHE088MV2z1lpr1W7tuXZGYaBhnQiI2JyArejLuyK2L7/8Mhx11FEpkd98882UvNEiRhsaVVy0qvG/KxLyKKtpBPTWW2+Fxx57LGyyySadEtv4uNVcd9xxx2SpV1555dGUqt/FnmIk2vjzzz//JGV34YUXTkw92vRIjhW5ea5d0bGh+9kIiNjmPDq6IrZKudx2223hzz//TPYwWrfqn++++y5Z0iaxVZsH6623XtpcOProo8NBBx00oWqaMH777bch2s1INldfffVIRTV7bF2M+8cff4RzzjknvPzyy+GWW24J+++/f7LDcQ5RnUabGkk9ktkaa6wR3n777fTfp5xyStpQiZb8119/Tfb8uuuuS0QcNz/ij+faOQ+lhZqeiG3Ol3sWxLbZZpuFs88+O+yzzz7hs88+C7G5/v77708ltnGYmqqmCWFUOXHMaHEfeOCBsNVWW00oqNxua5txo4KLVvLrr7/OrmgkvjinVVddNRHthx9+mHZxI6lVP3Fn95hjjkm4XHTRRelbldlr5zyMFm56IrY5X/KuiC3uhh5++OGJaHbZZZdkQe+9995w6623puMQ8T5R6bz66qvp982fv//+O3zyySfh0ksvDS+88ELafYxHOXKkFhXSPffck/6JRy6m/XQ1biShqK7iLmzsG0YCi8oybmjcfPPNaR7Rilbq7q677jKnVZFg7BPGf2euXW211eY8khZreiK2OV/vrogtjnPaaaeFp556Kmy55ZbhtddeC+eff/7IerL3ieQRSSJuNDR3SyNpxP5UJM/7778/7L333uafe2vCPqtxKwseFVg88ydim/OA72h6IraOgJzVMCzhxPtPuzb+bryH1pwve5+4k3jYYYeFJ554IhFF9fPbb7+ls3HPPfdc6mshpda8/yzGrRr/jz/++IjAq93ab775JsR+4zrrrGMunefaWa2/xi1DQMRWhtsK+xRLOG2J7YMPPggHHHBAIqw999xz4vl+//33dDYt2rm11147KbZNN900XRdP/Mcdxqi6YgM+93kLsFmMG1XZF198Ee68885wxx13JBUZj3tUu6WRRJctW5aIOPblNthgA1NZeq5dYUGhG0EERGwQohV/AfvmgUd1xfNpccdv/EzZ+OcryxbtabSY1hziebQmecWx46FY62f8FaxZjWu9XnbxxReH+M/42bRIphdccEG4/fbbs1MePwztuXbFR4ruaCEgYpvD2JhHYtthhx3CEUcckRRO9RZBBV0bYutq3HFii2PG/l58zWvrrbdORz+aP5Gw4pGXSPRxR3X8p/mWh+faOQynhZySiG0hl10PLQT6jYCIrd/rq6cTAguJgIhtIZddDy0E+o2AiK3f66unEwILiYCIbSGXXQ8tBPqNgIit3+urpxMCC4mAiG0hl10PLQT6jYCIrd/rq6cTAguJgIhtIZddDy0E+o2AiK3f66unEwILicB/DtqTcjMsK+wAAAAASUVORK5CYII=', 'ID-879944', 'data:image/png;base64,iVBORw0KGgoAAAANSUhEUgAAALQAAAC0CAYAAAA9zQYyAAAAAXNSR0IArs4c6QAACr5JREFUeF7tncFy6zgMBJ3//+hsWXnHiONq7FBy3L7KIMFhAwQpWf56PB7fjz/w+f4+H8bX11dlhKs+Vx2u/KFtPvuj7bb0qYgeGn3OtEBD5Sl8FLzkJm1XoJOyF1w3Q5uhj1XKDM2jzwzNtWtZCvRAWYEeiFcyFeiBsAI9EK9kKtADYQV6IF7JdAk0nbCSr/hYivoz2f3TTepE88Ypx8Qfqjs98oybwncaTMNXgX48GrpOQE9zYoZeqJvEW02MGXqC7bltmhOBFujtpdwEdYEeqJfEM0MPxIWmaU7M0GZoMzQMrrEZ3cXTjlM2MENTZbldmhOcoVPDxOW0o6ZAU7s0BqoB3TAmf5J+Z/ZUHzr+yThSnwK9eOw0CZ/EPbMX6LWyE30EWqBxDU0DOiUKgX4+Mggf8KfL9HFXCv5wgPo6AYHefWv52th/jO4U0smkA0kAUeEF+n7PUdO5FOiQ2VNGpEE9mbBJQnBTCJfxBALZLJmhs6p0tfGUY1A/TjIMFZ7Wjxkh9g2aoROwVJ+GHVPmx4rq8zElh0BzSCZwUagnfX7EsZ1AC/Q49ZPobC2pAi3QAk0i8kUbuqS2At4a2k3hi+j+/jWBXstH9XFTWArMRDudMDN0vjv7EZvC1pLaAjMFxM4bJHSMdAwe2/1TjgpP7SbCp0xLYWgE7kQfOo5Jn2bowd1QKrxAW0MfCtwtAwn0/tcUp+dnzNBm6EqioOXGpJT7mFOORmafCG/JYclhyfFCymsELi2rXnD39CuTPnHJMXGY2tIJo/1N7Bq+pvpx5S+FpLWaUG2TBgJNlQ12At0RVqA7usZWBTpKhL4g0Ei2uZFAzzX8rQWB7ugaWxXoKBH6gkAj2eZGAj3X0Azd0RC1KtBItmhkho4Sdb4g0Pt1ffb48X8aRM9nn+JR24bdMZmLNznRPjtY9loV6Js9y0GhFOifIBFogcbv6OvlWd6yQAu0QPP46VnSGpHaWUP35nLSshnaDG2GnkRQy5ZmWmpnhm7N5Kzdr++7PR84G8+v1ukw/qzLiTST04qCBB/TpEAvplqg3y8OBFqg34/ahccCLdAC/W4KWEO/24xxf83QZmhOzw0tBVqgb4gld+lWQNPSIJ0JU3mSP/QMm56eJH9W42z4mvy5ok+BXu2Ywx9rNiZsBWUCSKAfD4EW6Npz1I2AT0Et0AIt0LQmTXYp+uiSmvo9u578aWQgSw7+S6CndmZoM7QZmma8ZJcyohmav4+5sZqk+bqiT/xuO/o0WRKhAS31dRKAV0xmo89WCZS0pdcFevGAfxKVBkrDLp3F0z4FevDz/gRQ44YEbfPYgBReG0CzrED/0GOGNkMv3y9ihjZDHwzQTEvtWn0K9GAyLTl4IAi0JUfMpCnArKH5MWLSll7fXkNTRyebMNpnOmKk5QHdiLb8ofqkcTQCPvkq0AuFWgAlEM5cavmTIDm7nsYh0EFZKhCdsBZACQSB5qWMGdoMTeM9HvfRBJQSyfLk5XkoQZYU6ixWb3Ajg/aZhLWGPkXn5yZH4cZTmksztBk6MXJ6PZVOAm0NvVSgtWJQogWaKvfPjkY87bYFUALBTeFgU7h6WeNugCh4qV5btUvhmvRJ/ZkE2HIjVap1qbYT7pa/WJk0PIGT2KbJJhvf5AftU6DXyk64E+jS03YpGEiApQDanRHv5s+xalpyrI+e6FIt0OsHraiuKWgF2gxdOy9O8JHNb2pToAVaoJ+RlSKFLrnULtVzpGZNvtA+3RTecFOYJnv39d23odP46E6d2k38oQE26ZPOV+yTbgpTw7uvU4FaKw0Fk9olvelqMtGHjoX6OjrlSALuvi7QfBk3Q++m9YX+BFqgzdDFzW1juW0t/2boFzLm7q+Yoc3QZmgzdMw7rVWBJqDkMP7zeurQRKDVYOjOmI4jCUuXcVqqTPxp9UnnZDSW1U+w/sqkNMYxEZ0G0RXJYNKnQA8ooeJRuAauVl4TNvHHDD143dck4i05+JOBVLvJfNEkMwpOS45zSFoTQleFCVwCHcLknSbFGpof6U2CqJUQlsFphjZDf0wNTaPzbgLRcaRa7ooMlHwi1//KanvcWKFvTnqnmkyg15gLdEgDZmiSJ6+zEWiBPhSw5Nh/jJjC3pIjKbS4LtACPfotIgXIGtoa+lCAgmANPUj7F5haQ5dq6JSBaYC1GGkFLvW34U+ak7vdtLpVDZ3EE+j9d/zSnAj04sUuSTyBFui0epmhk0LwlOOK4LPkuNmdQjP0ILoG/2lC7/omb+lmM7W79PdOt74FejKV/E96BNpTjnin0JJj9r/lNLStoalypSV+4A5+i6gZujSZqeTYfUSUsmxjE9aCaxIo1JbW0NTu6SfO0I3JFGh+LEeha9pRMKmdQIfZNEPPcKdgUjuBFugZsQP96AqfVnFLjsWkmKFnvNNMS+3M0IMMc4gH/7CSYpKyE223ZUfBpHYCLdAtlo92KZjU7gB69ZcU1dFubJxm0pQRqfCplKHS0HE2+hNoquoLdnSiBXp2jNgI+DQnZujS46w0iF6Iz9Ov7O4zwSXQk9lc2NKJvmLCJhLQcdI+r9An9WmGNkNTnuNrHMzQWFpe61HRW5ueiQRmaE858NGSQOcX7dBkQe3iOfQkW+y2bR2FrcaR6rkzW+or7a8VfBN/VroK9OAdIpPAoxMq0GvVBVqgY1xSSKhddGjxhUmf+G/dJg43bGnWm/hihn7i8/9/BNoMHamikFC76JAZmtddE3HdFL7PX3Z4yjEk3ZLjzUqOK+pSmhGvWBobR0+tcTTmMgV0o8+Ug/AvVlLDjev0TlgSvuErBZPapTE04Eq6NvpM4xTopBC8TsGkdsnNBlwCnVQP183QvGYV6IuOwqyhO6cKAi3Qo/WElg7ULjkr0AKdGFlep2BSu+SsQA9+tZvEPbueRKc1dKOMSWNMGyaqAR1L8rdxnQZn4mCpAX0/NJ0wenZ73AUqvAej0WbydaKBQK9DDx/bCXQQdhF8At1JTkciMUOfH4WNlj6Bxr8GGuku0ALdqJ+fbVpDL36BnepSGtXW0C2cBTr+FXMDvkabKfisoa2hDwYa8DXaTL4KdGcu3RQOV1t60nNJbQmPPCcBv1sfgRboQ4FWgAn0BZvCCdO7J4xufFMJJNChnqWQpAmbLH/Up8aduRZA1NeWP7sD3pJjSPnuCUsBL9DeKRwhLdDnz26nMoee9CTNP/7W94ToJO5Z260l3gxthq6cbafs1AKa7jGoXUoGjXZTEvn4DN0QXaB/UG9oK9AhjTREn0zmxB9qS+3M0EGBtItvCN9oU6DN0PGO1QSSxmaplZ0mAUZtqV1LAzpfnkOX6rxJ8E3gorbUTqAtOeJKNIGL2lK7PwV0Gkzjekv4M1/TjpreHJgsqXfqM+15djMwKjkazqY2BXqtEAWMBi7tL83zJODxOfTEKWor0AKdgk+gF4wk8e60/D99oRmTjpP2RxNa2mxbcgRl6URfAdcVfQr0JDSLR2xuCtlregVaoKMC77QqvB3QUf0bfeEKcSe78TNb+iRemopGu1dongLeP95MJMDrSXiBZsImXQWa6RqtkvACHSX89QtJV4FmukarJLxARwkFmknUsRLoa3Q1Q3d0X/5aY9VlY/OWzqgbwVeSNeoq0CXlG5DQNgW6NMnNZq84QvLYbv0ag8Z8p6D+D86fbXwPq4y2AAAAAElFTkSuQmCC', '2023-02-12 16:53:51.165546', '2023-02-12 16:53:51.165548', 'Admin', 'Admin', 0),
	(5, 'ID-481202', 'HPLaptop105', 'HP Laptop 105', NULL, 1, 0, NULL, 2500, 0, NULL, 0, 0, NULL, NULL, '/images/DefaultAsset/HP_Laptop.jpg', NULL, '2023-02-12 16:53:50.558930', '2022-07-12 16:53:50.558930', '0001-01-01 00:00:00.000000', 0, 3, 0, NULL, 'data:image/png;base64,iVBORw0KGgoAAAANSUhEUgAAATYAAACOCAYAAAC7UiQFAAAAAXNSR0IArs4c6QAAFTpJREFUeF7tXWnoddMb3a9Z+MCrRImUjGX6YIzwQT6YZR5eJUIZI2NISiTzPMusFJmFiA8KxQdD+KAMSRSSIXq1973n/u85dz93rWefc9/u/9z1K4Xfufvss/bzrGetZ+9zf0uWL1++POhHCAgBIdAjBJaI2Hq0mnoUISAEEgIiNgWCEBACvUNAxNa7JdUDCQEhIGJTDAgBIdA7BERsvVtSPZAQEAIiNsWAEBACvUNAxNa7JdUDCQEhIGJTDAgBIdA7BERsvVtSPZAQEAI0sS1ZsqSGVvXCQvX/my8wWP+/Cbk1rnWd9aJE835ovs3xveM2n98az/t81Tjs+NX17Do058Pej70OxQHCA82v+bzNeVl4oPhg18/CwVovhIdFQWi+bcdF8Y/yx7q/tR7WurXF08SPffOg9EHRG1so0FHiokAuTUg0Lks83ucrna+Irf5moEUMaN28+M+agGZFmCK2IQIitkHioEBGiYGUIfo8q1AQMXsVSlfzQkQvxTZAGsWZFJul1Yb4SbENgECEY1lvlIgokS2JjpQFG9goQVjCYq9D80J4IDwRXojQEa7e50T4IjxMKzVs/Uix5Vtg02nN8a6oFJsU23gB8BKQN0FLrZKIbfqX9XjXzSJ69djAtyKhCm4FajPw2crJLmzbBGETGSkQdr7qsanHNs15WHGGWhsitgaBWYlmEZIFsIitLsVRICLrg4jS+r3XoqHCgJ5Dim2w7myBLM03dh3YUxBsHlvrywoUWdEhAqi3oh5b3WpbgePF0RuoiHiRwkWEiubvJfDS52NPC4jY1GOjKhybOG0ThA1IlKjsfGVFZUVlRf9XjnVAt6Ho2N4dqvwitgGSpYpGVlRWdDx+kMWdyFsd9xhAIisqKzqeHN7CxRYyby9sVuOWFg7kDBABIQfiLYRWy0SKTYptqoVHTV42QbwJyo5rJZKVIIiw1GOrK20LDx330HGPWo4iZehNLKsXiHqEXsLqal7oeA+q6M3nErHlLb+pZBrvfCP8RGw67pElMJTIKFG9ia7jHvlERxbHS/TsmyhoPRABeZUuu9taqohlRRuvhKAFZL05UjwoEFiiQIoHWRo0jyYe6M0ONhBRIqHn1zm2AdLe9WXXWz226ecyUQFCxD3KW20e1APZIhy2QiPLhogZfR5ZBxGbFJslIuL/R4WNdRDqsanHlrWoUmz5gtI28doqbW9h8SoMKTYptlruo4BgA4xNnLYJwloTtkLKiuYP4LIKFsWHemwcvuqxqceWckWbB2UHTVkiF7HlrbdlR9nCjnq+sqKyorKiBS9zi9jKCgJqrovYGpFVyuBeoFFznf09mi9KHFnRfM1ndwsRfkhpofVBSlgHdPPrJ2ITsdWspHZF681+b4KwPUfvuIggveumzYO6tbXwkBWVFZUVlRUdxQDaBGurdL0OCRUGEZvePMgSGLJMzUD2KgYrEdgEYe/HXuc9R4cqvzfx0HMjK+19TrTbivDIG8byb0URsQ0Vpw7o1i1WM9BKezWs9RKxTT9mIGLLf+tKW8Is7WHquIeOe9R6dFaCithEbDnVNmslKGIbIoB2GbuqIOyuJ6usvNaCHRdZGim2oSUo/DNypYknK6q/UhVjQN/HNswEllBRJUVEiu6DPo+sGSowaNdRL8HXWxMsXmwh0+aBXqmqFW0UEIhwWIUlxZYPvK4IF22mICJB1l2KTYpNim2MxZCS8p6HYis4SlRvokuxTbfAqMB5CZwtqBbh5vprKTELLbx2RYfrr13RuvWQYpNiizGACJAtdKjQiNjy1t8rDCbyVsQmYmMS2atkkCVEvcJmoKLzbohAkAKy7ocUMxoXzUvEJmJLCHgtY2lCosT0VnQrkWVFddwjR26zJszSwqFzbDrHlmIHNctFbCI2Eduk9ZcVHUYFW+GQtVCPTT02xpqrx8Z9MaWVT8j6i9hEbDVliHo6iNh1ji3f8+kqEdGxJdQCQb1J7YoOENIB3WGkeHt36rFNP2jZNkFLe0DovmjdvD1Z1ilY88rZ0PEWBqtcvIRZiq96bOqxqcfW4jxWaeKJ2HRAV4ptLHuk2PLfIoEsGEtAXuXBjstaM6SsSp8TjYtaA1JseevPxouJn86x1YFtAqWvLaojgqwcSmS0S4x6gE1FJmIb9pQKHRLCz7Lm3nOF1rqh8VG8iNiGX4TJJk5bS+OtONYCsvNFvQ+WkLR5kFcQSNGx6+3thc1q3FJFjOLMIkoRm/FV4iggWEvAEoWILV8LWYJE+LFKgb2OVYpo/paCELHVWxVSbPqbB7WcQL08b2JZBMISC3s/9jqWYFjCYq9j7yti8+1mI6vItgak2KTYUgygBESJLGLL/11OhKuXwFmngApQUxHOelxZ0SECqAfEJpq1gKw3R4oH9SRkRbkv+ssb0faEi5rB7Pqw4zTjQcQmxVaLbRFbvseAEhElIJLyaHykBFDlZxUKex0qcAgP7/Miqypiq5eotvhq86Bw+5lVZKXSnV1YZOVQ5UfKkVWu7HxRwJXO17IspfMSsdUtsqWMUUFCBQSNKysqK5rteZUSBSLurpQRImYvYXU1LxGbiC1HuqyytvJnQijogO4AEkQ4LPCIANB90OdZ6yVi0+ZBjkC8StuKRx330HGPWnyJ2OrNa5QgiMjR770FyVtYZm0Z2ZYGOufZLHSyorKisqJjWcBacFYxitjy3bBZE6aITcQmYhOxTbAPqwTbNvml2KYr/HxZ0PexjXBBFpENZGRl0H3Q51nrxSom9n7sdSiRtXmgzYMcGbH5pc2D4XGT0oRExMBaMpTIVu+DHd+aJ5q/ZUWs5nIpjqWWqtQqoedGuHqfs/T5UILOetxSfNGxIqvwWnFu4c0qVSk2fbtHigG0KyZiG6QKIsBSheFt8rMJ7h1XxDZEQG8e6M0DT8Ij5YQsdWniofsiwpJiGyBQmu9SbIAwm4GNKhIr3ZFiQfdF90GJoR6bjnuMFwjTSjXe3EEtDZQfrBW0rrMUKrreyiercKH8QhZ+NB8d0K1bDxGb/vyeR5l6E9FLQLKi2hWd2htBFgQpKbanIsWW/3uT3gSVFc2/OYEsPFI0rGORFTVedvdWJtabewkIEY33vqhCo/uh+aPPewO77XyRZWAJSMRW712xBOTFjR2XXTcrHq1jPWw+obhin9u08rKisqKM9eqKcNleUWniNXs+XqXtfU5UONC5PjMx1WNL0KB4EbHpuEc2UNhEZq9DiYwCta1VErHp74omQpRik2KTYpus+2xPVoqtbrFlRYcIoApuVeBmKLIBxiqCtpXf2yNAzVrWmnkVE6vE2Ou890e9GitRUNxY8YAIy/ucbNyxcYziDuGhHtuQaKXYpNik2KTYUIHRObaGEvNWELRryP6+rQJClRNVfim2ukVh8WAVtRTb9GM1ZlO98Q41UoCWgmWJ0HJWlgPxKmDzOaXYpNik2KTYWKKyjnGhQtMUCiI2UgGyTM8qAim2fC1klSrCj1UK7HVsbw/NXz22utKWYmt8BbgO6NZfmrcS1KpkKAFRIrPEwiYyex2aF6rsbOFhx9E5tnqBaouvFJv+/F6KKJSAIrZ8r8iyKggvROioYHgJnHUK1rzMHpEO6Lryp4mjzrENEfFuSqAEYZvlKFG9FdarmNhEZq/z3h/1dmRFOeVf6pC8+EqxSbG5Kk7bXVwUcKVEbCmnUsJFCtY7LkpMWVFZUUsVT01QNqGQ5GZ7UF5lVao02loaKbYBgqVWTVZU3+7haeXIipLneERs+VLEKj+EH1JaIjYRm4jNoQxYq4MSk01wZL3UY9PmQa6ElCpd74F4tsDozYMhUqXNTNZqTkhPchdJxJb/hlxE1KWWvjRBpdik2KTYpNgmellIcXo3BURsdcTYTQm0S4x6z2yvtlRISLGBv9PZdgG1eZD/bndWYbKbOGg86/ciNhFbbjMItVIsZ4UKK0voZmHQu6IDaFgLjKwVIgB0H/R5VGFRgRGx5c+FoURDv2cT0ausZjVuqdVHBZQVKF3hKWLTN+imGBCxidhyZIAOSmvzYIiatzKxTI8UD6pwKLEt6cz2VJDiQvNHn5diGyCAdpstZd31JglS8EhBm4qD3AxrWkHtig7jQ1ZUVnTciqvHVo8HVAhFbFyhaRKwrCipANkAQ4EqxaY/mMwQPavgpdjqGYXyj81jS+mOCFSKTYqNSeSuLDJrIa2KblV+RCAoYZCCQL9HLZBSyzircUvx1eaBXoKnekEoUVGFQwnDJnTXvSdrXiK2+sFb9djy1p8ldBM/KTYpNim2yfRARC8rOv1VOHaTzHICIjajB2cpA1YBIcXhDfzmAlq9vK4sH5o/slZWJWSfm70/OmZg4cYqP5aAvHiw4yKLLMUmxZYQQJUAMb2ITe+KxjjqavcXWX0RW526Uf558ZQV1QHdbM+PVYjsdSiRWaVlKSjUk0RKESlO73N6E9F7vhMVaut5kRIsxVebB9o8yBIJUpzexEKBjRKPvR97nYgt/84vWierNSFim46nFJsUmxTbWCtDVrROCajXafUUWQVtXWcVTJbQRWwiNhGbiA2+K4yISlZUVlRW1PE9eWxFR4mnHlv9GIZlcdVjGyKAjk+g3grbzEQ9KPb3aL5oYdsmiFdKt50vqqSoaY5+rx5b3rqhHmbbvGDjyLspgeIfxSNrXb3E6sVTVlRWVFZUVlRWFDEt20y0FBZrKdjdJJbp0TkadncKKRy20iIc2PlKseVPwrMHaS0Fg/Bn446NY+QUmsq5dFwpNlnRhIA3QURsg8ApTfzSxEPEgAqS13KXPh9b8Nk4khWtR8wSvSs6AMTbu0MJwgakFJv+/F6uTzRrwiwtHMgZWIrSinOrkHjzZ8JpidhEbDlFmks25jrULNebB/p2j1xssY4IKd0RgYrYRGwMYXktGrKEVmVHPS2kcNF9kdL2PueslRWrXGRFC62oVcH1/4WAEBAC84YA3WObt4lrPkJACAgBCwERm2JDCAiB3iEgYuvdkuqBhIAQELEpBoSAEOgdAiK23i2pHkgICAERm2JACAiB3iEgYuvdkuqBhIAQELEpBoSAEOgdAiK2OVzSd999N+yxxx7mzN55552w++67h88//zwceeSR4aOPPjKv3W677cKTTz4ZNt5443DWWWelf3/ppZfS56uf119/PRxyyCFht912C48++mhYunRp+Omnn8Kxxx4bXnnllYmxTz311HDDDTeENddcc/S7H3/8Mdx3333hwQcfTPPad999w+mnnx4OPPDAsMoqq4yum9W48QY///xzuPvuu0dz2GuvvUKc66GHHhpWX331OVxpTWlWCIjYZoVsi3FnQWzrr79+IqqPP/44Ec4ll1ySvnnj33//DVdeeWW46qqrwn777VdEbJ9++mk46aSTwnvvvTfx1DfeeGM488wzR9/y4SE2z7g//PBDIrFnn312Yg7XXHNNOO+882oE22J59NH/AwREbHO+SBXJVSpt2nSnXVsRyvbbbx+++uqrpGzWXXfd8P3334czzjgjKbqotJqK7fjjj0+EOO0nksq1114bDj744LDrrruGlVZaKbzxxhvh5JNPDptvvnl4+OGHw4YbbpiGqObR5bjxfcqoIK+44opw/fXXh+OOOy6pyfhsl19+eYjYPf3002GbbbaZ89XW9LpCQMTWFZIzGqdrYouq5qGHHgqXXXZZ2GmnnUK0oc8//3zYdtttwyOPPJKIbaONNnIRUO7RoxKM93jxxReT/d1iiy3cxMaO+8svvyQSjfOOBDtuOyu7fu6554YTTjhhNORff/0VnnnmmXDTTTclpbnzzjuHE088MV2z1lpr1W7tuXZGYaBhnQiI2JyArejLuyK2L7/8Mhx11FEpkd98882UvNEiRhsaVVy0qvG/KxLyKKtpBPTWW2+Fxx57LGyyySadEtv4uNVcd9xxx2SpV1555dGUqt/FnmIk2vjzzz//JGV34YUXTkw92vRIjhW5ea5d0bGh+9kIiNjmPDq6IrZKudx2223hzz//TPYwWrfqn++++y5Z0iaxVZsH6623XtpcOProo8NBBx00oWqaMH777bch2s1INldfffVIRTV7bF2M+8cff4RzzjknvPzyy+GWW24J+++/f7LDcQ5RnUabGkk9ktkaa6wR3n777fTfp5xyStpQiZb8119/Tfb8uuuuS0QcNz/ij+faOQ+lhZqeiG3Ol3sWxLbZZpuFs88+O+yzzz7hs88+C7G5/v77708ltnGYmqqmCWFUOXHMaHEfeOCBsNVWW00oqNxua5txo4KLVvLrr7/OrmgkvjinVVddNRHthx9+mHZxI6lVP3Fn95hjjkm4XHTRRelbldlr5zyMFm56IrY5X/KuiC3uhh5++OGJaHbZZZdkQe+9995w6623puMQ8T5R6bz66qvp982fv//+O3zyySfh0ksvDS+88ELafYxHOXKkFhXSPffck/6JRy6m/XQ1biShqK7iLmzsG0YCi8oybmjcfPPNaR7Rilbq7q677jKnVZFg7BPGf2euXW211eY8khZreiK2OV/vrogtjnPaaaeFp556Kmy55ZbhtddeC+eff/7IerL3ieQRSSJuNDR3SyNpxP5UJM/7778/7L333uafe2vCPqtxKwseFVg88ydim/OA72h6IraOgJzVMCzhxPtPuzb+bryH1pwve5+4k3jYYYeFJ554IhFF9fPbb7+ls3HPPfdc6mshpda8/yzGrRr/jz/++IjAq93ab775JsR+4zrrrGMunefaWa2/xi1DQMRWhtsK+xRLOG2J7YMPPggHHHBAIqw999xz4vl+//33dDYt2rm11147KbZNN900XRdP/Mcdxqi6YgM+93kLsFmMG1XZF198Ee68885wxx13JBUZj3tUu6WRRJctW5aIOPblNthgA1NZeq5dYUGhG0EERGwQohV/AfvmgUd1xfNpccdv/EzZ+OcryxbtabSY1hziebQmecWx46FY62f8FaxZjWu9XnbxxReH+M/42bRIphdccEG4/fbbs1MePwztuXbFR4ruaCEgYpvD2JhHYtthhx3CEUcckRRO9RZBBV0bYutq3HFii2PG/l58zWvrrbdORz+aP5Gw4pGXSPRxR3X8p/mWh+faOQynhZySiG0hl10PLQT6jYCIrd/rq6cTAguJgIhtIZddDy0E+o2AiK3f66unEwILiYCIbSGXXQ8tBPqNgIit3+urpxMCC4mAiG0hl10PLQT6jYCIrd/rq6cTAguJgIhtIZddDy0E+o2AiK3f66unEwILicB/DtqTcjMsK+wAAAAASUVORK5CYII=', 'ID-481202', 'data:image/png;base64,iVBORw0KGgoAAAANSUhEUgAAALQAAAC0CAYAAAA9zQYyAAAAAXNSR0IArs4c6QAACr5JREFUeF7tncFy6zgMBJ3//+hsWXnHiONq7FBy3L7KIMFhAwQpWf56PB7fjz/w+f4+H8bX11dlhKs+Vx2u/KFtPvuj7bb0qYgeGn3OtEBD5Sl8FLzkJm1XoJOyF1w3Q5uhj1XKDM2jzwzNtWtZCvRAWYEeiFcyFeiBsAI9EK9kKtADYQV6IF7JdAk0nbCSr/hYivoz2f3TTepE88Ypx8Qfqjs98oybwncaTMNXgX48GrpOQE9zYoZeqJvEW02MGXqC7bltmhOBFujtpdwEdYEeqJfEM0MPxIWmaU7M0GZoMzQMrrEZ3cXTjlM2MENTZbldmhOcoVPDxOW0o6ZAU7s0BqoB3TAmf5J+Z/ZUHzr+yThSnwK9eOw0CZ/EPbMX6LWyE30EWqBxDU0DOiUKgX4+Mggf8KfL9HFXCv5wgPo6AYHefWv52th/jO4U0smkA0kAUeEF+n7PUdO5FOiQ2VNGpEE9mbBJQnBTCJfxBALZLJmhs6p0tfGUY1A/TjIMFZ7Wjxkh9g2aoROwVJ+GHVPmx4rq8zElh0BzSCZwUagnfX7EsZ1AC/Q49ZPobC2pAi3QAk0i8kUbuqS2At4a2k3hi+j+/jWBXstH9XFTWArMRDudMDN0vjv7EZvC1pLaAjMFxM4bJHSMdAwe2/1TjgpP7SbCp0xLYWgE7kQfOo5Jn2bowd1QKrxAW0MfCtwtAwn0/tcUp+dnzNBm6EqioOXGpJT7mFOORmafCG/JYclhyfFCymsELi2rXnD39CuTPnHJMXGY2tIJo/1N7Bq+pvpx5S+FpLWaUG2TBgJNlQ12At0RVqA7usZWBTpKhL4g0Ei2uZFAzzX8rQWB7ugaWxXoKBH6gkAj2eZGAj3X0Azd0RC1KtBItmhkho4Sdb4g0Pt1ffb48X8aRM9nn+JR24bdMZmLNznRPjtY9loV6Js9y0GhFOifIBFogcbv6OvlWd6yQAu0QPP46VnSGpHaWUP35nLSshnaDG2GnkRQy5ZmWmpnhm7N5Kzdr++7PR84G8+v1ukw/qzLiTST04qCBB/TpEAvplqg3y8OBFqg34/ahccCLdAC/W4KWEO/24xxf83QZmhOzw0tBVqgb4gld+lWQNPSIJ0JU3mSP/QMm56eJH9W42z4mvy5ok+BXu2Ywx9rNiZsBWUCSKAfD4EW6Npz1I2AT0Et0AIt0LQmTXYp+uiSmvo9u578aWQgSw7+S6CndmZoM7QZmma8ZJcyohmav4+5sZqk+bqiT/xuO/o0WRKhAS31dRKAV0xmo89WCZS0pdcFevGAfxKVBkrDLp3F0z4FevDz/gRQ44YEbfPYgBReG0CzrED/0GOGNkMv3y9ihjZDHwzQTEvtWn0K9GAyLTl4IAi0JUfMpCnArKH5MWLSll7fXkNTRyebMNpnOmKk5QHdiLb8ofqkcTQCPvkq0AuFWgAlEM5cavmTIDm7nsYh0EFZKhCdsBZACQSB5qWMGdoMTeM9HvfRBJQSyfLk5XkoQZYU6ixWb3Ajg/aZhLWGPkXn5yZH4cZTmksztBk6MXJ6PZVOAm0NvVSgtWJQogWaKvfPjkY87bYFUALBTeFgU7h6WeNugCh4qV5btUvhmvRJ/ZkE2HIjVap1qbYT7pa/WJk0PIGT2KbJJhvf5AftU6DXyk64E+jS03YpGEiApQDanRHv5s+xalpyrI+e6FIt0OsHraiuKWgF2gxdOy9O8JHNb2pToAVaoJ+RlSKFLrnULtVzpGZNvtA+3RTecFOYJnv39d23odP46E6d2k38oQE26ZPOV+yTbgpTw7uvU4FaKw0Fk9olvelqMtGHjoX6OjrlSALuvi7QfBk3Q++m9YX+BFqgzdDFzW1juW0t/2boFzLm7q+Yoc3QZmgzdMw7rVWBJqDkMP7zeurQRKDVYOjOmI4jCUuXcVqqTPxp9UnnZDSW1U+w/sqkNMYxEZ0G0RXJYNKnQA8ooeJRuAauVl4TNvHHDD143dck4i05+JOBVLvJfNEkMwpOS45zSFoTQleFCVwCHcLknSbFGpof6U2CqJUQlsFphjZDf0wNTaPzbgLRcaRa7ooMlHwi1//KanvcWKFvTnqnmkyg15gLdEgDZmiSJ6+zEWiBPhSw5Nh/jJjC3pIjKbS4LtACPfotIgXIGtoa+lCAgmANPUj7F5haQ5dq6JSBaYC1GGkFLvW34U+ak7vdtLpVDZ3EE+j9d/zSnAj04sUuSTyBFui0epmhk0LwlOOK4LPkuNmdQjP0ILoG/2lC7/omb+lmM7W79PdOt74FejKV/E96BNpTjnin0JJj9r/lNLStoalypSV+4A5+i6gZujSZqeTYfUSUsmxjE9aCaxIo1JbW0NTu6SfO0I3JFGh+LEeha9pRMKmdQIfZNEPPcKdgUjuBFugZsQP96AqfVnFLjsWkmKFnvNNMS+3M0IMMc4gH/7CSYpKyE223ZUfBpHYCLdAtlo92KZjU7gB69ZcU1dFubJxm0pQRqfCplKHS0HE2+hNoquoLdnSiBXp2jNgI+DQnZujS46w0iF6Iz9Ov7O4zwSXQk9lc2NKJvmLCJhLQcdI+r9An9WmGNkNTnuNrHMzQWFpe61HRW5ueiQRmaE858NGSQOcX7dBkQe3iOfQkW+y2bR2FrcaR6rkzW+or7a8VfBN/VroK9OAdIpPAoxMq0GvVBVqgY1xSSKhddGjxhUmf+G/dJg43bGnWm/hihn7i8/9/BNoMHamikFC76JAZmtddE3HdFL7PX3Z4yjEk3ZLjzUqOK+pSmhGvWBobR0+tcTTmMgV0o8+Ug/AvVlLDjev0TlgSvuErBZPapTE04Eq6NvpM4xTopBC8TsGkdsnNBlwCnVQP183QvGYV6IuOwqyhO6cKAi3Qo/WElg7ULjkr0AKdGFlep2BSu+SsQA9+tZvEPbueRKc1dKOMSWNMGyaqAR1L8rdxnQZn4mCpAX0/NJ0wenZ73AUqvAej0WbydaKBQK9DDx/bCXQQdhF8At1JTkciMUOfH4WNlj6Bxr8GGuku0ALdqJ+fbVpDL36BnepSGtXW0C2cBTr+FXMDvkabKfisoa2hDwYa8DXaTL4KdGcu3RQOV1t60nNJbQmPPCcBv1sfgRboQ4FWgAn0BZvCCdO7J4xufFMJJNChnqWQpAmbLH/Up8aduRZA1NeWP7sD3pJjSPnuCUsBL9DeKRwhLdDnz26nMoee9CTNP/7W94ToJO5Z260l3gxthq6cbafs1AKa7jGoXUoGjXZTEvn4DN0QXaB/UG9oK9AhjTREn0zmxB9qS+3M0EGBtItvCN9oU6DN0PGO1QSSxmaplZ0mAUZtqV1LAzpfnkOX6rxJ8E3gorbUTqAtOeJKNIGL2lK7PwV0Gkzjekv4M1/TjpreHJgsqXfqM+15djMwKjkazqY2BXqtEAWMBi7tL83zJODxOfTEKWor0AKdgk+gF4wk8e60/D99oRmTjpP2RxNa2mxbcgRl6URfAdcVfQr0JDSLR2xuCtlregVaoKMC77QqvB3QUf0bfeEKcSe78TNb+iRemopGu1dongLeP95MJMDrSXiBZsImXQWa6RqtkvACHSX89QtJV4FmukarJLxARwkFmknUsRLoa3Q1Q3d0X/5aY9VlY/OWzqgbwVeSNeoq0CXlG5DQNgW6NMnNZq84QvLYbv0ag8Z8p6D+D86fbXwPq4y2AAAAAElFTkSuQmCC', '2023-02-12 16:53:51.281672', '2023-02-12 16:53:51.281673', 'Admin', 'Admin', 0),
	(6, 'ID-144848', 'M1 Chip', 'Macbook Pro m1', NULL, 1, 0, NULL, 2500, 0, NULL, 0, 0, NULL, NULL, '/images/DefaultAsset/Macbook_Pro_m1.jpg', NULL, '2023-02-12 16:53:50.558933', '2022-08-12 16:53:50.558933', '0001-01-01 00:00:00.000000', 0, 1, 0, NULL, 'data:image/png;base64,iVBORw0KGgoAAAANSUhEUgAAATYAAACOCAYAAAC7UiQFAAAAAXNSR0IArs4c6QAAFTpJREFUeF7tXWnoddMb3a9Z+MCrRImUjGX6YIzwQT6YZR5eJUIZI2NISiTzPMusFJmFiA8KxQdD+KAMSRSSIXq1973n/u85dz93rWefc9/u/9z1K4Xfufvss/bzrGetZ+9zf0uWL1++POhHCAgBIdAjBJaI2Hq0mnoUISAEEgIiNgWCEBACvUNAxNa7JdUDCQEhIGJTDAgBIdA7BERsvVtSPZAQEAIiNsWAEBACvUNAxNa7JdUDCQEhIGJTDAgBIdA7BERsvVtSPZAQEAI0sS1ZsqSGVvXCQvX/my8wWP+/Cbk1rnWd9aJE835ovs3xveM2n98az/t81Tjs+NX17Do058Pej70OxQHCA82v+bzNeVl4oPhg18/CwVovhIdFQWi+bcdF8Y/yx7q/tR7WurXF08SPffOg9EHRG1so0FHiokAuTUg0Lks83ucrna+Irf5moEUMaN28+M+agGZFmCK2IQIitkHioEBGiYGUIfo8q1AQMXsVSlfzQkQvxTZAGsWZFJul1Yb4SbENgECEY1lvlIgokS2JjpQFG9goQVjCYq9D80J4IDwRXojQEa7e50T4IjxMKzVs/Uix5Vtg02nN8a6oFJsU23gB8BKQN0FLrZKIbfqX9XjXzSJ69djAtyKhCm4FajPw2crJLmzbBGETGSkQdr7qsanHNs15WHGGWhsitgaBWYlmEZIFsIitLsVRICLrg4jS+r3XoqHCgJ5Dim2w7myBLM03dh3YUxBsHlvrywoUWdEhAqi3oh5b3WpbgePF0RuoiHiRwkWEiubvJfDS52NPC4jY1GOjKhybOG0ThA1IlKjsfGVFZUVlRf9XjnVAt6Ho2N4dqvwitgGSpYpGVlRWdDx+kMWdyFsd9xhAIisqKzqeHN7CxRYyby9sVuOWFg7kDBABIQfiLYRWy0SKTYptqoVHTV42QbwJyo5rJZKVIIiw1GOrK20LDx330HGPWo4iZehNLKsXiHqEXsLqal7oeA+q6M3nErHlLb+pZBrvfCP8RGw67pElMJTIKFG9ia7jHvlERxbHS/TsmyhoPRABeZUuu9taqohlRRuvhKAFZL05UjwoEFiiQIoHWRo0jyYe6M0ONhBRIqHn1zm2AdLe9WXXWz226ecyUQFCxD3KW20e1APZIhy2QiPLhogZfR5ZBxGbFJslIuL/R4WNdRDqsanHlrWoUmz5gtI28doqbW9h8SoMKTYptlruo4BgA4xNnLYJwloTtkLKiuYP4LIKFsWHemwcvuqxqceWckWbB2UHTVkiF7HlrbdlR9nCjnq+sqKyorKiBS9zi9jKCgJqrovYGpFVyuBeoFFznf09mi9KHFnRfM1ndwsRfkhpofVBSlgHdPPrJ2ITsdWspHZF681+b4KwPUfvuIggveumzYO6tbXwkBWVFZUVlRUdxQDaBGurdL0OCRUGEZvePMgSGLJMzUD2KgYrEdgEYe/HXuc9R4cqvzfx0HMjK+19TrTbivDIG8byb0URsQ0Vpw7o1i1WM9BKezWs9RKxTT9mIGLLf+tKW8Is7WHquIeOe9R6dFaCithEbDnVNmslKGIbIoB2GbuqIOyuJ6usvNaCHRdZGim2oSUo/DNypYknK6q/UhVjQN/HNswEllBRJUVEiu6DPo+sGSowaNdRL8HXWxMsXmwh0+aBXqmqFW0UEIhwWIUlxZYPvK4IF22mICJB1l2KTYpNim2MxZCS8p6HYis4SlRvokuxTbfAqMB5CZwtqBbh5vprKTELLbx2RYfrr13RuvWQYpNiizGACJAtdKjQiNjy1t8rDCbyVsQmYmMS2atkkCVEvcJmoKLzbohAkAKy7ocUMxoXzUvEJmJLCHgtY2lCosT0VnQrkWVFddwjR26zJszSwqFzbDrHlmIHNctFbCI2Eduk9ZcVHUYFW+GQtVCPTT02xpqrx8Z9MaWVT8j6i9hEbDVliHo6iNh1ji3f8+kqEdGxJdQCQb1J7YoOENIB3WGkeHt36rFNP2jZNkFLe0DovmjdvD1Z1ilY88rZ0PEWBqtcvIRZiq96bOqxqcfW4jxWaeKJ2HRAV4ptLHuk2PLfIoEsGEtAXuXBjstaM6SsSp8TjYtaA1JseevPxouJn86x1YFtAqWvLaojgqwcSmS0S4x6gE1FJmIb9pQKHRLCz7Lm3nOF1rqh8VG8iNiGX4TJJk5bS+OtONYCsvNFvQ+WkLR5kFcQSNGx6+3thc1q3FJFjOLMIkoRm/FV4iggWEvAEoWILV8LWYJE+LFKgb2OVYpo/paCELHVWxVSbPqbB7WcQL08b2JZBMISC3s/9jqWYFjCYq9j7yti8+1mI6vItgak2KTYUgygBESJLGLL/11OhKuXwFmngApQUxHOelxZ0SECqAfEJpq1gKw3R4oH9SRkRbkv+ssb0faEi5rB7Pqw4zTjQcQmxVaLbRFbvseAEhElIJLyaHykBFDlZxUKex0qcAgP7/Miqypiq5eotvhq86Bw+5lVZKXSnV1YZOVQ5UfKkVWu7HxRwJXO17IspfMSsdUtsqWMUUFCBQSNKysqK5rteZUSBSLurpQRImYvYXU1LxGbiC1HuqyytvJnQijogO4AEkQ4LPCIANB90OdZ6yVi0+ZBjkC8StuKRx330HGPWnyJ2OrNa5QgiMjR770FyVtYZm0Z2ZYGOufZLHSyorKisqJjWcBacFYxitjy3bBZE6aITcQmYhOxTbAPqwTbNvml2KYr/HxZ0PexjXBBFpENZGRl0H3Q51nrxSom9n7sdSiRtXmgzYMcGbH5pc2D4XGT0oRExMBaMpTIVu+DHd+aJ5q/ZUWs5nIpjqWWqtQqoedGuHqfs/T5UILOetxSfNGxIqvwWnFu4c0qVSk2fbtHigG0KyZiG6QKIsBSheFt8rMJ7h1XxDZEQG8e6M0DT8Ij5YQsdWniofsiwpJiGyBQmu9SbIAwm4GNKhIr3ZFiQfdF90GJoR6bjnuMFwjTSjXe3EEtDZQfrBW0rrMUKrreyiercKH8QhZ+NB8d0K1bDxGb/vyeR5l6E9FLQLKi2hWd2htBFgQpKbanIsWW/3uT3gSVFc2/OYEsPFI0rGORFTVedvdWJtabewkIEY33vqhCo/uh+aPPewO77XyRZWAJSMRW712xBOTFjR2XXTcrHq1jPWw+obhin9u08rKisqKM9eqKcNleUWniNXs+XqXtfU5UONC5PjMx1WNL0KB4EbHpuEc2UNhEZq9DiYwCta1VErHp74omQpRik2KTYpus+2xPVoqtbrFlRYcIoApuVeBmKLIBxiqCtpXf2yNAzVrWmnkVE6vE2Ou890e9GitRUNxY8YAIy/ucbNyxcYziDuGhHtuQaKXYpNik2KTYUIHRObaGEvNWELRryP6+rQJClRNVfim2ukVh8WAVtRTb9GM1ZlO98Q41UoCWgmWJ0HJWlgPxKmDzOaXYpNik2KTYWKKyjnGhQtMUCiI2UgGyTM8qAim2fC1klSrCj1UK7HVsbw/NXz22utKWYmt8BbgO6NZfmrcS1KpkKAFRIrPEwiYyex2aF6rsbOFhx9E5tnqBaouvFJv+/F6KKJSAIrZ8r8iyKggvROioYHgJnHUK1rzMHpEO6Lryp4mjzrENEfFuSqAEYZvlKFG9FdarmNhEZq/z3h/1dmRFOeVf6pC8+EqxSbG5Kk7bXVwUcKVEbCmnUsJFCtY7LkpMWVFZUUsVT01QNqGQ5GZ7UF5lVao02loaKbYBgqVWTVZU3+7haeXIipLneERs+VLEKj+EH1JaIjYRm4jNoQxYq4MSk01wZL3UY9PmQa6ElCpd74F4tsDozYMhUqXNTNZqTkhPchdJxJb/hlxE1KWWvjRBpdik2KTYpNgmellIcXo3BURsdcTYTQm0S4x6z2yvtlRISLGBv9PZdgG1eZD/bndWYbKbOGg86/ciNhFbbjMItVIsZ4UKK0voZmHQu6IDaFgLjKwVIgB0H/R5VGFRgRGx5c+FoURDv2cT0ausZjVuqdVHBZQVKF3hKWLTN+imGBCxidhyZIAOSmvzYIiatzKxTI8UD6pwKLEt6cz2VJDiQvNHn5diGyCAdpstZd31JglS8EhBm4qD3AxrWkHtig7jQ1ZUVnTciqvHVo8HVAhFbFyhaRKwrCipANkAQ4EqxaY/mMwQPavgpdjqGYXyj81jS+mOCFSKTYqNSeSuLDJrIa2KblV+RCAoYZCCQL9HLZBSyzircUvx1eaBXoKnekEoUVGFQwnDJnTXvSdrXiK2+sFb9djy1p8ldBM/KTYpNim2yfRARC8rOv1VOHaTzHICIjajB2cpA1YBIcXhDfzmAlq9vK4sH5o/slZWJWSfm70/OmZg4cYqP5aAvHiw4yKLLMUmxZYQQJUAMb2ITe+KxjjqavcXWX0RW526Uf558ZQV1QHdbM+PVYjsdSiRWaVlKSjUk0RKESlO73N6E9F7vhMVaut5kRIsxVebB9o8yBIJUpzexEKBjRKPvR97nYgt/84vWierNSFim46nFJsUmxTbWCtDVrROCajXafUUWQVtXWcVTJbQRWwiNhGbiA2+K4yISlZUVlRW1PE9eWxFR4mnHlv9GIZlcdVjGyKAjk+g3grbzEQ9KPb3aL5oYdsmiFdKt50vqqSoaY5+rx5b3rqhHmbbvGDjyLspgeIfxSNrXb3E6sVTVlRWVFZUVlRWFDEt20y0FBZrKdjdJJbp0TkadncKKRy20iIc2PlKseVPwrMHaS0Fg/Bn446NY+QUmsq5dFwpNlnRhIA3QURsg8ApTfzSxEPEgAqS13KXPh9b8Nk4khWtR8wSvSs6AMTbu0MJwgakFJv+/F6uTzRrwiwtHMgZWIrSinOrkHjzZ8JpidhEbDlFmks25jrULNebB/p2j1xssY4IKd0RgYrYRGwMYXktGrKEVmVHPS2kcNF9kdL2PueslRWrXGRFC62oVcH1/4WAEBAC84YA3WObt4lrPkJACAgBCwERm2JDCAiB3iEgYuvdkuqBhIAQELEpBoSAEOgdAiK23i2pHkgICAERm2JACAiB3iEgYuvdkuqBhIAQELEpBoSAEOgdAiK2OVzSd999N+yxxx7mzN55552w++67h88//zwceeSR4aOPPjKv3W677cKTTz4ZNt5443DWWWelf3/ppZfS56uf119/PRxyyCFht912C48++mhYunRp+Omnn8Kxxx4bXnnllYmxTz311HDDDTeENddcc/S7H3/8Mdx3333hwQcfTPPad999w+mnnx4OPPDAsMoqq4yum9W48QY///xzuPvuu0dz2GuvvUKc66GHHhpWX331OVxpTWlWCIjYZoVsi3FnQWzrr79+IqqPP/44Ec4ll1ySvnnj33//DVdeeWW46qqrwn777VdEbJ9++mk46aSTwnvvvTfx1DfeeGM488wzR9/y4SE2z7g//PBDIrFnn312Yg7XXHNNOO+882oE22J59NH/AwREbHO+SBXJVSpt2nSnXVsRyvbbbx+++uqrpGzWXXfd8P3334czzjgjKbqotJqK7fjjj0+EOO0nksq1114bDj744LDrrruGlVZaKbzxxhvh5JNPDptvvnl4+OGHw4YbbpiGqObR5bjxfcqoIK+44opw/fXXh+OOOy6pyfhsl19+eYjYPf3002GbbbaZ89XW9LpCQMTWFZIzGqdrYouq5qGHHgqXXXZZ2GmnnUK0oc8//3zYdtttwyOPPJKIbaONNnIRUO7RoxKM93jxxReT/d1iiy3cxMaO+8svvyQSjfOOBDtuOyu7fu6554YTTjhhNORff/0VnnnmmXDTTTclpbnzzjuHE088MV2z1lpr1W7tuXZGYaBhnQiI2JyArejLuyK2L7/8Mhx11FEpkd98882UvNEiRhsaVVy0qvG/KxLyKKtpBPTWW2+Fxx57LGyyySadEtv4uNVcd9xxx2SpV1555dGUqt/FnmIk2vjzzz//JGV34YUXTkw92vRIjhW5ea5d0bGh+9kIiNjmPDq6IrZKudx2223hzz//TPYwWrfqn++++y5Z0iaxVZsH6623XtpcOProo8NBBx00oWqaMH777bch2s1INldfffVIRTV7bF2M+8cff4RzzjknvPzyy+GWW24J+++/f7LDcQ5RnUabGkk9ktkaa6wR3n777fTfp5xyStpQiZb8119/Tfb8uuuuS0QcNz/ij+faOQ+lhZqeiG3Ol3sWxLbZZpuFs88+O+yzzz7hs88+C7G5/v77708ltnGYmqqmCWFUOXHMaHEfeOCBsNVWW00oqNxua5txo4KLVvLrr7/OrmgkvjinVVddNRHthx9+mHZxI6lVP3Fn95hjjkm4XHTRRelbldlr5zyMFm56IrY5X/KuiC3uhh5++OGJaHbZZZdkQe+9995w6623puMQ8T5R6bz66qvp982fv//+O3zyySfh0ksvDS+88ELafYxHOXKkFhXSPffck/6JRy6m/XQ1biShqK7iLmzsG0YCi8oybmjcfPPNaR7Rilbq7q677jKnVZFg7BPGf2euXW211eY8khZreiK2OV/vrogtjnPaaaeFp556Kmy55ZbhtddeC+eff/7IerL3ieQRSSJuNDR3SyNpxP5UJM/7778/7L333uafe2vCPqtxKwseFVg88ydim/OA72h6IraOgJzVMCzhxPtPuzb+bryH1pwve5+4k3jYYYeFJ554IhFF9fPbb7+ls3HPPfdc6mshpda8/yzGrRr/jz/++IjAq93ab775JsR+4zrrrGMunefaWa2/xi1DQMRWhtsK+xRLOG2J7YMPPggHHHBAIqw999xz4vl+//33dDYt2rm11147KbZNN900XRdP/Mcdxqi6YgM+93kLsFmMG1XZF198Ee68885wxx13JBUZj3tUu6WRRJctW5aIOPblNthgA1NZeq5dYUGhG0EERGwQohV/AfvmgUd1xfNpccdv/EzZ+OcryxbtabSY1hziebQmecWx46FY62f8FaxZjWu9XnbxxReH+M/42bRIphdccEG4/fbbs1MePwztuXbFR4ruaCEgYpvD2JhHYtthhx3CEUcckRRO9RZBBV0bYutq3HFii2PG/l58zWvrrbdORz+aP5Gw4pGXSPRxR3X8p/mWh+faOQynhZySiG0hl10PLQT6jYCIrd/rq6cTAguJgIhtIZddDy0E+o2AiK3f66unEwILiYCIbSGXXQ8tBPqNgIit3+urpxMCC4mAiG0hl10PLQT6jYCIrd/rq6cTAguJgIhtIZddDy0E+o2AiK3f66unEwILicB/DtqTcjMsK+wAAAAASUVORK5CYII=', 'ID-144848', 'data:image/png;base64,iVBORw0KGgoAAAANSUhEUgAAALQAAAC0CAYAAAA9zQYyAAAAAXNSR0IArs4c6QAACr5JREFUeF7tncFy6zgMBJ3//+hsWXnHiONq7FBy3L7KIMFhAwQpWf56PB7fjz/w+f4+H8bX11dlhKs+Vx2u/KFtPvuj7bb0qYgeGn3OtEBD5Sl8FLzkJm1XoJOyF1w3Q5uhj1XKDM2jzwzNtWtZCvRAWYEeiFcyFeiBsAI9EK9kKtADYQV6IF7JdAk0nbCSr/hYivoz2f3TTepE88Ypx8Qfqjs98oybwncaTMNXgX48GrpOQE9zYoZeqJvEW02MGXqC7bltmhOBFujtpdwEdYEeqJfEM0MPxIWmaU7M0GZoMzQMrrEZ3cXTjlM2MENTZbldmhOcoVPDxOW0o6ZAU7s0BqoB3TAmf5J+Z/ZUHzr+yThSnwK9eOw0CZ/EPbMX6LWyE30EWqBxDU0DOiUKgX4+Mggf8KfL9HFXCv5wgPo6AYHefWv52th/jO4U0smkA0kAUeEF+n7PUdO5FOiQ2VNGpEE9mbBJQnBTCJfxBALZLJmhs6p0tfGUY1A/TjIMFZ7Wjxkh9g2aoROwVJ+GHVPmx4rq8zElh0BzSCZwUagnfX7EsZ1AC/Q49ZPobC2pAi3QAk0i8kUbuqS2At4a2k3hi+j+/jWBXstH9XFTWArMRDudMDN0vjv7EZvC1pLaAjMFxM4bJHSMdAwe2/1TjgpP7SbCp0xLYWgE7kQfOo5Jn2bowd1QKrxAW0MfCtwtAwn0/tcUp+dnzNBm6EqioOXGpJT7mFOORmafCG/JYclhyfFCymsELi2rXnD39CuTPnHJMXGY2tIJo/1N7Bq+pvpx5S+FpLWaUG2TBgJNlQ12At0RVqA7usZWBTpKhL4g0Ei2uZFAzzX8rQWB7ugaWxXoKBH6gkAj2eZGAj3X0Azd0RC1KtBItmhkho4Sdb4g0Pt1ffb48X8aRM9nn+JR24bdMZmLNznRPjtY9loV6Js9y0GhFOifIBFogcbv6OvlWd6yQAu0QPP46VnSGpHaWUP35nLSshnaDG2GnkRQy5ZmWmpnhm7N5Kzdr++7PR84G8+v1ukw/qzLiTST04qCBB/TpEAvplqg3y8OBFqg34/ahccCLdAC/W4KWEO/24xxf83QZmhOzw0tBVqgb4gld+lWQNPSIJ0JU3mSP/QMm56eJH9W42z4mvy5ok+BXu2Ywx9rNiZsBWUCSKAfD4EW6Npz1I2AT0Et0AIt0LQmTXYp+uiSmvo9u578aWQgSw7+S6CndmZoM7QZmma8ZJcyohmav4+5sZqk+bqiT/xuO/o0WRKhAS31dRKAV0xmo89WCZS0pdcFevGAfxKVBkrDLp3F0z4FevDz/gRQ44YEbfPYgBReG0CzrED/0GOGNkMv3y9ihjZDHwzQTEvtWn0K9GAyLTl4IAi0JUfMpCnArKH5MWLSll7fXkNTRyebMNpnOmKk5QHdiLb8ofqkcTQCPvkq0AuFWgAlEM5cavmTIDm7nsYh0EFZKhCdsBZACQSB5qWMGdoMTeM9HvfRBJQSyfLk5XkoQZYU6ixWb3Ajg/aZhLWGPkXn5yZH4cZTmksztBk6MXJ6PZVOAm0NvVSgtWJQogWaKvfPjkY87bYFUALBTeFgU7h6WeNugCh4qV5btUvhmvRJ/ZkE2HIjVap1qbYT7pa/WJk0PIGT2KbJJhvf5AftU6DXyk64E+jS03YpGEiApQDanRHv5s+xalpyrI+e6FIt0OsHraiuKWgF2gxdOy9O8JHNb2pToAVaoJ+RlSKFLrnULtVzpGZNvtA+3RTecFOYJnv39d23odP46E6d2k38oQE26ZPOV+yTbgpTw7uvU4FaKw0Fk9olvelqMtGHjoX6OjrlSALuvi7QfBk3Q++m9YX+BFqgzdDFzW1juW0t/2boFzLm7q+Yoc3QZmgzdMw7rVWBJqDkMP7zeurQRKDVYOjOmI4jCUuXcVqqTPxp9UnnZDSW1U+w/sqkNMYxEZ0G0RXJYNKnQA8ooeJRuAauVl4TNvHHDD143dck4i05+JOBVLvJfNEkMwpOS45zSFoTQleFCVwCHcLknSbFGpof6U2CqJUQlsFphjZDf0wNTaPzbgLRcaRa7ooMlHwi1//KanvcWKFvTnqnmkyg15gLdEgDZmiSJ6+zEWiBPhSw5Nh/jJjC3pIjKbS4LtACPfotIgXIGtoa+lCAgmANPUj7F5haQ5dq6JSBaYC1GGkFLvW34U+ak7vdtLpVDZ3EE+j9d/zSnAj04sUuSTyBFui0epmhk0LwlOOK4LPkuNmdQjP0ILoG/2lC7/omb+lmM7W79PdOt74FejKV/E96BNpTjnin0JJj9r/lNLStoalypSV+4A5+i6gZujSZqeTYfUSUsmxjE9aCaxIo1JbW0NTu6SfO0I3JFGh+LEeha9pRMKmdQIfZNEPPcKdgUjuBFugZsQP96AqfVnFLjsWkmKFnvNNMS+3M0IMMc4gH/7CSYpKyE223ZUfBpHYCLdAtlo92KZjU7gB69ZcU1dFubJxm0pQRqfCplKHS0HE2+hNoquoLdnSiBXp2jNgI+DQnZujS46w0iF6Iz9Ov7O4zwSXQk9lc2NKJvmLCJhLQcdI+r9An9WmGNkNTnuNrHMzQWFpe61HRW5ueiQRmaE858NGSQOcX7dBkQe3iOfQkW+y2bR2FrcaR6rkzW+or7a8VfBN/VroK9OAdIpPAoxMq0GvVBVqgY1xSSKhddGjxhUmf+G/dJg43bGnWm/hihn7i8/9/BNoMHamikFC76JAZmtddE3HdFL7PX3Z4yjEk3ZLjzUqOK+pSmhGvWBobR0+tcTTmMgV0o8+Ug/AvVlLDjev0TlgSvuErBZPapTE04Eq6NvpM4xTopBC8TsGkdsnNBlwCnVQP183QvGYV6IuOwqyhO6cKAi3Qo/WElg7ULjkr0AKdGFlep2BSu+SsQA9+tZvEPbueRKc1dKOMSWNMGyaqAR1L8rdxnQZn4mCpAX0/NJ0wenZ73AUqvAej0WbydaKBQK9DDx/bCXQQdhF8At1JTkciMUOfH4WNlj6Bxr8GGuku0ALdqJ+fbVpDL36BnepSGtXW0C2cBTr+FXMDvkabKfisoa2hDwYa8DXaTL4KdGcu3RQOV1t60nNJbQmPPCcBv1sfgRboQ4FWgAn0BZvCCdO7J4xufFMJJNChnqWQpAmbLH/Up8aduRZA1NeWP7sD3pJjSPnuCUsBL9DeKRwhLdDnz26nMoee9CTNP/7W94ToJO5Z260l3gxthq6cbafs1AKa7jGoXUoGjXZTEvn4DN0QXaB/UG9oK9AhjTREn0zmxB9qS+3M0EGBtItvCN9oU6DN0PGO1QSSxmaplZ0mAUZtqV1LAzpfnkOX6rxJ8E3gorbUTqAtOeJKNIGL2lK7PwV0Gkzjekv4M1/TjpreHJgsqXfqM+15djMwKjkazqY2BXqtEAWMBi7tL83zJODxOfTEKWor0AKdgk+gF4wk8e60/D99oRmTjpP2RxNa2mxbcgRl6URfAdcVfQr0JDSLR2xuCtlregVaoKMC77QqvB3QUf0bfeEKcSe78TNb+iRemopGu1dongLeP95MJMDrSXiBZsImXQWa6RqtkvACHSX89QtJV4FmukarJLxARwkFmknUsRLoa3Q1Q3d0X/5aY9VlY/OWzqgbwVeSNeoq0CXlG5DQNgW6NMnNZq84QvLYbv0ag8Z8p6D+D86fbXwPq4y2AAAAAElFTkSuQmCC', '2023-02-12 16:53:51.390367', '2023-02-12 16:53:51.390368', 'Admin', 'Admin', 0),
	(7, 'ID-121958', 'HP123', 'HP Laptop', NULL, 1, 0, NULL, 900, 0, NULL, 0, 0, NULL, NULL, '/images/DefaultAsset/HP_Pavilion_13.jpg', NULL, '2023-02-12 16:53:50.558934', '2022-02-12 16:53:50.558934', '0001-01-01 00:00:00.000000', 0, 1, 0, NULL, 'data:image/png;base64,iVBORw0KGgoAAAANSUhEUgAAATYAAACOCAYAAAC7UiQFAAAAAXNSR0IArs4c6QAAFTpJREFUeF7tXWnoddMb3a9Z+MCrRImUjGX6YIzwQT6YZR5eJUIZI2NISiTzPMusFJmFiA8KxQdD+KAMSRSSIXq1973n/u85dz93rWefc9/u/9z1K4Xfufvss/bzrGetZ+9zf0uWL1++POhHCAgBIdAjBJaI2Hq0mnoUISAEEgIiNgWCEBACvUNAxNa7JdUDCQEhIGJTDAgBIdA7BERsvVtSPZAQEAIiNsWAEBACvUNAxNa7JdUDCQEhIGJTDAgBIdA7BERsvVtSPZAQEAI0sS1ZsqSGVvXCQvX/my8wWP+/Cbk1rnWd9aJE835ovs3xveM2n98az/t81Tjs+NX17Do058Pej70OxQHCA82v+bzNeVl4oPhg18/CwVovhIdFQWi+bcdF8Y/yx7q/tR7WurXF08SPffOg9EHRG1so0FHiokAuTUg0Lks83ucrna+Irf5moEUMaN28+M+agGZFmCK2IQIitkHioEBGiYGUIfo8q1AQMXsVSlfzQkQvxTZAGsWZFJul1Yb4SbENgECEY1lvlIgokS2JjpQFG9goQVjCYq9D80J4IDwRXojQEa7e50T4IjxMKzVs/Uix5Vtg02nN8a6oFJsU23gB8BKQN0FLrZKIbfqX9XjXzSJ69djAtyKhCm4FajPw2crJLmzbBGETGSkQdr7qsanHNs15WHGGWhsitgaBWYlmEZIFsIitLsVRICLrg4jS+r3XoqHCgJ5Dim2w7myBLM03dh3YUxBsHlvrywoUWdEhAqi3oh5b3WpbgePF0RuoiHiRwkWEiubvJfDS52NPC4jY1GOjKhybOG0ThA1IlKjsfGVFZUVlRf9XjnVAt6Ho2N4dqvwitgGSpYpGVlRWdDx+kMWdyFsd9xhAIisqKzqeHN7CxRYyby9sVuOWFg7kDBABIQfiLYRWy0SKTYptqoVHTV42QbwJyo5rJZKVIIiw1GOrK20LDx330HGPWo4iZehNLKsXiHqEXsLqal7oeA+q6M3nErHlLb+pZBrvfCP8RGw67pElMJTIKFG9ia7jHvlERxbHS/TsmyhoPRABeZUuu9taqohlRRuvhKAFZL05UjwoEFiiQIoHWRo0jyYe6M0ONhBRIqHn1zm2AdLe9WXXWz226ecyUQFCxD3KW20e1APZIhy2QiPLhogZfR5ZBxGbFJslIuL/R4WNdRDqsanHlrWoUmz5gtI28doqbW9h8SoMKTYptlruo4BgA4xNnLYJwloTtkLKiuYP4LIKFsWHemwcvuqxqceWckWbB2UHTVkiF7HlrbdlR9nCjnq+sqKyorKiBS9zi9jKCgJqrovYGpFVyuBeoFFznf09mi9KHFnRfM1ndwsRfkhpofVBSlgHdPPrJ2ITsdWspHZF681+b4KwPUfvuIggveumzYO6tbXwkBWVFZUVlRUdxQDaBGurdL0OCRUGEZvePMgSGLJMzUD2KgYrEdgEYe/HXuc9R4cqvzfx0HMjK+19TrTbivDIG8byb0URsQ0Vpw7o1i1WM9BKezWs9RKxTT9mIGLLf+tKW8Is7WHquIeOe9R6dFaCithEbDnVNmslKGIbIoB2GbuqIOyuJ6usvNaCHRdZGim2oSUo/DNypYknK6q/UhVjQN/HNswEllBRJUVEiu6DPo+sGSowaNdRL8HXWxMsXmwh0+aBXqmqFW0UEIhwWIUlxZYPvK4IF22mICJB1l2KTYpNim2MxZCS8p6HYis4SlRvokuxTbfAqMB5CZwtqBbh5vprKTELLbx2RYfrr13RuvWQYpNiizGACJAtdKjQiNjy1t8rDCbyVsQmYmMS2atkkCVEvcJmoKLzbohAkAKy7ocUMxoXzUvEJmJLCHgtY2lCosT0VnQrkWVFddwjR26zJszSwqFzbDrHlmIHNctFbCI2Eduk9ZcVHUYFW+GQtVCPTT02xpqrx8Z9MaWVT8j6i9hEbDVliHo6iNh1ji3f8+kqEdGxJdQCQb1J7YoOENIB3WGkeHt36rFNP2jZNkFLe0DovmjdvD1Z1ilY88rZ0PEWBqtcvIRZiq96bOqxqcfW4jxWaeKJ2HRAV4ptLHuk2PLfIoEsGEtAXuXBjstaM6SsSp8TjYtaA1JseevPxouJn86x1YFtAqWvLaojgqwcSmS0S4x6gE1FJmIb9pQKHRLCz7Lm3nOF1rqh8VG8iNiGX4TJJk5bS+OtONYCsvNFvQ+WkLR5kFcQSNGx6+3thc1q3FJFjOLMIkoRm/FV4iggWEvAEoWILV8LWYJE+LFKgb2OVYpo/paCELHVWxVSbPqbB7WcQL08b2JZBMISC3s/9jqWYFjCYq9j7yti8+1mI6vItgak2KTYUgygBESJLGLL/11OhKuXwFmngApQUxHOelxZ0SECqAfEJpq1gKw3R4oH9SRkRbkv+ssb0faEi5rB7Pqw4zTjQcQmxVaLbRFbvseAEhElIJLyaHykBFDlZxUKex0qcAgP7/Miqypiq5eotvhq86Bw+5lVZKXSnV1YZOVQ5UfKkVWu7HxRwJXO17IspfMSsdUtsqWMUUFCBQSNKysqK5rteZUSBSLurpQRImYvYXU1LxGbiC1HuqyytvJnQijogO4AEkQ4LPCIANB90OdZ6yVi0+ZBjkC8StuKRx330HGPWnyJ2OrNa5QgiMjR770FyVtYZm0Z2ZYGOufZLHSyorKisqJjWcBacFYxitjy3bBZE6aITcQmYhOxTbAPqwTbNvml2KYr/HxZ0PexjXBBFpENZGRl0H3Q51nrxSom9n7sdSiRtXmgzYMcGbH5pc2D4XGT0oRExMBaMpTIVu+DHd+aJ5q/ZUWs5nIpjqWWqtQqoedGuHqfs/T5UILOetxSfNGxIqvwWnFu4c0qVSk2fbtHigG0KyZiG6QKIsBSheFt8rMJ7h1XxDZEQG8e6M0DT8Ij5YQsdWniofsiwpJiGyBQmu9SbIAwm4GNKhIr3ZFiQfdF90GJoR6bjnuMFwjTSjXe3EEtDZQfrBW0rrMUKrreyiercKH8QhZ+NB8d0K1bDxGb/vyeR5l6E9FLQLKi2hWd2htBFgQpKbanIsWW/3uT3gSVFc2/OYEsPFI0rGORFTVedvdWJtabewkIEY33vqhCo/uh+aPPewO77XyRZWAJSMRW712xBOTFjR2XXTcrHq1jPWw+obhin9u08rKisqKM9eqKcNleUWniNXs+XqXtfU5UONC5PjMx1WNL0KB4EbHpuEc2UNhEZq9DiYwCta1VErHp74omQpRik2KTYpus+2xPVoqtbrFlRYcIoApuVeBmKLIBxiqCtpXf2yNAzVrWmnkVE6vE2Ou890e9GitRUNxY8YAIy/ucbNyxcYziDuGhHtuQaKXYpNik2KTYUIHRObaGEvNWELRryP6+rQJClRNVfim2ukVh8WAVtRTb9GM1ZlO98Q41UoCWgmWJ0HJWlgPxKmDzOaXYpNik2KTYWKKyjnGhQtMUCiI2UgGyTM8qAim2fC1klSrCj1UK7HVsbw/NXz22utKWYmt8BbgO6NZfmrcS1KpkKAFRIrPEwiYyex2aF6rsbOFhx9E5tnqBaouvFJv+/F6KKJSAIrZ8r8iyKggvROioYHgJnHUK1rzMHpEO6Lryp4mjzrENEfFuSqAEYZvlKFG9FdarmNhEZq/z3h/1dmRFOeVf6pC8+EqxSbG5Kk7bXVwUcKVEbCmnUsJFCtY7LkpMWVFZUUsVT01QNqGQ5GZ7UF5lVao02loaKbYBgqVWTVZU3+7haeXIipLneERs+VLEKj+EH1JaIjYRm4jNoQxYq4MSk01wZL3UY9PmQa6ElCpd74F4tsDozYMhUqXNTNZqTkhPchdJxJb/hlxE1KWWvjRBpdik2KTYpNgmellIcXo3BURsdcTYTQm0S4x6z2yvtlRISLGBv9PZdgG1eZD/bndWYbKbOGg86/ciNhFbbjMItVIsZ4UKK0voZmHQu6IDaFgLjKwVIgB0H/R5VGFRgRGx5c+FoURDv2cT0ausZjVuqdVHBZQVKF3hKWLTN+imGBCxidhyZIAOSmvzYIiatzKxTI8UD6pwKLEt6cz2VJDiQvNHn5diGyCAdpstZd31JglS8EhBm4qD3AxrWkHtig7jQ1ZUVnTciqvHVo8HVAhFbFyhaRKwrCipANkAQ4EqxaY/mMwQPavgpdjqGYXyj81jS+mOCFSKTYqNSeSuLDJrIa2KblV+RCAoYZCCQL9HLZBSyzircUvx1eaBXoKnekEoUVGFQwnDJnTXvSdrXiK2+sFb9djy1p8ldBM/KTYpNim2yfRARC8rOv1VOHaTzHICIjajB2cpA1YBIcXhDfzmAlq9vK4sH5o/slZWJWSfm70/OmZg4cYqP5aAvHiw4yKLLMUmxZYQQJUAMb2ITe+KxjjqavcXWX0RW526Uf558ZQV1QHdbM+PVYjsdSiRWaVlKSjUk0RKESlO73N6E9F7vhMVaut5kRIsxVebB9o8yBIJUpzexEKBjRKPvR97nYgt/84vWierNSFim46nFJsUmxTbWCtDVrROCajXafUUWQVtXWcVTJbQRWwiNhGbiA2+K4yISlZUVlRW1PE9eWxFR4mnHlv9GIZlcdVjGyKAjk+g3grbzEQ9KPb3aL5oYdsmiFdKt50vqqSoaY5+rx5b3rqhHmbbvGDjyLspgeIfxSNrXb3E6sVTVlRWVFZUVlRWFDEt20y0FBZrKdjdJJbp0TkadncKKRy20iIc2PlKseVPwrMHaS0Fg/Bn446NY+QUmsq5dFwpNlnRhIA3QURsg8ApTfzSxEPEgAqS13KXPh9b8Nk4khWtR8wSvSs6AMTbu0MJwgakFJv+/F6uTzRrwiwtHMgZWIrSinOrkHjzZ8JpidhEbDlFmks25jrULNebB/p2j1xssY4IKd0RgYrYRGwMYXktGrKEVmVHPS2kcNF9kdL2PueslRWrXGRFC62oVcH1/4WAEBAC84YA3WObt4lrPkJACAgBCwERm2JDCAiB3iEgYuvdkuqBhIAQELEpBoSAEOgdAiK23i2pHkgICAERm2JACAiB3iEgYuvdkuqBhIAQELEpBoSAEOgdAiK2OVzSd999N+yxxx7mzN55552w++67h88//zwceeSR4aOPPjKv3W677cKTTz4ZNt5443DWWWelf3/ppZfS56uf119/PRxyyCFht912C48++mhYunRp+Omnn8Kxxx4bXnnllYmxTz311HDDDTeENddcc/S7H3/8Mdx3333hwQcfTPPad999w+mnnx4OPPDAsMoqq4yum9W48QY///xzuPvuu0dz2GuvvUKc66GHHhpWX331OVxpTWlWCIjYZoVsi3FnQWzrr79+IqqPP/44Ec4ll1ySvnnj33//DVdeeWW46qqrwn777VdEbJ9++mk46aSTwnvvvTfx1DfeeGM488wzR9/y4SE2z7g//PBDIrFnn312Yg7XXHNNOO+882oE22J59NH/AwREbHO+SBXJVSpt2nSnXVsRyvbbbx+++uqrpGzWXXfd8P3334czzjgjKbqotJqK7fjjj0+EOO0nksq1114bDj744LDrrruGlVZaKbzxxhvh5JNPDptvvnl4+OGHw4YbbpiGqObR5bjxfcqoIK+44opw/fXXh+OOOy6pyfhsl19+eYjYPf3002GbbbaZ89XW9LpCQMTWFZIzGqdrYouq5qGHHgqXXXZZ2GmnnUK0oc8//3zYdtttwyOPPJKIbaONNnIRUO7RoxKM93jxxReT/d1iiy3cxMaO+8svvyQSjfOOBDtuOyu7fu6554YTTjhhNORff/0VnnnmmXDTTTclpbnzzjuHE088MV2z1lpr1W7tuXZGYaBhnQiI2JyArejLuyK2L7/8Mhx11FEpkd98882UvNEiRhsaVVy0qvG/KxLyKKtpBPTWW2+Fxx57LGyyySadEtv4uNVcd9xxx2SpV1555dGUqt/FnmIk2vjzzz//JGV34YUXTkw92vRIjhW5ea5d0bGh+9kIiNjmPDq6IrZKudx2223hzz//TPYwWrfqn++++y5Z0iaxVZsH6623XtpcOProo8NBBx00oWqaMH777bch2s1INldfffVIRTV7bF2M+8cff4RzzjknvPzyy+GWW24J+++/f7LDcQ5RnUabGkk9ktkaa6wR3n777fTfp5xyStpQiZb8119/Tfb8uuuuS0QcNz/ij+faOQ+lhZqeiG3Ol3sWxLbZZpuFs88+O+yzzz7hs88+C7G5/v77708ltnGYmqqmCWFUOXHMaHEfeOCBsNVWW00oqNxua5txo4KLVvLrr7/OrmgkvjinVVddNRHthx9+mHZxI6lVP3Fn95hjjkm4XHTRRelbldlr5zyMFm56IrY5X/KuiC3uhh5++OGJaHbZZZdkQe+9995w6623puMQ8T5R6bz66qvp982fv//+O3zyySfh0ksvDS+88ELafYxHOXKkFhXSPffck/6JRy6m/XQ1biShqK7iLmzsG0YCi8oybmjcfPPNaR7Rilbq7q677jKnVZFg7BPGf2euXW211eY8khZreiK2OV/vrogtjnPaaaeFp556Kmy55ZbhtddeC+eff/7IerL3ieQRSSJuNDR3SyNpxP5UJM/7778/7L333uafe2vCPqtxKwseFVg88ydim/OA72h6IraOgJzVMCzhxPtPuzb+bryH1pwve5+4k3jYYYeFJ554IhFF9fPbb7+ls3HPPfdc6mshpda8/yzGrRr/jz/++IjAq93ab775JsR+4zrrrGMunefaWa2/xi1DQMRWhtsK+xRLOG2J7YMPPggHHHBAIqw999xz4vl+//33dDYt2rm11147KbZNN900XRdP/Mcdxqi6YgM+93kLsFmMG1XZF198Ee68885wxx13JBUZj3tUu6WRRJctW5aIOPblNthgA1NZeq5dYUGhG0EERGwQohV/AfvmgUd1xfNpccdv/EzZ+OcryxbtabSY1hziebQmecWx46FY62f8FaxZjWu9XnbxxReH+M/42bRIphdccEG4/fbbs1MePwztuXbFR4ruaCEgYpvD2JhHYtthhx3CEUcckRRO9RZBBV0bYutq3HFii2PG/l58zWvrrbdORz+aP5Gw4pGXSPRxR3X8p/mWh+faOQynhZySiG0hl10PLQT6jYCIrd/rq6cTAguJgIhtIZddDy0E+o2AiK3f66unEwILiYCIbSGXXQ8tBPqNgIit3+urpxMCC4mAiG0hl10PLQT6jYCIrd/rq6cTAguJgIhtIZddDy0E+o2AiK3f66unEwILicB/DtqTcjMsK+wAAAAASUVORK5CYII=', 'ID-121958', 'data:image/png;base64,iVBORw0KGgoAAAANSUhEUgAAALQAAAC0CAYAAAA9zQYyAAAAAXNSR0IArs4c6QAACr5JREFUeF7tncFy6zgMBJ3//+hsWXnHiONq7FBy3L7KIMFhAwQpWf56PB7fjz/w+f4+H8bX11dlhKs+Vx2u/KFtPvuj7bb0qYgeGn3OtEBD5Sl8FLzkJm1XoJOyF1w3Q5uhj1XKDM2jzwzNtWtZCvRAWYEeiFcyFeiBsAI9EK9kKtADYQV6IF7JdAk0nbCSr/hYivoz2f3TTepE88Ypx8Qfqjs98oybwncaTMNXgX48GrpOQE9zYoZeqJvEW02MGXqC7bltmhOBFujtpdwEdYEeqJfEM0MPxIWmaU7M0GZoMzQMrrEZ3cXTjlM2MENTZbldmhOcoVPDxOW0o6ZAU7s0BqoB3TAmf5J+Z/ZUHzr+yThSnwK9eOw0CZ/EPbMX6LWyE30EWqBxDU0DOiUKgX4+Mggf8KfL9HFXCv5wgPo6AYHefWv52th/jO4U0smkA0kAUeEF+n7PUdO5FOiQ2VNGpEE9mbBJQnBTCJfxBALZLJmhs6p0tfGUY1A/TjIMFZ7Wjxkh9g2aoROwVJ+GHVPmx4rq8zElh0BzSCZwUagnfX7EsZ1AC/Q49ZPobC2pAi3QAk0i8kUbuqS2At4a2k3hi+j+/jWBXstH9XFTWArMRDudMDN0vjv7EZvC1pLaAjMFxM4bJHSMdAwe2/1TjgpP7SbCp0xLYWgE7kQfOo5Jn2bowd1QKrxAW0MfCtwtAwn0/tcUp+dnzNBm6EqioOXGpJT7mFOORmafCG/JYclhyfFCymsELi2rXnD39CuTPnHJMXGY2tIJo/1N7Bq+pvpx5S+FpLWaUG2TBgJNlQ12At0RVqA7usZWBTpKhL4g0Ei2uZFAzzX8rQWB7ugaWxXoKBH6gkAj2eZGAj3X0Azd0RC1KtBItmhkho4Sdb4g0Pt1ffb48X8aRM9nn+JR24bdMZmLNznRPjtY9loV6Js9y0GhFOifIBFogcbv6OvlWd6yQAu0QPP46VnSGpHaWUP35nLSshnaDG2GnkRQy5ZmWmpnhm7N5Kzdr++7PR84G8+v1ukw/qzLiTST04qCBB/TpEAvplqg3y8OBFqg34/ahccCLdAC/W4KWEO/24xxf83QZmhOzw0tBVqgb4gld+lWQNPSIJ0JU3mSP/QMm56eJH9W42z4mvy5ok+BXu2Ywx9rNiZsBWUCSKAfD4EW6Npz1I2AT0Et0AIt0LQmTXYp+uiSmvo9u578aWQgSw7+S6CndmZoM7QZmma8ZJcyohmav4+5sZqk+bqiT/xuO/o0WRKhAS31dRKAV0xmo89WCZS0pdcFevGAfxKVBkrDLp3F0z4FevDz/gRQ44YEbfPYgBReG0CzrED/0GOGNkMv3y9ihjZDHwzQTEvtWn0K9GAyLTl4IAi0JUfMpCnArKH5MWLSll7fXkNTRyebMNpnOmKk5QHdiLb8ofqkcTQCPvkq0AuFWgAlEM5cavmTIDm7nsYh0EFZKhCdsBZACQSB5qWMGdoMTeM9HvfRBJQSyfLk5XkoQZYU6ixWb3Ajg/aZhLWGPkXn5yZH4cZTmksztBk6MXJ6PZVOAm0NvVSgtWJQogWaKvfPjkY87bYFUALBTeFgU7h6WeNugCh4qV5btUvhmvRJ/ZkE2HIjVap1qbYT7pa/WJk0PIGT2KbJJhvf5AftU6DXyk64E+jS03YpGEiApQDanRHv5s+xalpyrI+e6FIt0OsHraiuKWgF2gxdOy9O8JHNb2pToAVaoJ+RlSKFLrnULtVzpGZNvtA+3RTecFOYJnv39d23odP46E6d2k38oQE26ZPOV+yTbgpTw7uvU4FaKw0Fk9olvelqMtGHjoX6OjrlSALuvi7QfBk3Q++m9YX+BFqgzdDFzW1juW0t/2boFzLm7q+Yoc3QZmgzdMw7rVWBJqDkMP7zeurQRKDVYOjOmI4jCUuXcVqqTPxp9UnnZDSW1U+w/sqkNMYxEZ0G0RXJYNKnQA8ooeJRuAauVl4TNvHHDD143dck4i05+JOBVLvJfNEkMwpOS45zSFoTQleFCVwCHcLknSbFGpof6U2CqJUQlsFphjZDf0wNTaPzbgLRcaRa7ooMlHwi1//KanvcWKFvTnqnmkyg15gLdEgDZmiSJ6+zEWiBPhSw5Nh/jJjC3pIjKbS4LtACPfotIgXIGtoa+lCAgmANPUj7F5haQ5dq6JSBaYC1GGkFLvW34U+ak7vdtLpVDZ3EE+j9d/zSnAj04sUuSTyBFui0epmhk0LwlOOK4LPkuNmdQjP0ILoG/2lC7/omb+lmM7W79PdOt74FejKV/E96BNpTjnin0JJj9r/lNLStoalypSV+4A5+i6gZujSZqeTYfUSUsmxjE9aCaxIo1JbW0NTu6SfO0I3JFGh+LEeha9pRMKmdQIfZNEPPcKdgUjuBFugZsQP96AqfVnFLjsWkmKFnvNNMS+3M0IMMc4gH/7CSYpKyE223ZUfBpHYCLdAtlo92KZjU7gB69ZcU1dFubJxm0pQRqfCplKHS0HE2+hNoquoLdnSiBXp2jNgI+DQnZujS46w0iF6Iz9Ov7O4zwSXQk9lc2NKJvmLCJhLQcdI+r9An9WmGNkNTnuNrHMzQWFpe61HRW5ueiQRmaE858NGSQOcX7dBkQe3iOfQkW+y2bR2FrcaR6rkzW+or7a8VfBN/VroK9OAdIpPAoxMq0GvVBVqgY1xSSKhddGjxhUmf+G/dJg43bGnWm/hihn7i8/9/BNoMHamikFC76JAZmtddE3HdFL7PX3Z4yjEk3ZLjzUqOK+pSmhGvWBobR0+tcTTmMgV0o8+Ug/AvVlLDjev0TlgSvuErBZPapTE04Eq6NvpM4xTopBC8TsGkdsnNBlwCnVQP183QvGYV6IuOwqyhO6cKAi3Qo/WElg7ULjkr0AKdGFlep2BSu+SsQA9+tZvEPbueRKc1dKOMSWNMGyaqAR1L8rdxnQZn4mCpAX0/NJ0wenZ73AUqvAej0WbydaKBQK9DDx/bCXQQdhF8At1JTkciMUOfH4WNlj6Bxr8GGuku0ALdqJ+fbVpDL36BnepSGtXW0C2cBTr+FXMDvkabKfisoa2hDwYa8DXaTL4KdGcu3RQOV1t60nNJbQmPPCcBv1sfgRboQ4FWgAn0BZvCCdO7J4xufFMJJNChnqWQpAmbLH/Up8aduRZA1NeWP7sD3pJjSPnuCUsBL9DeKRwhLdDnz26nMoee9CTNP/7W94ToJO5Z260l3gxthq6cbafs1AKa7jGoXUoGjXZTEvn4DN0QXaB/UG9oK9AhjTREn0zmxB9qS+3M0EGBtItvCN9oU6DN0PGO1QSSxmaplZ0mAUZtqV1LAzpfnkOX6rxJ8E3gorbUTqAtOeJKNIGL2lK7PwV0Gkzjekv4M1/TjpreHJgsqXfqM+15djMwKjkazqY2BXqtEAWMBi7tL83zJODxOfTEKWor0AKdgk+gF4wk8e60/D99oRmTjpP2RxNa2mxbcgRl6URfAdcVfQr0JDSLR2xuCtlregVaoKMC77QqvB3QUf0bfeEKcSe78TNb+iRemopGu1dongLeP95MJMDrSXiBZsImXQWa6RqtkvACHSX89QtJV4FmukarJLxARwkFmknUsRLoa3Q1Q3d0X/5aY9VlY/OWzqgbwVeSNeoq0CXlG5DQNgW6NMnNZq84QvLYbv0ag8Z8p6D+D86fbXwPq4y2AAAAAElFTkSuQmCC', '2023-02-12 16:53:51.452194', '2023-02-12 16:53:51.452196', 'Admin', 'Admin', 0),
	(8, 'ID-188622', 'Samsung123', 'Samsung Curved Monitor', NULL, 1, 0, NULL, 1200, 0, NULL, 0, 0, NULL, NULL, '/images/DefaultAsset/Samsung_Curved_Monitor.jpg', NULL, '2023-02-12 16:53:50.558934', '2022-09-12 16:53:50.558935', '0001-01-01 00:00:00.000000', 0, 3, 0, NULL, 'data:image/png;base64,iVBORw0KGgoAAAANSUhEUgAAATYAAACOCAYAAAC7UiQFAAAAAXNSR0IArs4c6QAAFTpJREFUeF7tXWnoddMb3a9Z+MCrRImUjGX6YIzwQT6YZR5eJUIZI2NISiTzPMusFJmFiA8KxQdD+KAMSRSSIXq1973n/u85dz93rWefc9/u/9z1K4Xfufvss/bzrGetZ+9zf0uWL1++POhHCAgBIdAjBJaI2Hq0mnoUISAEEgIiNgWCEBACvUNAxNa7JdUDCQEhIGJTDAgBIdA7BERsvVtSPZAQEAIiNsWAEBACvUNAxNa7JdUDCQEhIGJTDAgBIdA7BERsvVtSPZAQEAI0sS1ZsqSGVvXCQvX/my8wWP+/Cbk1rnWd9aJE835ovs3xveM2n98az/t81Tjs+NX17Do058Pej70OxQHCA82v+bzNeVl4oPhg18/CwVovhIdFQWi+bcdF8Y/yx7q/tR7WurXF08SPffOg9EHRG1so0FHiokAuTUg0Lks83ucrna+Irf5moEUMaN28+M+agGZFmCK2IQIitkHioEBGiYGUIfo8q1AQMXsVSlfzQkQvxTZAGsWZFJul1Yb4SbENgECEY1lvlIgokS2JjpQFG9goQVjCYq9D80J4IDwRXojQEa7e50T4IjxMKzVs/Uix5Vtg02nN8a6oFJsU23gB8BKQN0FLrZKIbfqX9XjXzSJ69djAtyKhCm4FajPw2crJLmzbBGETGSkQdr7qsanHNs15WHGGWhsitgaBWYlmEZIFsIitLsVRICLrg4jS+r3XoqHCgJ5Dim2w7myBLM03dh3YUxBsHlvrywoUWdEhAqi3oh5b3WpbgePF0RuoiHiRwkWEiubvJfDS52NPC4jY1GOjKhybOG0ThA1IlKjsfGVFZUVlRf9XjnVAt6Ho2N4dqvwitgGSpYpGVlRWdDx+kMWdyFsd9xhAIisqKzqeHN7CxRYyby9sVuOWFg7kDBABIQfiLYRWy0SKTYptqoVHTV42QbwJyo5rJZKVIIiw1GOrK20LDx330HGPWo4iZehNLKsXiHqEXsLqal7oeA+q6M3nErHlLb+pZBrvfCP8RGw67pElMJTIKFG9ia7jHvlERxbHS/TsmyhoPRABeZUuu9taqohlRRuvhKAFZL05UjwoEFiiQIoHWRo0jyYe6M0ONhBRIqHn1zm2AdLe9WXXWz226ecyUQFCxD3KW20e1APZIhy2QiPLhogZfR5ZBxGbFJslIuL/R4WNdRDqsanHlrWoUmz5gtI28doqbW9h8SoMKTYptlruo4BgA4xNnLYJwloTtkLKiuYP4LIKFsWHemwcvuqxqceWckWbB2UHTVkiF7HlrbdlR9nCjnq+sqKyorKiBS9zi9jKCgJqrovYGpFVyuBeoFFznf09mi9KHFnRfM1ndwsRfkhpofVBSlgHdPPrJ2ITsdWspHZF681+b4KwPUfvuIggveumzYO6tbXwkBWVFZUVlRUdxQDaBGurdL0OCRUGEZvePMgSGLJMzUD2KgYrEdgEYe/HXuc9R4cqvzfx0HMjK+19TrTbivDIG8byb0URsQ0Vpw7o1i1WM9BKezWs9RKxTT9mIGLLf+tKW8Is7WHquIeOe9R6dFaCithEbDnVNmslKGIbIoB2GbuqIOyuJ6usvNaCHRdZGim2oSUo/DNypYknK6q/UhVjQN/HNswEllBRJUVEiu6DPo+sGSowaNdRL8HXWxMsXmwh0+aBXqmqFW0UEIhwWIUlxZYPvK4IF22mICJB1l2KTYpNim2MxZCS8p6HYis4SlRvokuxTbfAqMB5CZwtqBbh5vprKTELLbx2RYfrr13RuvWQYpNiizGACJAtdKjQiNjy1t8rDCbyVsQmYmMS2atkkCVEvcJmoKLzbohAkAKy7ocUMxoXzUvEJmJLCHgtY2lCosT0VnQrkWVFddwjR26zJszSwqFzbDrHlmIHNctFbCI2Eduk9ZcVHUYFW+GQtVCPTT02xpqrx8Z9MaWVT8j6i9hEbDVliHo6iNh1ji3f8+kqEdGxJdQCQb1J7YoOENIB3WGkeHt36rFNP2jZNkFLe0DovmjdvD1Z1ilY88rZ0PEWBqtcvIRZiq96bOqxqcfW4jxWaeKJ2HRAV4ptLHuk2PLfIoEsGEtAXuXBjstaM6SsSp8TjYtaA1JseevPxouJn86x1YFtAqWvLaojgqwcSmS0S4x6gE1FJmIb9pQKHRLCz7Lm3nOF1rqh8VG8iNiGX4TJJk5bS+OtONYCsvNFvQ+WkLR5kFcQSNGx6+3thc1q3FJFjOLMIkoRm/FV4iggWEvAEoWILV8LWYJE+LFKgb2OVYpo/paCELHVWxVSbPqbB7WcQL08b2JZBMISC3s/9jqWYFjCYq9j7yti8+1mI6vItgak2KTYUgygBESJLGLL/11OhKuXwFmngApQUxHOelxZ0SECqAfEJpq1gKw3R4oH9SRkRbkv+ssb0faEi5rB7Pqw4zTjQcQmxVaLbRFbvseAEhElIJLyaHykBFDlZxUKex0qcAgP7/Miqypiq5eotvhq86Bw+5lVZKXSnV1YZOVQ5UfKkVWu7HxRwJXO17IspfMSsdUtsqWMUUFCBQSNKysqK5rteZUSBSLurpQRImYvYXU1LxGbiC1HuqyytvJnQijogO4AEkQ4LPCIANB90OdZ6yVi0+ZBjkC8StuKRx330HGPWnyJ2OrNa5QgiMjR770FyVtYZm0Z2ZYGOufZLHSyorKisqJjWcBacFYxitjy3bBZE6aITcQmYhOxTbAPqwTbNvml2KYr/HxZ0PexjXBBFpENZGRl0H3Q51nrxSom9n7sdSiRtXmgzYMcGbH5pc2D4XGT0oRExMBaMpTIVu+DHd+aJ5q/ZUWs5nIpjqWWqtQqoedGuHqfs/T5UILOetxSfNGxIqvwWnFu4c0qVSk2fbtHigG0KyZiG6QKIsBSheFt8rMJ7h1XxDZEQG8e6M0DT8Ij5YQsdWniofsiwpJiGyBQmu9SbIAwm4GNKhIr3ZFiQfdF90GJoR6bjnuMFwjTSjXe3EEtDZQfrBW0rrMUKrreyiercKH8QhZ+NB8d0K1bDxGb/vyeR5l6E9FLQLKi2hWd2htBFgQpKbanIsWW/3uT3gSVFc2/OYEsPFI0rGORFTVedvdWJtabewkIEY33vqhCo/uh+aPPewO77XyRZWAJSMRW712xBOTFjR2XXTcrHq1jPWw+obhin9u08rKisqKM9eqKcNleUWniNXs+XqXtfU5UONC5PjMx1WNL0KB4EbHpuEc2UNhEZq9DiYwCta1VErHp74omQpRik2KTYpus+2xPVoqtbrFlRYcIoApuVeBmKLIBxiqCtpXf2yNAzVrWmnkVE6vE2Ou890e9GitRUNxY8YAIy/ucbNyxcYziDuGhHtuQaKXYpNik2KTYUIHRObaGEvNWELRryP6+rQJClRNVfim2ukVh8WAVtRTb9GM1ZlO98Q41UoCWgmWJ0HJWlgPxKmDzOaXYpNik2KTYWKKyjnGhQtMUCiI2UgGyTM8qAim2fC1klSrCj1UK7HVsbw/NXz22utKWYmt8BbgO6NZfmrcS1KpkKAFRIrPEwiYyex2aF6rsbOFhx9E5tnqBaouvFJv+/F6KKJSAIrZ8r8iyKggvROioYHgJnHUK1rzMHpEO6Lryp4mjzrENEfFuSqAEYZvlKFG9FdarmNhEZq/z3h/1dmRFOeVf6pC8+EqxSbG5Kk7bXVwUcKVEbCmnUsJFCtY7LkpMWVFZUUsVT01QNqGQ5GZ7UF5lVao02loaKbYBgqVWTVZU3+7haeXIipLneERs+VLEKj+EH1JaIjYRm4jNoQxYq4MSk01wZL3UY9PmQa6ElCpd74F4tsDozYMhUqXNTNZqTkhPchdJxJb/hlxE1KWWvjRBpdik2KTYpNgmellIcXo3BURsdcTYTQm0S4x6z2yvtlRISLGBv9PZdgG1eZD/bndWYbKbOGg86/ciNhFbbjMItVIsZ4UKK0voZmHQu6IDaFgLjKwVIgB0H/R5VGFRgRGx5c+FoURDv2cT0ausZjVuqdVHBZQVKF3hKWLTN+imGBCxidhyZIAOSmvzYIiatzKxTI8UD6pwKLEt6cz2VJDiQvNHn5diGyCAdpstZd31JglS8EhBm4qD3AxrWkHtig7jQ1ZUVnTciqvHVo8HVAhFbFyhaRKwrCipANkAQ4EqxaY/mMwQPavgpdjqGYXyj81jS+mOCFSKTYqNSeSuLDJrIa2KblV+RCAoYZCCQL9HLZBSyzircUvx1eaBXoKnekEoUVGFQwnDJnTXvSdrXiK2+sFb9djy1p8ldBM/KTYpNim2yfRARC8rOv1VOHaTzHICIjajB2cpA1YBIcXhDfzmAlq9vK4sH5o/slZWJWSfm70/OmZg4cYqP5aAvHiw4yKLLMUmxZYQQJUAMb2ITe+KxjjqavcXWX0RW526Uf558ZQV1QHdbM+PVYjsdSiRWaVlKSjUk0RKESlO73N6E9F7vhMVaut5kRIsxVebB9o8yBIJUpzexEKBjRKPvR97nYgt/84vWierNSFim46nFJsUmxTbWCtDVrROCajXafUUWQVtXWcVTJbQRWwiNhGbiA2+K4yISlZUVlRW1PE9eWxFR4mnHlv9GIZlcdVjGyKAjk+g3grbzEQ9KPb3aL5oYdsmiFdKt50vqqSoaY5+rx5b3rqhHmbbvGDjyLspgeIfxSNrXb3E6sVTVlRWVFZUVlRWFDEt20y0FBZrKdjdJJbp0TkadncKKRy20iIc2PlKseVPwrMHaS0Fg/Bn446NY+QUmsq5dFwpNlnRhIA3QURsg8ApTfzSxEPEgAqS13KXPh9b8Nk4khWtR8wSvSs6AMTbu0MJwgakFJv+/F6uTzRrwiwtHMgZWIrSinOrkHjzZ8JpidhEbDlFmks25jrULNebB/p2j1xssY4IKd0RgYrYRGwMYXktGrKEVmVHPS2kcNF9kdL2PueslRWrXGRFC62oVcH1/4WAEBAC84YA3WObt4lrPkJACAgBCwERm2JDCAiB3iEgYuvdkuqBhIAQELEpBoSAEOgdAiK23i2pHkgICAERm2JACAiB3iEgYuvdkuqBhIAQELEpBoSAEOgdAiK2OVzSd999N+yxxx7mzN55552w++67h88//zwceeSR4aOPPjKv3W677cKTTz4ZNt5443DWWWelf3/ppZfS56uf119/PRxyyCFht912C48++mhYunRp+Omnn8Kxxx4bXnnllYmxTz311HDDDTeENddcc/S7H3/8Mdx3333hwQcfTPPad999w+mnnx4OPPDAsMoqq4yum9W48QY///xzuPvuu0dz2GuvvUKc66GHHhpWX331OVxpTWlWCIjYZoVsi3FnQWzrr79+IqqPP/44Ec4ll1ySvnnj33//DVdeeWW46qqrwn777VdEbJ9++mk46aSTwnvvvTfx1DfeeGM488wzR9/y4SE2z7g//PBDIrFnn312Yg7XXHNNOO+882oE22J59NH/AwREbHO+SBXJVSpt2nSnXVsRyvbbbx+++uqrpGzWXXfd8P3334czzjgjKbqotJqK7fjjj0+EOO0nksq1114bDj744LDrrruGlVZaKbzxxhvh5JNPDptvvnl4+OGHw4YbbpiGqObR5bjxfcqoIK+44opw/fXXh+OOOy6pyfhsl19+eYjYPf3002GbbbaZ89XW9LpCQMTWFZIzGqdrYouq5qGHHgqXXXZZ2GmnnUK0oc8//3zYdtttwyOPPJKIbaONNnIRUO7RoxKM93jxxReT/d1iiy3cxMaO+8svvyQSjfOOBDtuOyu7fu6554YTTjhhNORff/0VnnnmmXDTTTclpbnzzjuHE088MV2z1lpr1W7tuXZGYaBhnQiI2JyArejLuyK2L7/8Mhx11FEpkd98882UvNEiRhsaVVy0qvG/KxLyKKtpBPTWW2+Fxx57LGyyySadEtv4uNVcd9xxx2SpV1555dGUqt/FnmIk2vjzzz//JGV34YUXTkw92vRIjhW5ea5d0bGh+9kIiNjmPDq6IrZKudx2223hzz//TPYwWrfqn++++y5Z0iaxVZsH6623XtpcOProo8NBBx00oWqaMH777bch2s1INldfffVIRTV7bF2M+8cff4RzzjknvPzyy+GWW24J+++/f7LDcQ5RnUabGkk9ktkaa6wR3n777fTfp5xyStpQiZb8119/Tfb8uuuuS0QcNz/ij+faOQ+lhZqeiG3Ol3sWxLbZZpuFs88+O+yzzz7hs88+C7G5/v77708ltnGYmqqmCWFUOXHMaHEfeOCBsNVWW00oqNxua5txo4KLVvLrr7/OrmgkvjinVVddNRHthx9+mHZxI6lVP3Fn95hjjkm4XHTRRelbldlr5zyMFm56IrY5X/KuiC3uhh5++OGJaHbZZZdkQe+9995w6623puMQ8T5R6bz66qvp982fv//+O3zyySfh0ksvDS+88ELafYxHOXKkFhXSPffck/6JRy6m/XQ1biShqK7iLmzsG0YCi8oybmjcfPPNaR7Rilbq7q677jKnVZFg7BPGf2euXW211eY8khZreiK2OV/vrogtjnPaaaeFp556Kmy55ZbhtddeC+eff/7IerL3ieQRSSJuNDR3SyNpxP5UJM/7778/7L333uafe2vCPqtxKwseFVg88ydim/OA72h6IraOgJzVMCzhxPtPuzb+bryH1pwve5+4k3jYYYeFJ554IhFF9fPbb7+ls3HPPfdc6mshpda8/yzGrRr/jz/++IjAq93ab775JsR+4zrrrGMunefaWa2/xi1DQMRWhtsK+xRLOG2J7YMPPggHHHBAIqw999xz4vl+//33dDYt2rm11147KbZNN900XRdP/Mcdxqi6YgM+93kLsFmMG1XZF198Ee68885wxx13JBUZj3tUu6WRRJctW5aIOPblNthgA1NZeq5dYUGhG0EERGwQohV/AfvmgUd1xfNpccdv/EzZ+OcryxbtabSY1hziebQmecWx46FY62f8FaxZjWu9XnbxxReH+M/42bRIphdccEG4/fbbs1MePwztuXbFR4ruaCEgYpvD2JhHYtthhx3CEUcckRRO9RZBBV0bYutq3HFii2PG/l58zWvrrbdORz+aP5Gw4pGXSPRxR3X8p/mWh+faOQynhZySiG0hl10PLQT6jYCIrd/rq6cTAguJgIhtIZddDy0E+o2AiK3f66unEwILiYCIbSGXXQ8tBPqNgIit3+urpxMCC4mAiG0hl10PLQT6jYCIrd/rq6cTAguJgIhtIZddDy0E+o2AiK3f66unEwILicB/DtqTcjMsK+wAAAAASUVORK5CYII=', 'ID-188622', 'data:image/png;base64,iVBORw0KGgoAAAANSUhEUgAAALQAAAC0CAYAAAA9zQYyAAAAAXNSR0IArs4c6QAACr5JREFUeF7tncFy6zgMBJ3//+hsWXnHiONq7FBy3L7KIMFhAwQpWf56PB7fjz/w+f4+H8bX11dlhKs+Vx2u/KFtPvuj7bb0qYgeGn3OtEBD5Sl8FLzkJm1XoJOyF1w3Q5uhj1XKDM2jzwzNtWtZCvRAWYEeiFcyFeiBsAI9EK9kKtADYQV6IF7JdAk0nbCSr/hYivoz2f3TTepE88Ypx8Qfqjs98oybwncaTMNXgX48GrpOQE9zYoZeqJvEW02MGXqC7bltmhOBFujtpdwEdYEeqJfEM0MPxIWmaU7M0GZoMzQMrrEZ3cXTjlM2MENTZbldmhOcoVPDxOW0o6ZAU7s0BqoB3TAmf5J+Z/ZUHzr+yThSnwK9eOw0CZ/EPbMX6LWyE30EWqBxDU0DOiUKgX4+Mggf8KfL9HFXCv5wgPo6AYHefWv52th/jO4U0smkA0kAUeEF+n7PUdO5FOiQ2VNGpEE9mbBJQnBTCJfxBALZLJmhs6p0tfGUY1A/TjIMFZ7Wjxkh9g2aoROwVJ+GHVPmx4rq8zElh0BzSCZwUagnfX7EsZ1AC/Q49ZPobC2pAi3QAk0i8kUbuqS2At4a2k3hi+j+/jWBXstH9XFTWArMRDudMDN0vjv7EZvC1pLaAjMFxM4bJHSMdAwe2/1TjgpP7SbCp0xLYWgE7kQfOo5Jn2bowd1QKrxAW0MfCtwtAwn0/tcUp+dnzNBm6EqioOXGpJT7mFOORmafCG/JYclhyfFCymsELi2rXnD39CuTPnHJMXGY2tIJo/1N7Bq+pvpx5S+FpLWaUG2TBgJNlQ12At0RVqA7usZWBTpKhL4g0Ei2uZFAzzX8rQWB7ugaWxXoKBH6gkAj2eZGAj3X0Azd0RC1KtBItmhkho4Sdb4g0Pt1ffb48X8aRM9nn+JR24bdMZmLNznRPjtY9loV6Js9y0GhFOifIBFogcbv6OvlWd6yQAu0QPP46VnSGpHaWUP35nLSshnaDG2GnkRQy5ZmWmpnhm7N5Kzdr++7PR84G8+v1ukw/qzLiTST04qCBB/TpEAvplqg3y8OBFqg34/ahccCLdAC/W4KWEO/24xxf83QZmhOzw0tBVqgb4gld+lWQNPSIJ0JU3mSP/QMm56eJH9W42z4mvy5ok+BXu2Ywx9rNiZsBWUCSKAfD4EW6Npz1I2AT0Et0AIt0LQmTXYp+uiSmvo9u578aWQgSw7+S6CndmZoM7QZmma8ZJcyohmav4+5sZqk+bqiT/xuO/o0WRKhAS31dRKAV0xmo89WCZS0pdcFevGAfxKVBkrDLp3F0z4FevDz/gRQ44YEbfPYgBReG0CzrED/0GOGNkMv3y9ihjZDHwzQTEvtWn0K9GAyLTl4IAi0JUfMpCnArKH5MWLSll7fXkNTRyebMNpnOmKk5QHdiLb8ofqkcTQCPvkq0AuFWgAlEM5cavmTIDm7nsYh0EFZKhCdsBZACQSB5qWMGdoMTeM9HvfRBJQSyfLk5XkoQZYU6ixWb3Ajg/aZhLWGPkXn5yZH4cZTmksztBk6MXJ6PZVOAm0NvVSgtWJQogWaKvfPjkY87bYFUALBTeFgU7h6WeNugCh4qV5btUvhmvRJ/ZkE2HIjVap1qbYT7pa/WJk0PIGT2KbJJhvf5AftU6DXyk64E+jS03YpGEiApQDanRHv5s+xalpyrI+e6FIt0OsHraiuKWgF2gxdOy9O8JHNb2pToAVaoJ+RlSKFLrnULtVzpGZNvtA+3RTecFOYJnv39d23odP46E6d2k38oQE26ZPOV+yTbgpTw7uvU4FaKw0Fk9olvelqMtGHjoX6OjrlSALuvi7QfBk3Q++m9YX+BFqgzdDFzW1juW0t/2boFzLm7q+Yoc3QZmgzdMw7rVWBJqDkMP7zeurQRKDVYOjOmI4jCUuXcVqqTPxp9UnnZDSW1U+w/sqkNMYxEZ0G0RXJYNKnQA8ooeJRuAauVl4TNvHHDD143dck4i05+JOBVLvJfNEkMwpOS45zSFoTQleFCVwCHcLknSbFGpof6U2CqJUQlsFphjZDf0wNTaPzbgLRcaRa7ooMlHwi1//KanvcWKFvTnqnmkyg15gLdEgDZmiSJ6+zEWiBPhSw5Nh/jJjC3pIjKbS4LtACPfotIgXIGtoa+lCAgmANPUj7F5haQ5dq6JSBaYC1GGkFLvW34U+ak7vdtLpVDZ3EE+j9d/zSnAj04sUuSTyBFui0epmhk0LwlOOK4LPkuNmdQjP0ILoG/2lC7/omb+lmM7W79PdOt74FejKV/E96BNpTjnin0JJj9r/lNLStoalypSV+4A5+i6gZujSZqeTYfUSUsmxjE9aCaxIo1JbW0NTu6SfO0I3JFGh+LEeha9pRMKmdQIfZNEPPcKdgUjuBFugZsQP96AqfVnFLjsWkmKFnvNNMS+3M0IMMc4gH/7CSYpKyE223ZUfBpHYCLdAtlo92KZjU7gB69ZcU1dFubJxm0pQRqfCplKHS0HE2+hNoquoLdnSiBXp2jNgI+DQnZujS46w0iF6Iz9Ov7O4zwSXQk9lc2NKJvmLCJhLQcdI+r9An9WmGNkNTnuNrHMzQWFpe61HRW5ueiQRmaE858NGSQOcX7dBkQe3iOfQkW+y2bR2FrcaR6rkzW+or7a8VfBN/VroK9OAdIpPAoxMq0GvVBVqgY1xSSKhddGjxhUmf+G/dJg43bGnWm/hihn7i8/9/BNoMHamikFC76JAZmtddE3HdFL7PX3Z4yjEk3ZLjzUqOK+pSmhGvWBobR0+tcTTmMgV0o8+Ug/AvVlLDjev0TlgSvuErBZPapTE04Eq6NvpM4xTopBC8TsGkdsnNBlwCnVQP183QvGYV6IuOwqyhO6cKAi3Qo/WElg7ULjkr0AKdGFlep2BSu+SsQA9+tZvEPbueRKc1dKOMSWNMGyaqAR1L8rdxnQZn4mCpAX0/NJ0wenZ73AUqvAej0WbydaKBQK9DDx/bCXQQdhF8At1JTkciMUOfH4WNlj6Bxr8GGuku0ALdqJ+fbVpDL36BnepSGtXW0C2cBTr+FXMDvkabKfisoa2hDwYa8DXaTL4KdGcu3RQOV1t60nNJbQmPPCcBv1sfgRboQ4FWgAn0BZvCCdO7J4xufFMJJNChnqWQpAmbLH/Up8aduRZA1NeWP7sD3pJjSPnuCUsBL9DeKRwhLdDnz26nMoee9CTNP/7W94ToJO5Z260l3gxthq6cbafs1AKa7jGoXUoGjXZTEvn4DN0QXaB/UG9oK9AhjTREn0zmxB9qS+3M0EGBtItvCN9oU6DN0PGO1QSSxmaplZ0mAUZtqV1LAzpfnkOX6rxJ8E3gorbUTqAtOeJKNIGL2lK7PwV0Gkzjekv4M1/TjpreHJgsqXfqM+15djMwKjkazqY2BXqtEAWMBi7tL83zJODxOfTEKWor0AKdgk+gF4wk8e60/D99oRmTjpP2RxNa2mxbcgRl6URfAdcVfQr0JDSLR2xuCtlregVaoKMC77QqvB3QUf0bfeEKcSe78TNb+iRemopGu1dongLeP95MJMDrSXiBZsImXQWa6RqtkvACHSX89QtJV4FmukarJLxARwkFmknUsRLoa3Q1Q3d0X/5aY9VlY/OWzqgbwVeSNeoq0CXlG5DQNgW6NMnNZq84QvLYbv0ag8Z8p6D+D86fbXwPq4y2AAAAAElFTkSuQmCC', '2023-02-12 16:53:51.530678', '2023-02-12 16:53:51.530679', 'Admin', 'Admin', 0),
	(9, 'ID-460887', 'WD123', 'WD Portable HD', NULL, 1, 0, NULL, 800, 0, NULL, 0, 0, NULL, NULL, '/images/DefaultAsset/WD_Portable_HD.jpg', NULL, '2023-02-12 16:53:50.558935', '2022-12-12 16:53:50.558935', '0001-01-01 00:00:00.000000', 0, 3, 0, NULL, 'data:image/png;base64,iVBORw0KGgoAAAANSUhEUgAAATYAAACOCAYAAAC7UiQFAAAAAXNSR0IArs4c6QAAFTpJREFUeF7tXWnoddMb3a9Z+MCrRImUjGX6YIzwQT6YZR5eJUIZI2NISiTzPMusFJmFiA8KxQdD+KAMSRSSIXq1973n/u85dz93rWefc9/u/9z1K4Xfufvss/bzrGetZ+9zf0uWL1++POhHCAgBIdAjBJaI2Hq0mnoUISAEEgIiNgWCEBACvUNAxNa7JdUDCQEhIGJTDAgBIdA7BERsvVtSPZAQEAIiNsWAEBACvUNAxNa7JdUDCQEhIGJTDAgBIdA7BERsvVtSPZAQEAI0sS1ZsqSGVvXCQvX/my8wWP+/Cbk1rnWd9aJE835ovs3xveM2n98az/t81Tjs+NX17Do058Pej70OxQHCA82v+bzNeVl4oPhg18/CwVovhIdFQWi+bcdF8Y/yx7q/tR7WurXF08SPffOg9EHRG1so0FHiokAuTUg0Lks83ucrna+Irf5moEUMaN28+M+agGZFmCK2IQIitkHioEBGiYGUIfo8q1AQMXsVSlfzQkQvxTZAGsWZFJul1Yb4SbENgECEY1lvlIgokS2JjpQFG9goQVjCYq9D80J4IDwRXojQEa7e50T4IjxMKzVs/Uix5Vtg02nN8a6oFJsU23gB8BKQN0FLrZKIbfqX9XjXzSJ69djAtyKhCm4FajPw2crJLmzbBGETGSkQdr7qsanHNs15WHGGWhsitgaBWYlmEZIFsIitLsVRICLrg4jS+r3XoqHCgJ5Dim2w7myBLM03dh3YUxBsHlvrywoUWdEhAqi3oh5b3WpbgePF0RuoiHiRwkWEiubvJfDS52NPC4jY1GOjKhybOG0ThA1IlKjsfGVFZUVlRf9XjnVAt6Ho2N4dqvwitgGSpYpGVlRWdDx+kMWdyFsd9xhAIisqKzqeHN7CxRYyby9sVuOWFg7kDBABIQfiLYRWy0SKTYptqoVHTV42QbwJyo5rJZKVIIiw1GOrK20LDx330HGPWo4iZehNLKsXiHqEXsLqal7oeA+q6M3nErHlLb+pZBrvfCP8RGw67pElMJTIKFG9ia7jHvlERxbHS/TsmyhoPRABeZUuu9taqohlRRuvhKAFZL05UjwoEFiiQIoHWRo0jyYe6M0ONhBRIqHn1zm2AdLe9WXXWz226ecyUQFCxD3KW20e1APZIhy2QiPLhogZfR5ZBxGbFJslIuL/R4WNdRDqsanHlrWoUmz5gtI28doqbW9h8SoMKTYptlruo4BgA4xNnLYJwloTtkLKiuYP4LIKFsWHemwcvuqxqceWckWbB2UHTVkiF7HlrbdlR9nCjnq+sqKyorKiBS9zi9jKCgJqrovYGpFVyuBeoFFznf09mi9KHFnRfM1ndwsRfkhpofVBSlgHdPPrJ2ITsdWspHZF681+b4KwPUfvuIggveumzYO6tbXwkBWVFZUVlRUdxQDaBGurdL0OCRUGEZvePMgSGLJMzUD2KgYrEdgEYe/HXuc9R4cqvzfx0HMjK+19TrTbivDIG8byb0URsQ0Vpw7o1i1WM9BKezWs9RKxTT9mIGLLf+tKW8Is7WHquIeOe9R6dFaCithEbDnVNmslKGIbIoB2GbuqIOyuJ6usvNaCHRdZGim2oSUo/DNypYknK6q/UhVjQN/HNswEllBRJUVEiu6DPo+sGSowaNdRL8HXWxMsXmwh0+aBXqmqFW0UEIhwWIUlxZYPvK4IF22mICJB1l2KTYpNim2MxZCS8p6HYis4SlRvokuxTbfAqMB5CZwtqBbh5vprKTELLbx2RYfrr13RuvWQYpNiizGACJAtdKjQiNjy1t8rDCbyVsQmYmMS2atkkCVEvcJmoKLzbohAkAKy7ocUMxoXzUvEJmJLCHgtY2lCosT0VnQrkWVFddwjR26zJszSwqFzbDrHlmIHNctFbCI2Eduk9ZcVHUYFW+GQtVCPTT02xpqrx8Z9MaWVT8j6i9hEbDVliHo6iNh1ji3f8+kqEdGxJdQCQb1J7YoOENIB3WGkeHt36rFNP2jZNkFLe0DovmjdvD1Z1ilY88rZ0PEWBqtcvIRZiq96bOqxqcfW4jxWaeKJ2HRAV4ptLHuk2PLfIoEsGEtAXuXBjstaM6SsSp8TjYtaA1JseevPxouJn86x1YFtAqWvLaojgqwcSmS0S4x6gE1FJmIb9pQKHRLCz7Lm3nOF1rqh8VG8iNiGX4TJJk5bS+OtONYCsvNFvQ+WkLR5kFcQSNGx6+3thc1q3FJFjOLMIkoRm/FV4iggWEvAEoWILV8LWYJE+LFKgb2OVYpo/paCELHVWxVSbPqbB7WcQL08b2JZBMISC3s/9jqWYFjCYq9j7yti8+1mI6vItgak2KTYUgygBESJLGLL/11OhKuXwFmngApQUxHOelxZ0SECqAfEJpq1gKw3R4oH9SRkRbkv+ssb0faEi5rB7Pqw4zTjQcQmxVaLbRFbvseAEhElIJLyaHykBFDlZxUKex0qcAgP7/Miqypiq5eotvhq86Bw+5lVZKXSnV1YZOVQ5UfKkVWu7HxRwJXO17IspfMSsdUtsqWMUUFCBQSNKysqK5rteZUSBSLurpQRImYvYXU1LxGbiC1HuqyytvJnQijogO4AEkQ4LPCIANB90OdZ6yVi0+ZBjkC8StuKRx330HGPWnyJ2OrNa5QgiMjR770FyVtYZm0Z2ZYGOufZLHSyorKisqJjWcBacFYxitjy3bBZE6aITcQmYhOxTbAPqwTbNvml2KYr/HxZ0PexjXBBFpENZGRl0H3Q51nrxSom9n7sdSiRtXmgzYMcGbH5pc2D4XGT0oRExMBaMpTIVu+DHd+aJ5q/ZUWs5nIpjqWWqtQqoedGuHqfs/T5UILOetxSfNGxIqvwWnFu4c0qVSk2fbtHigG0KyZiG6QKIsBSheFt8rMJ7h1XxDZEQG8e6M0DT8Ij5YQsdWniofsiwpJiGyBQmu9SbIAwm4GNKhIr3ZFiQfdF90GJoR6bjnuMFwjTSjXe3EEtDZQfrBW0rrMUKrreyiercKH8QhZ+NB8d0K1bDxGb/vyeR5l6E9FLQLKi2hWd2htBFgQpKbanIsWW/3uT3gSVFc2/OYEsPFI0rGORFTVedvdWJtabewkIEY33vqhCo/uh+aPPewO77XyRZWAJSMRW712xBOTFjR2XXTcrHq1jPWw+obhin9u08rKisqKM9eqKcNleUWniNXs+XqXtfU5UONC5PjMx1WNL0KB4EbHpuEc2UNhEZq9DiYwCta1VErHp74omQpRik2KTYpus+2xPVoqtbrFlRYcIoApuVeBmKLIBxiqCtpXf2yNAzVrWmnkVE6vE2Ou890e9GitRUNxY8YAIy/ucbNyxcYziDuGhHtuQaKXYpNik2KTYUIHRObaGEvNWELRryP6+rQJClRNVfim2ukVh8WAVtRTb9GM1ZlO98Q41UoCWgmWJ0HJWlgPxKmDzOaXYpNik2KTYWKKyjnGhQtMUCiI2UgGyTM8qAim2fC1klSrCj1UK7HVsbw/NXz22utKWYmt8BbgO6NZfmrcS1KpkKAFRIrPEwiYyex2aF6rsbOFhx9E5tnqBaouvFJv+/F6KKJSAIrZ8r8iyKggvROioYHgJnHUK1rzMHpEO6Lryp4mjzrENEfFuSqAEYZvlKFG9FdarmNhEZq/z3h/1dmRFOeVf6pC8+EqxSbG5Kk7bXVwUcKVEbCmnUsJFCtY7LkpMWVFZUUsVT01QNqGQ5GZ7UF5lVao02loaKbYBgqVWTVZU3+7haeXIipLneERs+VLEKj+EH1JaIjYRm4jNoQxYq4MSk01wZL3UY9PmQa6ElCpd74F4tsDozYMhUqXNTNZqTkhPchdJxJb/hlxE1KWWvjRBpdik2KTYpNgmellIcXo3BURsdcTYTQm0S4x6z2yvtlRISLGBv9PZdgG1eZD/bndWYbKbOGg86/ciNhFbbjMItVIsZ4UKK0voZmHQu6IDaFgLjKwVIgB0H/R5VGFRgRGx5c+FoURDv2cT0ausZjVuqdVHBZQVKF3hKWLTN+imGBCxidhyZIAOSmvzYIiatzKxTI8UD6pwKLEt6cz2VJDiQvNHn5diGyCAdpstZd31JglS8EhBm4qD3AxrWkHtig7jQ1ZUVnTciqvHVo8HVAhFbFyhaRKwrCipANkAQ4EqxaY/mMwQPavgpdjqGYXyj81jS+mOCFSKTYqNSeSuLDJrIa2KblV+RCAoYZCCQL9HLZBSyzircUvx1eaBXoKnekEoUVGFQwnDJnTXvSdrXiK2+sFb9djy1p8ldBM/KTYpNim2yfRARC8rOv1VOHaTzHICIjajB2cpA1YBIcXhDfzmAlq9vK4sH5o/slZWJWSfm70/OmZg4cYqP5aAvHiw4yKLLMUmxZYQQJUAMb2ITe+KxjjqavcXWX0RW526Uf558ZQV1QHdbM+PVYjsdSiRWaVlKSjUk0RKESlO73N6E9F7vhMVaut5kRIsxVebB9o8yBIJUpzexEKBjRKPvR97nYgt/84vWierNSFim46nFJsUmxTbWCtDVrROCajXafUUWQVtXWcVTJbQRWwiNhGbiA2+K4yISlZUVlRW1PE9eWxFR4mnHlv9GIZlcdVjGyKAjk+g3grbzEQ9KPb3aL5oYdsmiFdKt50vqqSoaY5+rx5b3rqhHmbbvGDjyLspgeIfxSNrXb3E6sVTVlRWVFZUVlRWFDEt20y0FBZrKdjdJJbp0TkadncKKRy20iIc2PlKseVPwrMHaS0Fg/Bn446NY+QUmsq5dFwpNlnRhIA3QURsg8ApTfzSxEPEgAqS13KXPh9b8Nk4khWtR8wSvSs6AMTbu0MJwgakFJv+/F6uTzRrwiwtHMgZWIrSinOrkHjzZ8JpidhEbDlFmks25jrULNebB/p2j1xssY4IKd0RgYrYRGwMYXktGrKEVmVHPS2kcNF9kdL2PueslRWrXGRFC62oVcH1/4WAEBAC84YA3WObt4lrPkJACAgBCwERm2JDCAiB3iEgYuvdkuqBhIAQELEpBoSAEOgdAiK23i2pHkgICAERm2JACAiB3iEgYuvdkuqBhIAQELEpBoSAEOgdAiK2OVzSd999N+yxxx7mzN55552w++67h88//zwceeSR4aOPPjKv3W677cKTTz4ZNt5443DWWWelf3/ppZfS56uf119/PRxyyCFht912C48++mhYunRp+Omnn8Kxxx4bXnnllYmxTz311HDDDTeENddcc/S7H3/8Mdx3333hwQcfTPPad999w+mnnx4OPPDAsMoqq4yum9W48QY///xzuPvuu0dz2GuvvUKc66GHHhpWX331OVxpTWlWCIjYZoVsi3FnQWzrr79+IqqPP/44Ec4ll1ySvnnj33//DVdeeWW46qqrwn777VdEbJ9++mk46aSTwnvvvTfx1DfeeGM488wzR9/y4SE2z7g//PBDIrFnn312Yg7XXHNNOO+882oE22J59NH/AwREbHO+SBXJVSpt2nSnXVsRyvbbbx+++uqrpGzWXXfd8P3334czzjgjKbqotJqK7fjjj0+EOO0nksq1114bDj744LDrrruGlVZaKbzxxhvh5JNPDptvvnl4+OGHw4YbbpiGqObR5bjxfcqoIK+44opw/fXXh+OOOy6pyfhsl19+eYjYPf3002GbbbaZ89XW9LpCQMTWFZIzGqdrYouq5qGHHgqXXXZZ2GmnnUK0oc8//3zYdtttwyOPPJKIbaONNnIRUO7RoxKM93jxxReT/d1iiy3cxMaO+8svvyQSjfOOBDtuOyu7fu6554YTTjhhNORff/0VnnnmmXDTTTclpbnzzjuHE088MV2z1lpr1W7tuXZGYaBhnQiI2JyArejLuyK2L7/8Mhx11FEpkd98882UvNEiRhsaVVy0qvG/KxLyKKtpBPTWW2+Fxx57LGyyySadEtv4uNVcd9xxx2SpV1555dGUqt/FnmIk2vjzzz//JGV34YUXTkw92vRIjhW5ea5d0bGh+9kIiNjmPDq6IrZKudx2223hzz//TPYwWrfqn++++y5Z0iaxVZsH6623XtpcOProo8NBBx00oWqaMH777bch2s1INldfffVIRTV7bF2M+8cff4RzzjknvPzyy+GWW24J+++/f7LDcQ5RnUabGkk9ktkaa6wR3n777fTfp5xyStpQiZb8119/Tfb8uuuuS0QcNz/ij+faOQ+lhZqeiG3Ol3sWxLbZZpuFs88+O+yzzz7hs88+C7G5/v77708ltnGYmqqmCWFUOXHMaHEfeOCBsNVWW00oqNxua5txo4KLVvLrr7/OrmgkvjinVVddNRHthx9+mHZxI6lVP3Fn95hjjkm4XHTRRelbldlr5zyMFm56IrY5X/KuiC3uhh5++OGJaHbZZZdkQe+9995w6623puMQ8T5R6bz66qvp982fv//+O3zyySfh0ksvDS+88ELafYxHOXKkFhXSPffck/6JRy6m/XQ1biShqK7iLmzsG0YCi8oybmjcfPPNaR7Rilbq7q677jKnVZFg7BPGf2euXW211eY8khZreiK2OV/vrogtjnPaaaeFp556Kmy55ZbhtddeC+eff/7IerL3ieQRSSJuNDR3SyNpxP5UJM/7778/7L333uafe2vCPqtxKwseFVg88ydim/OA72h6IraOgJzVMCzhxPtPuzb+bryH1pwve5+4k3jYYYeFJ554IhFF9fPbb7+ls3HPPfdc6mshpda8/yzGrRr/jz/++IjAq93ab775JsR+4zrrrGMunefaWa2/xi1DQMRWhtsK+xRLOG2J7YMPPggHHHBAIqw999xz4vl+//33dDYt2rm11147KbZNN900XRdP/Mcdxqi6YgM+93kLsFmMG1XZF198Ee68885wxx13JBUZj3tUu6WRRJctW5aIOPblNthgA1NZeq5dYUGhG0EERGwQohV/AfvmgUd1xfNpccdv/EzZ+OcryxbtabSY1hziebQmecWx46FY62f8FaxZjWu9XnbxxReH+M/42bRIphdccEG4/fbbs1MePwztuXbFR4ruaCEgYpvD2JhHYtthhx3CEUcckRRO9RZBBV0bYutq3HFii2PG/l58zWvrrbdORz+aP5Gw4pGXSPRxR3X8p/mWh+faOQynhZySiG0hl10PLQT6jYCIrd/rq6cTAguJgIhtIZddDy0E+o2AiK3f66unEwILiYCIbSGXXQ8tBPqNgIit3+urpxMCC4mAiG0hl10PLQT6jYCIrd/rq6cTAguJgIhtIZddDy0E+o2AiK3f66unEwILicB/DtqTcjMsK+wAAAAASUVORK5CYII=', 'ID-460887', 'data:image/png;base64,iVBORw0KGgoAAAANSUhEUgAAALQAAAC0CAYAAAA9zQYyAAAAAXNSR0IArs4c6QAACr5JREFUeF7tncFy6zgMBJ3//+hsWXnHiONq7FBy3L7KIMFhAwQpWf56PB7fjz/w+f4+H8bX11dlhKs+Vx2u/KFtPvuj7bb0qYgeGn3OtEBD5Sl8FLzkJm1XoJOyF1w3Q5uhj1XKDM2jzwzNtWtZCvRAWYEeiFcyFeiBsAI9EK9kKtADYQV6IF7JdAk0nbCSr/hYivoz2f3TTepE88Ypx8Qfqjs98oybwncaTMNXgX48GrpOQE9zYoZeqJvEW02MGXqC7bltmhOBFujtpdwEdYEeqJfEM0MPxIWmaU7M0GZoMzQMrrEZ3cXTjlM2MENTZbldmhOcoVPDxOW0o6ZAU7s0BqoB3TAmf5J+Z/ZUHzr+yThSnwK9eOw0CZ/EPbMX6LWyE30EWqBxDU0DOiUKgX4+Mggf8KfL9HFXCv5wgPo6AYHefWv52th/jO4U0smkA0kAUeEF+n7PUdO5FOiQ2VNGpEE9mbBJQnBTCJfxBALZLJmhs6p0tfGUY1A/TjIMFZ7Wjxkh9g2aoROwVJ+GHVPmx4rq8zElh0BzSCZwUagnfX7EsZ1AC/Q49ZPobC2pAi3QAk0i8kUbuqS2At4a2k3hi+j+/jWBXstH9XFTWArMRDudMDN0vjv7EZvC1pLaAjMFxM4bJHSMdAwe2/1TjgpP7SbCp0xLYWgE7kQfOo5Jn2bowd1QKrxAW0MfCtwtAwn0/tcUp+dnzNBm6EqioOXGpJT7mFOORmafCG/JYclhyfFCymsELi2rXnD39CuTPnHJMXGY2tIJo/1N7Bq+pvpx5S+FpLWaUG2TBgJNlQ12At0RVqA7usZWBTpKhL4g0Ei2uZFAzzX8rQWB7ugaWxXoKBH6gkAj2eZGAj3X0Azd0RC1KtBItmhkho4Sdb4g0Pt1ffb48X8aRM9nn+JR24bdMZmLNznRPjtY9loV6Js9y0GhFOifIBFogcbv6OvlWd6yQAu0QPP46VnSGpHaWUP35nLSshnaDG2GnkRQy5ZmWmpnhm7N5Kzdr++7PR84G8+v1ukw/qzLiTST04qCBB/TpEAvplqg3y8OBFqg34/ahccCLdAC/W4KWEO/24xxf83QZmhOzw0tBVqgb4gld+lWQNPSIJ0JU3mSP/QMm56eJH9W42z4mvy5ok+BXu2Ywx9rNiZsBWUCSKAfD4EW6Npz1I2AT0Et0AIt0LQmTXYp+uiSmvo9u578aWQgSw7+S6CndmZoM7QZmma8ZJcyohmav4+5sZqk+bqiT/xuO/o0WRKhAS31dRKAV0xmo89WCZS0pdcFevGAfxKVBkrDLp3F0z4FevDz/gRQ44YEbfPYgBReG0CzrED/0GOGNkMv3y9ihjZDHwzQTEvtWn0K9GAyLTl4IAi0JUfMpCnArKH5MWLSll7fXkNTRyebMNpnOmKk5QHdiLb8ofqkcTQCPvkq0AuFWgAlEM5cavmTIDm7nsYh0EFZKhCdsBZACQSB5qWMGdoMTeM9HvfRBJQSyfLk5XkoQZYU6ixWb3Ajg/aZhLWGPkXn5yZH4cZTmksztBk6MXJ6PZVOAm0NvVSgtWJQogWaKvfPjkY87bYFUALBTeFgU7h6WeNugCh4qV5btUvhmvRJ/ZkE2HIjVap1qbYT7pa/WJk0PIGT2KbJJhvf5AftU6DXyk64E+jS03YpGEiApQDanRHv5s+xalpyrI+e6FIt0OsHraiuKWgF2gxdOy9O8JHNb2pToAVaoJ+RlSKFLrnULtVzpGZNvtA+3RTecFOYJnv39d23odP46E6d2k38oQE26ZPOV+yTbgpTw7uvU4FaKw0Fk9olvelqMtGHjoX6OjrlSALuvi7QfBk3Q++m9YX+BFqgzdDFzW1juW0t/2boFzLm7q+Yoc3QZmgzdMw7rVWBJqDkMP7zeurQRKDVYOjOmI4jCUuXcVqqTPxp9UnnZDSW1U+w/sqkNMYxEZ0G0RXJYNKnQA8ooeJRuAauVl4TNvHHDD143dck4i05+JOBVLvJfNEkMwpOS45zSFoTQleFCVwCHcLknSbFGpof6U2CqJUQlsFphjZDf0wNTaPzbgLRcaRa7ooMlHwi1//KanvcWKFvTnqnmkyg15gLdEgDZmiSJ6+zEWiBPhSw5Nh/jJjC3pIjKbS4LtACPfotIgXIGtoa+lCAgmANPUj7F5haQ5dq6JSBaYC1GGkFLvW34U+ak7vdtLpVDZ3EE+j9d/zSnAj04sUuSTyBFui0epmhk0LwlOOK4LPkuNmdQjP0ILoG/2lC7/omb+lmM7W79PdOt74FejKV/E96BNpTjnin0JJj9r/lNLStoalypSV+4A5+i6gZujSZqeTYfUSUsmxjE9aCaxIo1JbW0NTu6SfO0I3JFGh+LEeha9pRMKmdQIfZNEPPcKdgUjuBFugZsQP96AqfVnFLjsWkmKFnvNNMS+3M0IMMc4gH/7CSYpKyE223ZUfBpHYCLdAtlo92KZjU7gB69ZcU1dFubJxm0pQRqfCplKHS0HE2+hNoquoLdnSiBXp2jNgI+DQnZujS46w0iF6Iz9Ov7O4zwSXQk9lc2NKJvmLCJhLQcdI+r9An9WmGNkNTnuNrHMzQWFpe61HRW5ueiQRmaE858NGSQOcX7dBkQe3iOfQkW+y2bR2FrcaR6rkzW+or7a8VfBN/VroK9OAdIpPAoxMq0GvVBVqgY1xSSKhddGjxhUmf+G/dJg43bGnWm/hihn7i8/9/BNoMHamikFC76JAZmtddE3HdFL7PX3Z4yjEk3ZLjzUqOK+pSmhGvWBobR0+tcTTmMgV0o8+Ug/AvVlLDjev0TlgSvuErBZPapTE04Eq6NvpM4xTopBC8TsGkdsnNBlwCnVQP183QvGYV6IuOwqyhO6cKAi3Qo/WElg7ULjkr0AKdGFlep2BSu+SsQA9+tZvEPbueRKc1dKOMSWNMGyaqAR1L8rdxnQZn4mCpAX0/NJ0wenZ73AUqvAej0WbydaKBQK9DDx/bCXQQdhF8At1JTkciMUOfH4WNlj6Bxr8GGuku0ALdqJ+fbVpDL36BnepSGtXW0C2cBTr+FXMDvkabKfisoa2hDwYa8DXaTL4KdGcu3RQOV1t60nNJbQmPPCcBv1sfgRboQ4FWgAn0BZvCCdO7J4xufFMJJNChnqWQpAmbLH/Up8aduRZA1NeWP7sD3pJjSPnuCUsBL9DeKRwhLdDnz26nMoee9CTNP/7W94ToJO5Z260l3gxthq6cbafs1AKa7jGoXUoGjXZTEvn4DN0QXaB/UG9oK9AhjTREn0zmxB9qS+3M0EGBtItvCN9oU6DN0PGO1QSSxmaplZ0mAUZtqV1LAzpfnkOX6rxJ8E3gorbUTqAtOeJKNIGL2lK7PwV0Gkzjekv4M1/TjpreHJgsqXfqM+15djMwKjkazqY2BXqtEAWMBi7tL83zJODxOfTEKWor0AKdgk+gF4wk8e60/D99oRmTjpP2RxNa2mxbcgRl6URfAdcVfQr0JDSLR2xuCtlregVaoKMC77QqvB3QUf0bfeEKcSe78TNb+iRemopGu1dongLeP95MJMDrSXiBZsImXQWa6RqtkvACHSX89QtJV4FmukarJLxARwkFmknUsRLoa3Q1Q3d0X/5aY9VlY/OWzqgbwVeSNeoq0CXlG5DQNgW6NMnNZq84QvLYbv0ag8Z8p6D+D86fbXwPq4y2AAAAAElFTkSuQmCC', '2023-02-12 16:53:51.596033', '2023-02-12 16:53:51.596035', 'Admin', 'Admin', 0),
	(10, 'ID-150387', 'iPhone123', 'iPhone X', NULL, 1, 0, NULL, 1800, 0, NULL, 0, 0, NULL, NULL, '/images/DefaultAsset/iPhone_X.jpg', NULL, '2023-02-12 16:53:50.558936', '2021-11-12 16:53:50.558936', '0001-01-01 00:00:00.000000', 0, 6, 0, NULL, 'data:image/png;base64,iVBORw0KGgoAAAANSUhEUgAAATYAAACOCAYAAAC7UiQFAAAAAXNSR0IArs4c6QAAFTpJREFUeF7tXWnoddMb3a9Z+MCrRImUjGX6YIzwQT6YZR5eJUIZI2NISiTzPMusFJmFiA8KxQdD+KAMSRSSIXq1973n/u85dz93rWefc9/u/9z1K4Xfufvss/bzrGetZ+9zf0uWL1++POhHCAgBIdAjBJaI2Hq0mnoUISAEEgIiNgWCEBACvUNAxNa7JdUDCQEhIGJTDAgBIdA7BERsvVtSPZAQEAIiNsWAEBACvUNAxNa7JdUDCQEhIGJTDAgBIdA7BERsvVtSPZAQEAI0sS1ZsqSGVvXCQvX/my8wWP+/Cbk1rnWd9aJE835ovs3xveM2n98az/t81Tjs+NX17Do058Pej70OxQHCA82v+bzNeVl4oPhg18/CwVovhIdFQWi+bcdF8Y/yx7q/tR7WurXF08SPffOg9EHRG1so0FHiokAuTUg0Lks83ucrna+Irf5moEUMaN28+M+agGZFmCK2IQIitkHioEBGiYGUIfo8q1AQMXsVSlfzQkQvxTZAGsWZFJul1Yb4SbENgECEY1lvlIgokS2JjpQFG9goQVjCYq9D80J4IDwRXojQEa7e50T4IjxMKzVs/Uix5Vtg02nN8a6oFJsU23gB8BKQN0FLrZKIbfqX9XjXzSJ69djAtyKhCm4FajPw2crJLmzbBGETGSkQdr7qsanHNs15WHGGWhsitgaBWYlmEZIFsIitLsVRICLrg4jS+r3XoqHCgJ5Dim2w7myBLM03dh3YUxBsHlvrywoUWdEhAqi3oh5b3WpbgePF0RuoiHiRwkWEiubvJfDS52NPC4jY1GOjKhybOG0ThA1IlKjsfGVFZUVlRf9XjnVAt6Ho2N4dqvwitgGSpYpGVlRWdDx+kMWdyFsd9xhAIisqKzqeHN7CxRYyby9sVuOWFg7kDBABIQfiLYRWy0SKTYptqoVHTV42QbwJyo5rJZKVIIiw1GOrK20LDx330HGPWo4iZehNLKsXiHqEXsLqal7oeA+q6M3nErHlLb+pZBrvfCP8RGw67pElMJTIKFG9ia7jHvlERxbHS/TsmyhoPRABeZUuu9taqohlRRuvhKAFZL05UjwoEFiiQIoHWRo0jyYe6M0ONhBRIqHn1zm2AdLe9WXXWz226ecyUQFCxD3KW20e1APZIhy2QiPLhogZfR5ZBxGbFJslIuL/R4WNdRDqsanHlrWoUmz5gtI28doqbW9h8SoMKTYptlruo4BgA4xNnLYJwloTtkLKiuYP4LIKFsWHemwcvuqxqceWckWbB2UHTVkiF7HlrbdlR9nCjnq+sqKyorKiBS9zi9jKCgJqrovYGpFVyuBeoFFznf09mi9KHFnRfM1ndwsRfkhpofVBSlgHdPPrJ2ITsdWspHZF681+b4KwPUfvuIggveumzYO6tbXwkBWVFZUVlRUdxQDaBGurdL0OCRUGEZvePMgSGLJMzUD2KgYrEdgEYe/HXuc9R4cqvzfx0HMjK+19TrTbivDIG8byb0URsQ0Vpw7o1i1WM9BKezWs9RKxTT9mIGLLf+tKW8Is7WHquIeOe9R6dFaCithEbDnVNmslKGIbIoB2GbuqIOyuJ6usvNaCHRdZGim2oSUo/DNypYknK6q/UhVjQN/HNswEllBRJUVEiu6DPo+sGSowaNdRL8HXWxMsXmwh0+aBXqmqFW0UEIhwWIUlxZYPvK4IF22mICJB1l2KTYpNim2MxZCS8p6HYis4SlRvokuxTbfAqMB5CZwtqBbh5vprKTELLbx2RYfrr13RuvWQYpNiizGACJAtdKjQiNjy1t8rDCbyVsQmYmMS2atkkCVEvcJmoKLzbohAkAKy7ocUMxoXzUvEJmJLCHgtY2lCosT0VnQrkWVFddwjR26zJszSwqFzbDrHlmIHNctFbCI2Eduk9ZcVHUYFW+GQtVCPTT02xpqrx8Z9MaWVT8j6i9hEbDVliHo6iNh1ji3f8+kqEdGxJdQCQb1J7YoOENIB3WGkeHt36rFNP2jZNkFLe0DovmjdvD1Z1ilY88rZ0PEWBqtcvIRZiq96bOqxqcfW4jxWaeKJ2HRAV4ptLHuk2PLfIoEsGEtAXuXBjstaM6SsSp8TjYtaA1JseevPxouJn86x1YFtAqWvLaojgqwcSmS0S4x6gE1FJmIb9pQKHRLCz7Lm3nOF1rqh8VG8iNiGX4TJJk5bS+OtONYCsvNFvQ+WkLR5kFcQSNGx6+3thc1q3FJFjOLMIkoRm/FV4iggWEvAEoWILV8LWYJE+LFKgb2OVYpo/paCELHVWxVSbPqbB7WcQL08b2JZBMISC3s/9jqWYFjCYq9j7yti8+1mI6vItgak2KTYUgygBESJLGLL/11OhKuXwFmngApQUxHOelxZ0SECqAfEJpq1gKw3R4oH9SRkRbkv+ssb0faEi5rB7Pqw4zTjQcQmxVaLbRFbvseAEhElIJLyaHykBFDlZxUKex0qcAgP7/Miqypiq5eotvhq86Bw+5lVZKXSnV1YZOVQ5UfKkVWu7HxRwJXO17IspfMSsdUtsqWMUUFCBQSNKysqK5rteZUSBSLurpQRImYvYXU1LxGbiC1HuqyytvJnQijogO4AEkQ4LPCIANB90OdZ6yVi0+ZBjkC8StuKRx330HGPWnyJ2OrNa5QgiMjR770FyVtYZm0Z2ZYGOufZLHSyorKisqJjWcBacFYxitjy3bBZE6aITcQmYhOxTbAPqwTbNvml2KYr/HxZ0PexjXBBFpENZGRl0H3Q51nrxSom9n7sdSiRtXmgzYMcGbH5pc2D4XGT0oRExMBaMpTIVu+DHd+aJ5q/ZUWs5nIpjqWWqtQqoedGuHqfs/T5UILOetxSfNGxIqvwWnFu4c0qVSk2fbtHigG0KyZiG6QKIsBSheFt8rMJ7h1XxDZEQG8e6M0DT8Ij5YQsdWniofsiwpJiGyBQmu9SbIAwm4GNKhIr3ZFiQfdF90GJoR6bjnuMFwjTSjXe3EEtDZQfrBW0rrMUKrreyiercKH8QhZ+NB8d0K1bDxGb/vyeR5l6E9FLQLKi2hWd2htBFgQpKbanIsWW/3uT3gSVFc2/OYEsPFI0rGORFTVedvdWJtabewkIEY33vqhCo/uh+aPPewO77XyRZWAJSMRW712xBOTFjR2XXTcrHq1jPWw+obhin9u08rKisqKM9eqKcNleUWniNXs+XqXtfU5UONC5PjMx1WNL0KB4EbHpuEc2UNhEZq9DiYwCta1VErHp74omQpRik2KTYpus+2xPVoqtbrFlRYcIoApuVeBmKLIBxiqCtpXf2yNAzVrWmnkVE6vE2Ou890e9GitRUNxY8YAIy/ucbNyxcYziDuGhHtuQaKXYpNik2KTYUIHRObaGEvNWELRryP6+rQJClRNVfim2ukVh8WAVtRTb9GM1ZlO98Q41UoCWgmWJ0HJWlgPxKmDzOaXYpNik2KTYWKKyjnGhQtMUCiI2UgGyTM8qAim2fC1klSrCj1UK7HVsbw/NXz22utKWYmt8BbgO6NZfmrcS1KpkKAFRIrPEwiYyex2aF6rsbOFhx9E5tnqBaouvFJv+/F6KKJSAIrZ8r8iyKggvROioYHgJnHUK1rzMHpEO6Lryp4mjzrENEfFuSqAEYZvlKFG9FdarmNhEZq/z3h/1dmRFOeVf6pC8+EqxSbG5Kk7bXVwUcKVEbCmnUsJFCtY7LkpMWVFZUUsVT01QNqGQ5GZ7UF5lVao02loaKbYBgqVWTVZU3+7haeXIipLneERs+VLEKj+EH1JaIjYRm4jNoQxYq4MSk01wZL3UY9PmQa6ElCpd74F4tsDozYMhUqXNTNZqTkhPchdJxJb/hlxE1KWWvjRBpdik2KTYpNgmellIcXo3BURsdcTYTQm0S4x6z2yvtlRISLGBv9PZdgG1eZD/bndWYbKbOGg86/ciNhFbbjMItVIsZ4UKK0voZmHQu6IDaFgLjKwVIgB0H/R5VGFRgRGx5c+FoURDv2cT0ausZjVuqdVHBZQVKF3hKWLTN+imGBCxidhyZIAOSmvzYIiatzKxTI8UD6pwKLEt6cz2VJDiQvNHn5diGyCAdpstZd31JglS8EhBm4qD3AxrWkHtig7jQ1ZUVnTciqvHVo8HVAhFbFyhaRKwrCipANkAQ4EqxaY/mMwQPavgpdjqGYXyj81jS+mOCFSKTYqNSeSuLDJrIa2KblV+RCAoYZCCQL9HLZBSyzircUvx1eaBXoKnekEoUVGFQwnDJnTXvSdrXiK2+sFb9djy1p8ldBM/KTYpNim2yfRARC8rOv1VOHaTzHICIjajB2cpA1YBIcXhDfzmAlq9vK4sH5o/slZWJWSfm70/OmZg4cYqP5aAvHiw4yKLLMUmxZYQQJUAMb2ITe+KxjjqavcXWX0RW526Uf558ZQV1QHdbM+PVYjsdSiRWaVlKSjUk0RKESlO73N6E9F7vhMVaut5kRIsxVebB9o8yBIJUpzexEKBjRKPvR97nYgt/84vWierNSFim46nFJsUmxTbWCtDVrROCajXafUUWQVtXWcVTJbQRWwiNhGbiA2+K4yISlZUVlRW1PE9eWxFR4mnHlv9GIZlcdVjGyKAjk+g3grbzEQ9KPb3aL5oYdsmiFdKt50vqqSoaY5+rx5b3rqhHmbbvGDjyLspgeIfxSNrXb3E6sVTVlRWVFZUVlRWFDEt20y0FBZrKdjdJJbp0TkadncKKRy20iIc2PlKseVPwrMHaS0Fg/Bn446NY+QUmsq5dFwpNlnRhIA3QURsg8ApTfzSxEPEgAqS13KXPh9b8Nk4khWtR8wSvSs6AMTbu0MJwgakFJv+/F6uTzRrwiwtHMgZWIrSinOrkHjzZ8JpidhEbDlFmks25jrULNebB/p2j1xssY4IKd0RgYrYRGwMYXktGrKEVmVHPS2kcNF9kdL2PueslRWrXGRFC62oVcH1/4WAEBAC84YA3WObt4lrPkJACAgBCwERm2JDCAiB3iEgYuvdkuqBhIAQELEpBoSAEOgdAiK23i2pHkgICAERm2JACAiB3iEgYuvdkuqBhIAQELEpBoSAEOgdAiK2OVzSd999N+yxxx7mzN55552w++67h88//zwceeSR4aOPPjKv3W677cKTTz4ZNt5443DWWWelf3/ppZfS56uf119/PRxyyCFht912C48++mhYunRp+Omnn8Kxxx4bXnnllYmxTz311HDDDTeENddcc/S7H3/8Mdx3333hwQcfTPPad999w+mnnx4OPPDAsMoqq4yum9W48QY///xzuPvuu0dz2GuvvUKc66GHHhpWX331OVxpTWlWCIjYZoVsi3FnQWzrr79+IqqPP/44Ec4ll1ySvnnj33//DVdeeWW46qqrwn777VdEbJ9++mk46aSTwnvvvTfx1DfeeGM488wzR9/y4SE2z7g//PBDIrFnn312Yg7XXHNNOO+882oE22J59NH/AwREbHO+SBXJVSpt2nSnXVsRyvbbbx+++uqrpGzWXXfd8P3334czzjgjKbqotJqK7fjjj0+EOO0nksq1114bDj744LDrrruGlVZaKbzxxhvh5JNPDptvvnl4+OGHw4YbbpiGqObR5bjxfcqoIK+44opw/fXXh+OOOy6pyfhsl19+eYjYPf3002GbbbaZ89XW9LpCQMTWFZIzGqdrYouq5qGHHgqXXXZZ2GmnnUK0oc8//3zYdtttwyOPPJKIbaONNnIRUO7RoxKM93jxxReT/d1iiy3cxMaO+8svvyQSjfOOBDtuOyu7fu6554YTTjhhNORff/0VnnnmmXDTTTclpbnzzjuHE088MV2z1lpr1W7tuXZGYaBhnQiI2JyArejLuyK2L7/8Mhx11FEpkd98882UvNEiRhsaVVy0qvG/KxLyKKtpBPTWW2+Fxx57LGyyySadEtv4uNVcd9xxx2SpV1555dGUqt/FnmIk2vjzzz//JGV34YUXTkw92vRIjhW5ea5d0bGh+9kIiNjmPDq6IrZKudx2223hzz//TPYwWrfqn++++y5Z0iaxVZsH6623XtpcOProo8NBBx00oWqaMH777bch2s1INldfffVIRTV7bF2M+8cff4RzzjknvPzyy+GWW24J+++/f7LDcQ5RnUabGkk9ktkaa6wR3n777fTfp5xyStpQiZb8119/Tfb8uuuuS0QcNz/ij+faOQ+lhZqeiG3Ol3sWxLbZZpuFs88+O+yzzz7hs88+C7G5/v77708ltnGYmqqmCWFUOXHMaHEfeOCBsNVWW00oqNxua5txo4KLVvLrr7/OrmgkvjinVVddNRHthx9+mHZxI6lVP3Fn95hjjkm4XHTRRelbldlr5zyMFm56IrY5X/KuiC3uhh5++OGJaHbZZZdkQe+9995w6623puMQ8T5R6bz66qvp982fv//+O3zyySfh0ksvDS+88ELafYxHOXKkFhXSPffck/6JRy6m/XQ1biShqK7iLmzsG0YCi8oybmjcfPPNaR7Rilbq7q677jKnVZFg7BPGf2euXW211eY8khZreiK2OV/vrogtjnPaaaeFp556Kmy55ZbhtddeC+eff/7IerL3ieQRSSJuNDR3SyNpxP5UJM/7778/7L333uafe2vCPqtxKwseFVg88ydim/OA72h6IraOgJzVMCzhxPtPuzb+bryH1pwve5+4k3jYYYeFJ554IhFF9fPbb7+ls3HPPfdc6mshpda8/yzGrRr/jz/++IjAq93ab775JsR+4zrrrGMunefaWa2/xi1DQMRWhtsK+xRLOG2J7YMPPggHHHBAIqw999xz4vl+//33dDYt2rm11147KbZNN900XRdP/Mcdxqi6YgM+93kLsFmMG1XZF198Ee68885wxx13JBUZj3tUu6WRRJctW5aIOPblNthgA1NZeq5dYUGhG0EERGwQohV/AfvmgUd1xfNpccdv/EzZ+OcryxbtabSY1hziebQmecWx46FY62f8FaxZjWu9XnbxxReH+M/42bRIphdccEG4/fbbs1MePwztuXbFR4ruaCEgYpvD2JhHYtthhx3CEUcckRRO9RZBBV0bYutq3HFii2PG/l58zWvrrbdORz+aP5Gw4pGXSPRxR3X8p/mWh+faOQynhZySiG0hl10PLQT6jYCIrd/rq6cTAguJgIhtIZddDy0E+o2AiK3f66unEwILiYCIbSGXXQ8tBPqNgIit3+urpxMCC4mAiG0hl10PLQT6jYCIrd/rq6cTAguJgIhtIZddDy0E+o2AiK3f66unEwILicB/DtqTcjMsK+wAAAAASUVORK5CYII=', 'ID-150387', 'data:image/png;base64,iVBORw0KGgoAAAANSUhEUgAAALQAAAC0CAYAAAA9zQYyAAAAAXNSR0IArs4c6QAACr5JREFUeF7tncFy6zgMBJ3//+hsWXnHiONq7FBy3L7KIMFhAwQpWf56PB7fjz/w+f4+H8bX11dlhKs+Vx2u/KFtPvuj7bb0qYgeGn3OtEBD5Sl8FLzkJm1XoJOyF1w3Q5uhj1XKDM2jzwzNtWtZCvRAWYEeiFcyFeiBsAI9EK9kKtADYQV6IF7JdAk0nbCSr/hYivoz2f3TTepE88Ypx8Qfqjs98oybwncaTMNXgX48GrpOQE9zYoZeqJvEW02MGXqC7bltmhOBFujtpdwEdYEeqJfEM0MPxIWmaU7M0GZoMzQMrrEZ3cXTjlM2MENTZbldmhOcoVPDxOW0o6ZAU7s0BqoB3TAmf5J+Z/ZUHzr+yThSnwK9eOw0CZ/EPbMX6LWyE30EWqBxDU0DOiUKgX4+Mggf8KfL9HFXCv5wgPo6AYHefWv52th/jO4U0smkA0kAUeEF+n7PUdO5FOiQ2VNGpEE9mbBJQnBTCJfxBALZLJmhs6p0tfGUY1A/TjIMFZ7Wjxkh9g2aoROwVJ+GHVPmx4rq8zElh0BzSCZwUagnfX7EsZ1AC/Q49ZPobC2pAi3QAk0i8kUbuqS2At4a2k3hi+j+/jWBXstH9XFTWArMRDudMDN0vjv7EZvC1pLaAjMFxM4bJHSMdAwe2/1TjgpP7SbCp0xLYWgE7kQfOo5Jn2bowd1QKrxAW0MfCtwtAwn0/tcUp+dnzNBm6EqioOXGpJT7mFOORmafCG/JYclhyfFCymsELi2rXnD39CuTPnHJMXGY2tIJo/1N7Bq+pvpx5S+FpLWaUG2TBgJNlQ12At0RVqA7usZWBTpKhL4g0Ei2uZFAzzX8rQWB7ugaWxXoKBH6gkAj2eZGAj3X0Azd0RC1KtBItmhkho4Sdb4g0Pt1ffb48X8aRM9nn+JR24bdMZmLNznRPjtY9loV6Js9y0GhFOifIBFogcbv6OvlWd6yQAu0QPP46VnSGpHaWUP35nLSshnaDG2GnkRQy5ZmWmpnhm7N5Kzdr++7PR84G8+v1ukw/qzLiTST04qCBB/TpEAvplqg3y8OBFqg34/ahccCLdAC/W4KWEO/24xxf83QZmhOzw0tBVqgb4gld+lWQNPSIJ0JU3mSP/QMm56eJH9W42z4mvy5ok+BXu2Ywx9rNiZsBWUCSKAfD4EW6Npz1I2AT0Et0AIt0LQmTXYp+uiSmvo9u578aWQgSw7+S6CndmZoM7QZmma8ZJcyohmav4+5sZqk+bqiT/xuO/o0WRKhAS31dRKAV0xmo89WCZS0pdcFevGAfxKVBkrDLp3F0z4FevDz/gRQ44YEbfPYgBReG0CzrED/0GOGNkMv3y9ihjZDHwzQTEvtWn0K9GAyLTl4IAi0JUfMpCnArKH5MWLSll7fXkNTRyebMNpnOmKk5QHdiLb8ofqkcTQCPvkq0AuFWgAlEM5cavmTIDm7nsYh0EFZKhCdsBZACQSB5qWMGdoMTeM9HvfRBJQSyfLk5XkoQZYU6ixWb3Ajg/aZhLWGPkXn5yZH4cZTmksztBk6MXJ6PZVOAm0NvVSgtWJQogWaKvfPjkY87bYFUALBTeFgU7h6WeNugCh4qV5btUvhmvRJ/ZkE2HIjVap1qbYT7pa/WJk0PIGT2KbJJhvf5AftU6DXyk64E+jS03YpGEiApQDanRHv5s+xalpyrI+e6FIt0OsHraiuKWgF2gxdOy9O8JHNb2pToAVaoJ+RlSKFLrnULtVzpGZNvtA+3RTecFOYJnv39d23odP46E6d2k38oQE26ZPOV+yTbgpTw7uvU4FaKw0Fk9olvelqMtGHjoX6OjrlSALuvi7QfBk3Q++m9YX+BFqgzdDFzW1juW0t/2boFzLm7q+Yoc3QZmgzdMw7rVWBJqDkMP7zeurQRKDVYOjOmI4jCUuXcVqqTPxp9UnnZDSW1U+w/sqkNMYxEZ0G0RXJYNKnQA8ooeJRuAauVl4TNvHHDD143dck4i05+JOBVLvJfNEkMwpOS45zSFoTQleFCVwCHcLknSbFGpof6U2CqJUQlsFphjZDf0wNTaPzbgLRcaRa7ooMlHwi1//KanvcWKFvTnqnmkyg15gLdEgDZmiSJ6+zEWiBPhSw5Nh/jJjC3pIjKbS4LtACPfotIgXIGtoa+lCAgmANPUj7F5haQ5dq6JSBaYC1GGkFLvW34U+ak7vdtLpVDZ3EE+j9d/zSnAj04sUuSTyBFui0epmhk0LwlOOK4LPkuNmdQjP0ILoG/2lC7/omb+lmM7W79PdOt74FejKV/E96BNpTjnin0JJj9r/lNLStoalypSV+4A5+i6gZujSZqeTYfUSUsmxjE9aCaxIo1JbW0NTu6SfO0I3JFGh+LEeha9pRMKmdQIfZNEPPcKdgUjuBFugZsQP96AqfVnFLjsWkmKFnvNNMS+3M0IMMc4gH/7CSYpKyE223ZUfBpHYCLdAtlo92KZjU7gB69ZcU1dFubJxm0pQRqfCplKHS0HE2+hNoquoLdnSiBXp2jNgI+DQnZujS46w0iF6Iz9Ov7O4zwSXQk9lc2NKJvmLCJhLQcdI+r9An9WmGNkNTnuNrHMzQWFpe61HRW5ueiQRmaE858NGSQOcX7dBkQe3iOfQkW+y2bR2FrcaR6rkzW+or7a8VfBN/VroK9OAdIpPAoxMq0GvVBVqgY1xSSKhddGjxhUmf+G/dJg43bGnWm/hihn7i8/9/BNoMHamikFC76JAZmtddE3HdFL7PX3Z4yjEk3ZLjzUqOK+pSmhGvWBobR0+tcTTmMgV0o8+Ug/AvVlLDjev0TlgSvuErBZPapTE04Eq6NvpM4xTopBC8TsGkdsnNBlwCnVQP183QvGYV6IuOwqyhO6cKAi3Qo/WElg7ULjkr0AKdGFlep2BSu+SsQA9+tZvEPbueRKc1dKOMSWNMGyaqAR1L8rdxnQZn4mCpAX0/NJ0wenZ73AUqvAej0WbydaKBQK9DDx/bCXQQdhF8At1JTkciMUOfH4WNlj6Bxr8GGuku0ALdqJ+fbVpDL36BnepSGtXW0C2cBTr+FXMDvkabKfisoa2hDwYa8DXaTL4KdGcu3RQOV1t60nNJbQmPPCcBv1sfgRboQ4FWgAn0BZvCCdO7J4xufFMJJNChnqWQpAmbLH/Up8aduRZA1NeWP7sD3pJjSPnuCUsBL9DeKRwhLdDnz26nMoee9CTNP/7W94ToJO5Z260l3gxthq6cbafs1AKa7jGoXUoGjXZTEvn4DN0QXaB/UG9oK9AhjTREn0zmxB9qS+3M0EGBtItvCN9oU6DN0PGO1QSSxmaplZ0mAUZtqV1LAzpfnkOX6rxJ8E3gorbUTqAtOeJKNIGL2lK7PwV0Gkzjekv4M1/TjpreHJgsqXfqM+15djMwKjkazqY2BXqtEAWMBi7tL83zJODxOfTEKWor0AKdgk+gF4wk8e60/D99oRmTjpP2RxNa2mxbcgRl6URfAdcVfQr0JDSLR2xuCtlregVaoKMC77QqvB3QUf0bfeEKcSe78TNb+iRemopGu1dongLeP95MJMDrSXiBZsImXQWa6RqtkvACHSX89QtJV4FmukarJLxARwkFmknUsRLoa3Q1Q3d0X/5aY9VlY/OWzqgbwVeSNeoq0CXlG5DQNgW6NMnNZq84QvLYbv0ag8Z8p6D+D86fbXwPq4y2AAAAAElFTkSuQmCC', '2023-02-12 16:53:51.664417', '2023-02-12 16:53:51.664419', 'Admin', 'Admin', 0),
	(11, 'ID-485798', 'SamsungNote123', 'Samsung Note-20', NULL, 1, 0, NULL, 2000, 0, NULL, 0, 0, NULL, NULL, '/images/DefaultAsset/Samsung_Note_20.jpg', NULL, '2023-02-12 16:53:50.558937', '2022-07-12 16:53:50.558937', '0001-01-01 00:00:00.000000', 0, 4, 0, NULL, 'data:image/png;base64,iVBORw0KGgoAAAANSUhEUgAAATYAAACOCAYAAAC7UiQFAAAAAXNSR0IArs4c6QAAFTpJREFUeF7tXWnoddMb3a9Z+MCrRImUjGX6YIzwQT6YZR5eJUIZI2NISiTzPMusFJmFiA8KxQdD+KAMSRSSIXq1973n/u85dz93rWefc9/u/9z1K4Xfufvss/bzrGetZ+9zf0uWL1++POhHCAgBIdAjBJaI2Hq0mnoUISAEEgIiNgWCEBACvUNAxNa7JdUDCQEhIGJTDAgBIdA7BERsvVtSPZAQEAIiNsWAEBACvUNAxNa7JdUDCQEhIGJTDAgBIdA7BERsvVtSPZAQEAI0sS1ZsqSGVvXCQvX/my8wWP+/Cbk1rnWd9aJE835ovs3xveM2n98az/t81Tjs+NX17Do058Pej70OxQHCA82v+bzNeVl4oPhg18/CwVovhIdFQWi+bcdF8Y/yx7q/tR7WurXF08SPffOg9EHRG1so0FHiokAuTUg0Lks83ucrna+Irf5moEUMaN28+M+agGZFmCK2IQIitkHioEBGiYGUIfo8q1AQMXsVSlfzQkQvxTZAGsWZFJul1Yb4SbENgECEY1lvlIgokS2JjpQFG9goQVjCYq9D80J4IDwRXojQEa7e50T4IjxMKzVs/Uix5Vtg02nN8a6oFJsU23gB8BKQN0FLrZKIbfqX9XjXzSJ69djAtyKhCm4FajPw2crJLmzbBGETGSkQdr7qsanHNs15WHGGWhsitgaBWYlmEZIFsIitLsVRICLrg4jS+r3XoqHCgJ5Dim2w7myBLM03dh3YUxBsHlvrywoUWdEhAqi3oh5b3WpbgePF0RuoiHiRwkWEiubvJfDS52NPC4jY1GOjKhybOG0ThA1IlKjsfGVFZUVlRf9XjnVAt6Ho2N4dqvwitgGSpYpGVlRWdDx+kMWdyFsd9xhAIisqKzqeHN7CxRYyby9sVuOWFg7kDBABIQfiLYRWy0SKTYptqoVHTV42QbwJyo5rJZKVIIiw1GOrK20LDx330HGPWo4iZehNLKsXiHqEXsLqal7oeA+q6M3nErHlLb+pZBrvfCP8RGw67pElMJTIKFG9ia7jHvlERxbHS/TsmyhoPRABeZUuu9taqohlRRuvhKAFZL05UjwoEFiiQIoHWRo0jyYe6M0ONhBRIqHn1zm2AdLe9WXXWz226ecyUQFCxD3KW20e1APZIhy2QiPLhogZfR5ZBxGbFJslIuL/R4WNdRDqsanHlrWoUmz5gtI28doqbW9h8SoMKTYptlruo4BgA4xNnLYJwloTtkLKiuYP4LIKFsWHemwcvuqxqceWckWbB2UHTVkiF7HlrbdlR9nCjnq+sqKyorKiBS9zi9jKCgJqrovYGpFVyuBeoFFznf09mi9KHFnRfM1ndwsRfkhpofVBSlgHdPPrJ2ITsdWspHZF681+b4KwPUfvuIggveumzYO6tbXwkBWVFZUVlRUdxQDaBGurdL0OCRUGEZvePMgSGLJMzUD2KgYrEdgEYe/HXuc9R4cqvzfx0HMjK+19TrTbivDIG8byb0URsQ0Vpw7o1i1WM9BKezWs9RKxTT9mIGLLf+tKW8Is7WHquIeOe9R6dFaCithEbDnVNmslKGIbIoB2GbuqIOyuJ6usvNaCHRdZGim2oSUo/DNypYknK6q/UhVjQN/HNswEllBRJUVEiu6DPo+sGSowaNdRL8HXWxMsXmwh0+aBXqmqFW0UEIhwWIUlxZYPvK4IF22mICJB1l2KTYpNim2MxZCS8p6HYis4SlRvokuxTbfAqMB5CZwtqBbh5vprKTELLbx2RYfrr13RuvWQYpNiizGACJAtdKjQiNjy1t8rDCbyVsQmYmMS2atkkCVEvcJmoKLzbohAkAKy7ocUMxoXzUvEJmJLCHgtY2lCosT0VnQrkWVFddwjR26zJszSwqFzbDrHlmIHNctFbCI2Eduk9ZcVHUYFW+GQtVCPTT02xpqrx8Z9MaWVT8j6i9hEbDVliHo6iNh1ji3f8+kqEdGxJdQCQb1J7YoOENIB3WGkeHt36rFNP2jZNkFLe0DovmjdvD1Z1ilY88rZ0PEWBqtcvIRZiq96bOqxqcfW4jxWaeKJ2HRAV4ptLHuk2PLfIoEsGEtAXuXBjstaM6SsSp8TjYtaA1JseevPxouJn86x1YFtAqWvLaojgqwcSmS0S4x6gE1FJmIb9pQKHRLCz7Lm3nOF1rqh8VG8iNiGX4TJJk5bS+OtONYCsvNFvQ+WkLR5kFcQSNGx6+3thc1q3FJFjOLMIkoRm/FV4iggWEvAEoWILV8LWYJE+LFKgb2OVYpo/paCELHVWxVSbPqbB7WcQL08b2JZBMISC3s/9jqWYFjCYq9j7yti8+1mI6vItgak2KTYUgygBESJLGLL/11OhKuXwFmngApQUxHOelxZ0SECqAfEJpq1gKw3R4oH9SRkRbkv+ssb0faEi5rB7Pqw4zTjQcQmxVaLbRFbvseAEhElIJLyaHykBFDlZxUKex0qcAgP7/Miqypiq5eotvhq86Bw+5lVZKXSnV1YZOVQ5UfKkVWu7HxRwJXO17IspfMSsdUtsqWMUUFCBQSNKysqK5rteZUSBSLurpQRImYvYXU1LxGbiC1HuqyytvJnQijogO4AEkQ4LPCIANB90OdZ6yVi0+ZBjkC8StuKRx330HGPWnyJ2OrNa5QgiMjR770FyVtYZm0Z2ZYGOufZLHSyorKisqJjWcBacFYxitjy3bBZE6aITcQmYhOxTbAPqwTbNvml2KYr/HxZ0PexjXBBFpENZGRl0H3Q51nrxSom9n7sdSiRtXmgzYMcGbH5pc2D4XGT0oRExMBaMpTIVu+DHd+aJ5q/ZUWs5nIpjqWWqtQqoedGuHqfs/T5UILOetxSfNGxIqvwWnFu4c0qVSk2fbtHigG0KyZiG6QKIsBSheFt8rMJ7h1XxDZEQG8e6M0DT8Ij5YQsdWniofsiwpJiGyBQmu9SbIAwm4GNKhIr3ZFiQfdF90GJoR6bjnuMFwjTSjXe3EEtDZQfrBW0rrMUKrreyiercKH8QhZ+NB8d0K1bDxGb/vyeR5l6E9FLQLKi2hWd2htBFgQpKbanIsWW/3uT3gSVFc2/OYEsPFI0rGORFTVedvdWJtabewkIEY33vqhCo/uh+aPPewO77XyRZWAJSMRW712xBOTFjR2XXTcrHq1jPWw+obhin9u08rKisqKM9eqKcNleUWniNXs+XqXtfU5UONC5PjMx1WNL0KB4EbHpuEc2UNhEZq9DiYwCta1VErHp74omQpRik2KTYpus+2xPVoqtbrFlRYcIoApuVeBmKLIBxiqCtpXf2yNAzVrWmnkVE6vE2Ou890e9GitRUNxY8YAIy/ucbNyxcYziDuGhHtuQaKXYpNik2KTYUIHRObaGEvNWELRryP6+rQJClRNVfim2ukVh8WAVtRTb9GM1ZlO98Q41UoCWgmWJ0HJWlgPxKmDzOaXYpNik2KTYWKKyjnGhQtMUCiI2UgGyTM8qAim2fC1klSrCj1UK7HVsbw/NXz22utKWYmt8BbgO6NZfmrcS1KpkKAFRIrPEwiYyex2aF6rsbOFhx9E5tnqBaouvFJv+/F6KKJSAIrZ8r8iyKggvROioYHgJnHUK1rzMHpEO6Lryp4mjzrENEfFuSqAEYZvlKFG9FdarmNhEZq/z3h/1dmRFOeVf6pC8+EqxSbG5Kk7bXVwUcKVEbCmnUsJFCtY7LkpMWVFZUUsVT01QNqGQ5GZ7UF5lVao02loaKbYBgqVWTVZU3+7haeXIipLneERs+VLEKj+EH1JaIjYRm4jNoQxYq4MSk01wZL3UY9PmQa6ElCpd74F4tsDozYMhUqXNTNZqTkhPchdJxJb/hlxE1KWWvjRBpdik2KTYpNgmellIcXo3BURsdcTYTQm0S4x6z2yvtlRISLGBv9PZdgG1eZD/bndWYbKbOGg86/ciNhFbbjMItVIsZ4UKK0voZmHQu6IDaFgLjKwVIgB0H/R5VGFRgRGx5c+FoURDv2cT0ausZjVuqdVHBZQVKF3hKWLTN+imGBCxidhyZIAOSmvzYIiatzKxTI8UD6pwKLEt6cz2VJDiQvNHn5diGyCAdpstZd31JglS8EhBm4qD3AxrWkHtig7jQ1ZUVnTciqvHVo8HVAhFbFyhaRKwrCipANkAQ4EqxaY/mMwQPavgpdjqGYXyj81jS+mOCFSKTYqNSeSuLDJrIa2KblV+RCAoYZCCQL9HLZBSyzircUvx1eaBXoKnekEoUVGFQwnDJnTXvSdrXiK2+sFb9djy1p8ldBM/KTYpNim2yfRARC8rOv1VOHaTzHICIjajB2cpA1YBIcXhDfzmAlq9vK4sH5o/slZWJWSfm70/OmZg4cYqP5aAvHiw4yKLLMUmxZYQQJUAMb2ITe+KxjjqavcXWX0RW526Uf558ZQV1QHdbM+PVYjsdSiRWaVlKSjUk0RKESlO73N6E9F7vhMVaut5kRIsxVebB9o8yBIJUpzexEKBjRKPvR97nYgt/84vWierNSFim46nFJsUmxTbWCtDVrROCajXafUUWQVtXWcVTJbQRWwiNhGbiA2+K4yISlZUVlRW1PE9eWxFR4mnHlv9GIZlcdVjGyKAjk+g3grbzEQ9KPb3aL5oYdsmiFdKt50vqqSoaY5+rx5b3rqhHmbbvGDjyLspgeIfxSNrXb3E6sVTVlRWVFZUVlRWFDEt20y0FBZrKdjdJJbp0TkadncKKRy20iIc2PlKseVPwrMHaS0Fg/Bn446NY+QUmsq5dFwpNlnRhIA3QURsg8ApTfzSxEPEgAqS13KXPh9b8Nk4khWtR8wSvSs6AMTbu0MJwgakFJv+/F6uTzRrwiwtHMgZWIrSinOrkHjzZ8JpidhEbDlFmks25jrULNebB/p2j1xssY4IKd0RgYrYRGwMYXktGrKEVmVHPS2kcNF9kdL2PueslRWrXGRFC62oVcH1/4WAEBAC84YA3WObt4lrPkJACAgBCwERm2JDCAiB3iEgYuvdkuqBhIAQELEpBoSAEOgdAiK23i2pHkgICAERm2JACAiB3iEgYuvdkuqBhIAQELEpBoSAEOgdAiK2OVzSd999N+yxxx7mzN55552w++67h88//zwceeSR4aOPPjKv3W677cKTTz4ZNt5443DWWWelf3/ppZfS56uf119/PRxyyCFht912C48++mhYunRp+Omnn8Kxxx4bXnnllYmxTz311HDDDTeENddcc/S7H3/8Mdx3333hwQcfTPPad999w+mnnx4OPPDAsMoqq4yum9W48QY///xzuPvuu0dz2GuvvUKc66GHHhpWX331OVxpTWlWCIjYZoVsi3FnQWzrr79+IqqPP/44Ec4ll1ySvnnj33//DVdeeWW46qqrwn777VdEbJ9++mk46aSTwnvvvTfx1DfeeGM488wzR9/y4SE2z7g//PBDIrFnn312Yg7XXHNNOO+882oE22J59NH/AwREbHO+SBXJVSpt2nSnXVsRyvbbbx+++uqrpGzWXXfd8P3334czzjgjKbqotJqK7fjjj0+EOO0nksq1114bDj744LDrrruGlVZaKbzxxhvh5JNPDptvvnl4+OGHw4YbbpiGqObR5bjxfcqoIK+44opw/fXXh+OOOy6pyfhsl19+eYjYPf3002GbbbaZ89XW9LpCQMTWFZIzGqdrYouq5qGHHgqXXXZZ2GmnnUK0oc8//3zYdtttwyOPPJKIbaONNnIRUO7RoxKM93jxxReT/d1iiy3cxMaO+8svvyQSjfOOBDtuOyu7fu6554YTTjhhNORff/0VnnnmmXDTTTclpbnzzjuHE088MV2z1lpr1W7tuXZGYaBhnQiI2JyArejLuyK2L7/8Mhx11FEpkd98882UvNEiRhsaVVy0qvG/KxLyKKtpBPTWW2+Fxx57LGyyySadEtv4uNVcd9xxx2SpV1555dGUqt/FnmIk2vjzzz//JGV34YUXTkw92vRIjhW5ea5d0bGh+9kIiNjmPDq6IrZKudx2223hzz//TPYwWrfqn++++y5Z0iaxVZsH6623XtpcOProo8NBBx00oWqaMH777bch2s1INldfffVIRTV7bF2M+8cff4RzzjknvPzyy+GWW24J+++/f7LDcQ5RnUabGkk9ktkaa6wR3n777fTfp5xyStpQiZb8119/Tfb8uuuuS0QcNz/ij+faOQ+lhZqeiG3Ol3sWxLbZZpuFs88+O+yzzz7hs88+C7G5/v77708ltnGYmqqmCWFUOXHMaHEfeOCBsNVWW00oqNxua5txo4KLVvLrr7/OrmgkvjinVVddNRHthx9+mHZxI6lVP3Fn95hjjkm4XHTRRelbldlr5zyMFm56IrY5X/KuiC3uhh5++OGJaHbZZZdkQe+9995w6623puMQ8T5R6bz66qvp982fv//+O3zyySfh0ksvDS+88ELafYxHOXKkFhXSPffck/6JRy6m/XQ1biShqK7iLmzsG0YCi8oybmjcfPPNaR7Rilbq7q677jKnVZFg7BPGf2euXW211eY8khZreiK2OV/vrogtjnPaaaeFp556Kmy55ZbhtddeC+eff/7IerL3ieQRSSJuNDR3SyNpxP5UJM/7778/7L333uafe2vCPqtxKwseFVg88ydim/OA72h6IraOgJzVMCzhxPtPuzb+bryH1pwve5+4k3jYYYeFJ554IhFF9fPbb7+ls3HPPfdc6mshpda8/yzGrRr/jz/++IjAq93ab775JsR+4zrrrGMunefaWa2/xi1DQMRWhtsK+xRLOG2J7YMPPggHHHBAIqw999xz4vl+//33dDYt2rm11147KbZNN900XRdP/Mcdxqi6YgM+93kLsFmMG1XZF198Ee68885wxx13JBUZj3tUu6WRRJctW5aIOPblNthgA1NZeq5dYUGhG0EERGwQohV/AfvmgUd1xfNpccdv/EzZ+OcryxbtabSY1hziebQmecWx46FY62f8FaxZjWu9XnbxxReH+M/42bRIphdccEG4/fbbs1MePwztuXbFR4ruaCEgYpvD2JhHYtthhx3CEUcckRRO9RZBBV0bYutq3HFii2PG/l58zWvrrbdORz+aP5Gw4pGXSPRxR3X8p/mWh+faOQynhZySiG0hl10PLQT6jYCIrd/rq6cTAguJgIhtIZddDy0E+o2AiK3f66unEwILiYCIbSGXXQ8tBPqNgIit3+urpxMCC4mAiG0hl10PLQT6jYCIrd/rq6cTAguJgIhtIZddDy0E+o2AiK3f66unEwILicB/DtqTcjMsK+wAAAAASUVORK5CYII=', 'ID-485798', 'data:image/png;base64,iVBORw0KGgoAAAANSUhEUgAAALQAAAC0CAYAAAA9zQYyAAAAAXNSR0IArs4c6QAACr5JREFUeF7tncFy6zgMBJ3//+hsWXnHiONq7FBy3L7KIMFhAwQpWf56PB7fjz/w+f4+H8bX11dlhKs+Vx2u/KFtPvuj7bb0qYgeGn3OtEBD5Sl8FLzkJm1XoJOyF1w3Q5uhj1XKDM2jzwzNtWtZCvRAWYEeiFcyFeiBsAI9EK9kKtADYQV6IF7JdAk0nbCSr/hYivoz2f3TTepE88Ypx8Qfqjs98oybwncaTMNXgX48GrpOQE9zYoZeqJvEW02MGXqC7bltmhOBFujtpdwEdYEeqJfEM0MPxIWmaU7M0GZoMzQMrrEZ3cXTjlM2MENTZbldmhOcoVPDxOW0o6ZAU7s0BqoB3TAmf5J+Z/ZUHzr+yThSnwK9eOw0CZ/EPbMX6LWyE30EWqBxDU0DOiUKgX4+Mggf8KfL9HFXCv5wgPo6AYHefWv52th/jO4U0smkA0kAUeEF+n7PUdO5FOiQ2VNGpEE9mbBJQnBTCJfxBALZLJmhs6p0tfGUY1A/TjIMFZ7Wjxkh9g2aoROwVJ+GHVPmx4rq8zElh0BzSCZwUagnfX7EsZ1AC/Q49ZPobC2pAi3QAk0i8kUbuqS2At4a2k3hi+j+/jWBXstH9XFTWArMRDudMDN0vjv7EZvC1pLaAjMFxM4bJHSMdAwe2/1TjgpP7SbCp0xLYWgE7kQfOo5Jn2bowd1QKrxAW0MfCtwtAwn0/tcUp+dnzNBm6EqioOXGpJT7mFOORmafCG/JYclhyfFCymsELi2rXnD39CuTPnHJMXGY2tIJo/1N7Bq+pvpx5S+FpLWaUG2TBgJNlQ12At0RVqA7usZWBTpKhL4g0Ei2uZFAzzX8rQWB7ugaWxXoKBH6gkAj2eZGAj3X0Azd0RC1KtBItmhkho4Sdb4g0Pt1ffb48X8aRM9nn+JR24bdMZmLNznRPjtY9loV6Js9y0GhFOifIBFogcbv6OvlWd6yQAu0QPP46VnSGpHaWUP35nLSshnaDG2GnkRQy5ZmWmpnhm7N5Kzdr++7PR84G8+v1ukw/qzLiTST04qCBB/TpEAvplqg3y8OBFqg34/ahccCLdAC/W4KWEO/24xxf83QZmhOzw0tBVqgb4gld+lWQNPSIJ0JU3mSP/QMm56eJH9W42z4mvy5ok+BXu2Ywx9rNiZsBWUCSKAfD4EW6Npz1I2AT0Et0AIt0LQmTXYp+uiSmvo9u578aWQgSw7+S6CndmZoM7QZmma8ZJcyohmav4+5sZqk+bqiT/xuO/o0WRKhAS31dRKAV0xmo89WCZS0pdcFevGAfxKVBkrDLp3F0z4FevDz/gRQ44YEbfPYgBReG0CzrED/0GOGNkMv3y9ihjZDHwzQTEvtWn0K9GAyLTl4IAi0JUfMpCnArKH5MWLSll7fXkNTRyebMNpnOmKk5QHdiLb8ofqkcTQCPvkq0AuFWgAlEM5cavmTIDm7nsYh0EFZKhCdsBZACQSB5qWMGdoMTeM9HvfRBJQSyfLk5XkoQZYU6ixWb3Ajg/aZhLWGPkXn5yZH4cZTmksztBk6MXJ6PZVOAm0NvVSgtWJQogWaKvfPjkY87bYFUALBTeFgU7h6WeNugCh4qV5btUvhmvRJ/ZkE2HIjVap1qbYT7pa/WJk0PIGT2KbJJhvf5AftU6DXyk64E+jS03YpGEiApQDanRHv5s+xalpyrI+e6FIt0OsHraiuKWgF2gxdOy9O8JHNb2pToAVaoJ+RlSKFLrnULtVzpGZNvtA+3RTecFOYJnv39d23odP46E6d2k38oQE26ZPOV+yTbgpTw7uvU4FaKw0Fk9olvelqMtGHjoX6OjrlSALuvi7QfBk3Q++m9YX+BFqgzdDFzW1juW0t/2boFzLm7q+Yoc3QZmgzdMw7rVWBJqDkMP7zeurQRKDVYOjOmI4jCUuXcVqqTPxp9UnnZDSW1U+w/sqkNMYxEZ0G0RXJYNKnQA8ooeJRuAauVl4TNvHHDD143dck4i05+JOBVLvJfNEkMwpOS45zSFoTQleFCVwCHcLknSbFGpof6U2CqJUQlsFphjZDf0wNTaPzbgLRcaRa7ooMlHwi1//KanvcWKFvTnqnmkyg15gLdEgDZmiSJ6+zEWiBPhSw5Nh/jJjC3pIjKbS4LtACPfotIgXIGtoa+lCAgmANPUj7F5haQ5dq6JSBaYC1GGkFLvW34U+ak7vdtLpVDZ3EE+j9d/zSnAj04sUuSTyBFui0epmhk0LwlOOK4LPkuNmdQjP0ILoG/2lC7/omb+lmM7W79PdOt74FejKV/E96BNpTjnin0JJj9r/lNLStoalypSV+4A5+i6gZujSZqeTYfUSUsmxjE9aCaxIo1JbW0NTu6SfO0I3JFGh+LEeha9pRMKmdQIfZNEPPcKdgUjuBFugZsQP96AqfVnFLjsWkmKFnvNNMS+3M0IMMc4gH/7CSYpKyE223ZUfBpHYCLdAtlo92KZjU7gB69ZcU1dFubJxm0pQRqfCplKHS0HE2+hNoquoLdnSiBXp2jNgI+DQnZujS46w0iF6Iz9Ov7O4zwSXQk9lc2NKJvmLCJhLQcdI+r9An9WmGNkNTnuNrHMzQWFpe61HRW5ueiQRmaE858NGSQOcX7dBkQe3iOfQkW+y2bR2FrcaR6rkzW+or7a8VfBN/VroK9OAdIpPAoxMq0GvVBVqgY1xSSKhddGjxhUmf+G/dJg43bGnWm/hihn7i8/9/BNoMHamikFC76JAZmtddE3HdFL7PX3Z4yjEk3ZLjzUqOK+pSmhGvWBobR0+tcTTmMgV0o8+Ug/AvVlLDjev0TlgSvuErBZPapTE04Eq6NvpM4xTopBC8TsGkdsnNBlwCnVQP183QvGYV6IuOwqyhO6cKAi3Qo/WElg7ULjkr0AKdGFlep2BSu+SsQA9+tZvEPbueRKc1dKOMSWNMGyaqAR1L8rdxnQZn4mCpAX0/NJ0wenZ73AUqvAej0WbydaKBQK9DDx/bCXQQdhF8At1JTkciMUOfH4WNlj6Bxr8GGuku0ALdqJ+fbVpDL36BnepSGtXW0C2cBTr+FXMDvkabKfisoa2hDwYa8DXaTL4KdGcu3RQOV1t60nNJbQmPPCcBv1sfgRboQ4FWgAn0BZvCCdO7J4xufFMJJNChnqWQpAmbLH/Up8aduRZA1NeWP7sD3pJjSPnuCUsBL9DeKRwhLdDnz26nMoee9CTNP/7W94ToJO5Z260l3gxthq6cbafs1AKa7jGoXUoGjXZTEvn4DN0QXaB/UG9oK9AhjTREn0zmxB9qS+3M0EGBtItvCN9oU6DN0PGO1QSSxmaplZ0mAUZtqV1LAzpfnkOX6rxJ8E3gorbUTqAtOeJKNIGL2lK7PwV0Gkzjekv4M1/TjpreHJgsqXfqM+15djMwKjkazqY2BXqtEAWMBi7tL83zJODxOfTEKWor0AKdgk+gF4wk8e60/D99oRmTjpP2RxNa2mxbcgRl6URfAdcVfQr0JDSLR2xuCtlregVaoKMC77QqvB3QUf0bfeEKcSe78TNb+iRemopGu1dongLeP95MJMDrSXiBZsImXQWa6RqtkvACHSX89QtJV4FmukarJLxARwkFmknUsRLoa3Q1Q3d0X/5aY9VlY/OWzqgbwVeSNeoq0CXlG5DQNgW6NMnNZq84QvLYbv0ag8Z8p6D+D86fbXwPq4y2AAAAAElFTkSuQmCC', '2023-02-12 16:53:51.731490', '2023-02-12 16:53:51.731492', 'Admin', 'Admin', 0);

-- Dumping structure for table amsdev.assetassigned
CREATE TABLE IF NOT EXISTS `assetassigned` (
  `Id` bigint NOT NULL AUTO_INCREMENT,
  `AssetId` bigint NOT NULL,
  `EmployeeId` bigint NOT NULL,
  `Status` longtext CHARACTER SET utf8mb4 COLLATE utf8mb4_0900_ai_ci,
  `CreatedDate` datetime(6) NOT NULL,
  `ModifiedDate` datetime(6) NOT NULL,
  `CreatedBy` longtext CHARACTER SET utf8mb4 COLLATE utf8mb4_0900_ai_ci,
  `ModifiedBy` longtext CHARACTER SET utf8mb4 COLLATE utf8mb4_0900_ai_ci,
  `Cancelled` tinyint(1) NOT NULL,
  PRIMARY KEY (`Id`)
) ENGINE=InnoDB DEFAULT CHARSET=utf8mb4 COLLATE=utf8mb4_0900_ai_ci;

-- Dumping data for table amsdev.assetassigned: ~0 rows (approximately)

-- Dumping structure for table amsdev.assetcategorie
CREATE TABLE IF NOT EXISTS `assetcategorie` (
  `Id` bigint NOT NULL AUTO_INCREMENT,
  `Name` longtext CHARACTER SET utf8mb4 COLLATE utf8mb4_0900_ai_ci,
  `Description` longtext CHARACTER SET utf8mb4 COLLATE utf8mb4_0900_ai_ci,
  `CreatedDate` datetime(6) NOT NULL,
  `ModifiedDate` datetime(6) NOT NULL,
  `CreatedBy` longtext CHARACTER SET utf8mb4 COLLATE utf8mb4_0900_ai_ci,
  `ModifiedBy` longtext CHARACTER SET utf8mb4 COLLATE utf8mb4_0900_ai_ci,
  `Cancelled` tinyint(1) NOT NULL,
  PRIMARY KEY (`Id`)
) ENGINE=InnoDB AUTO_INCREMENT=6 DEFAULT CHARSET=utf8mb4 COLLATE=utf8mb4_0900_ai_ci;

-- Dumping data for table amsdev.assetcategorie: ~5 rows (approximately)
INSERT INTO `assetcategorie` (`Id`, `Name`, `Description`, `CreatedDate`, `ModifiedDate`, `CreatedBy`, `ModifiedBy`, `Cancelled`) VALUES
	(1, 'IT', 'IT Accessories', '2023-02-12 16:53:52.047452', '2023-02-12 16:53:52.047455', 'Admin', 'Admin', 0),
	(2, 'Electronics', 'All Electronics', '2023-02-12 16:53:52.149071', '2023-02-12 16:53:52.149073', 'Admin', 'Admin', 0),
	(3, 'Furniture', 'Office Furniture', '2023-02-12 16:53:52.191708', '2023-02-12 16:53:52.191710', 'Admin', 'Admin', 0),
	(4, 'Miscellaneous', 'Miscellaneous', '2023-02-12 16:53:52.225453', '2023-02-12 16:53:52.225455', 'Admin', 'Admin', 0),
	(5, 'Software', 'All Kind\'s Software Paid Application', '2023-02-12 16:53:52.261190', '2023-02-12 16:53:52.261192', 'Admin', 'Admin', 0);

-- Dumping structure for table amsdev.assethistory
CREATE TABLE IF NOT EXISTS `assethistory` (
  `Id` bigint NOT NULL AUTO_INCREMENT,
  `AssetId` bigint NOT NULL,
  `AssignEmployeeId` bigint NOT NULL,
  `Action` longtext CHARACTER SET utf8mb4 COLLATE utf8mb4_0900_ai_ci,
  `Note` longtext CHARACTER SET utf8mb4 COLLATE utf8mb4_0900_ai_ci,
  `CreatedDate` datetime(6) NOT NULL,
  `ModifiedDate` datetime(6) NOT NULL,
  `CreatedBy` longtext CHARACTER SET utf8mb4 COLLATE utf8mb4_0900_ai_ci,
  `ModifiedBy` longtext CHARACTER SET utf8mb4 COLLATE utf8mb4_0900_ai_ci,
  `Cancelled` tinyint(1) NOT NULL,
  PRIMARY KEY (`Id`)
) ENGINE=InnoDB AUTO_INCREMENT=12 DEFAULT CHARSET=utf8mb4 COLLATE=utf8mb4_0900_ai_ci;

-- Dumping data for table amsdev.assethistory: ~4 rows (approximately)
INSERT INTO `assethistory` (`Id`, `AssetId`, `AssignEmployeeId`, `Action`, `Note`, `CreatedDate`, `ModifiedDate`, `CreatedBy`, `ModifiedBy`, `Cancelled`) VALUES
	(1, 1, 0, 'Asset Created.', NULL, '2023-02-12 16:53:50.738014', '2023-02-12 16:53:50.738016', 'Admin', 'Admin', 0),
	(2, 2, 0, 'Asset Created.', NULL, '2023-02-12 16:53:50.898285', '2023-02-12 16:53:50.898286', 'Admin', 'Admin', 0),
	(3, 3, 0, 'Asset Created.', NULL, '2023-02-12 16:53:51.031718', '2023-02-12 16:53:51.031719', 'Admin', 'Admin', 0),
	(4, 4, 0, 'Asset Created.', NULL, '2023-02-12 16:53:51.208534', '2023-02-12 16:53:51.208537', 'Admin', 'Admin', 0),
	(5, 5, 0, 'Asset Created.', NULL, '2023-02-12 16:53:51.317710', '2023-02-12 16:53:51.317711', 'Admin', 'Admin', 0),
	(6, 6, 0, 'Asset Created.', NULL, '2023-02-12 16:53:51.414782', '2023-02-12 16:53:51.414783', 'Admin', 'Admin', 0),
	(7, 7, 0, 'Asset Created.', NULL, '2023-02-12 16:53:51.476347', '2023-02-12 16:53:51.476349', 'Admin', 'Admin', 0),
	(8, 8, 0, 'Asset Created.', NULL, '2023-02-12 16:53:51.560942', '2023-02-12 16:53:51.560944', 'Admin', 'Admin', 0),
	(9, 9, 0, 'Asset Created.', NULL, '2023-02-12 16:53:51.620950', '2023-02-12 16:53:51.620952', 'Admin', 'Admin', 0),
	(10, 10, 0, 'Asset Created.', NULL, '2023-02-12 16:53:51.684378', '2023-02-12 16:53:51.684379', 'Admin', 'Admin', 0),
	(11, 11, 0, 'Asset Created.', NULL, '2023-02-12 16:53:51.756831', '2023-02-12 16:53:51.756833', 'Admin', 'Admin', 0);

-- Dumping structure for table amsdev.assetissue
CREATE TABLE IF NOT EXISTS `assetissue` (
  `Id` bigint NOT NULL AUTO_INCREMENT,
  `AssetId` bigint NOT NULL,
  `RaisedByEmployeeId` bigint NOT NULL,
  `IssueDescription` longtext CHARACTER SET utf8mb4 COLLATE utf8mb4_0900_ai_ci,
  `Status` longtext CHARACTER SET utf8mb4 COLLATE utf8mb4_0900_ai_ci,
  `ExpectedFixDate` datetime(6) NOT NULL,
  `ResolvedDate` datetime(6) NOT NULL,
  `Comment` longtext CHARACTER SET utf8mb4 COLLATE utf8mb4_0900_ai_ci,
  `CreatedDate` datetime(6) NOT NULL,
  `ModifiedDate` datetime(6) NOT NULL,
  `CreatedBy` longtext CHARACTER SET utf8mb4 COLLATE utf8mb4_0900_ai_ci,
  `ModifiedBy` longtext CHARACTER SET utf8mb4 COLLATE utf8mb4_0900_ai_ci,
  `Cancelled` tinyint(1) NOT NULL,
  PRIMARY KEY (`Id`)
) ENGINE=InnoDB AUTO_INCREMENT=8 DEFAULT CHARSET=utf8mb4 COLLATE=utf8mb4_0900_ai_ci;

-- Dumping data for table amsdev.assetissue: ~0 rows (approximately)
INSERT INTO `assetissue` (`Id`, `AssetId`, `RaisedByEmployeeId`, `IssueDescription`, `Status`, `ExpectedFixDate`, `ResolvedDate`, `Comment`, `CreatedDate`, `ModifiedDate`, `CreatedBy`, `ModifiedBy`, `Cancelled`) VALUES
	(1, 1, 1, 'Your issue details note', 'New', '2023-02-19 16:53:54.470668', '2023-02-19 16:53:54.470835', 'Your comment', '2023-02-12 16:53:54.471211', '2023-02-12 16:53:54.471212', 'Admin', 'Admin', 0),
	(2, 2, 2, 'Your issue details note', 'New', '2023-02-19 16:53:54.625973', '2023-02-19 16:53:54.625975', 'Your comment', '2023-02-12 16:53:54.625976', '2023-02-12 16:53:54.625976', 'Admin', 'Admin', 0),
	(3, 3, 3, 'Your issue details note', 'Resolved', '2023-02-19 16:53:54.746967', '2023-02-19 16:53:54.746969', 'Your comment', '2023-02-12 16:53:54.746970', '2023-02-12 16:53:54.746970', 'Admin', 'Admin', 0),
	(4, 4, 4, 'Your issue details note', 'Resolved', '2023-02-19 16:53:54.841735', '2023-02-19 16:53:54.841737', 'Your comment', '2023-02-12 16:53:54.841738', '2023-02-12 16:53:54.841738', 'Admin', 'Admin', 0),
	(5, 5, 5, 'Your issue details note', 'New', '2023-02-19 16:53:54.926408', '2023-02-19 16:53:54.926410', 'Your comment', '2023-02-12 16:53:54.926410', '2023-02-12 16:53:54.926411', 'Admin', 'Admin', 0),
	(6, 6, 1, 'Your issue details note', 'New', '2023-02-19 16:53:55.018884', '2023-02-19 16:53:55.018887', 'Your comment', '2023-02-12 16:53:55.018887', '2023-02-12 16:53:55.018888', 'Admin', 'Admin', 0),
	(7, 7, 2, 'Your issue details note', 'New', '2023-02-19 16:53:55.092254', '2023-02-19 16:53:55.092263', 'Your comment', '2023-02-12 16:53:55.092265', '2023-02-12 16:53:55.092266', 'Admin', 'Admin', 0);

-- Dumping structure for table amsdev.assetrequest
CREATE TABLE IF NOT EXISTS `assetrequest` (
  `Id` bigint NOT NULL AUTO_INCREMENT,
  `AssetId` bigint NOT NULL,
  `RequestedEmployeeId` bigint NOT NULL,
  `ApprovedByEmployeeId` bigint NOT NULL,
  `RequestDetails` longtext CHARACTER SET utf8mb4 COLLATE utf8mb4_0900_ai_ci,
  `Status` longtext CHARACTER SET utf8mb4 COLLATE utf8mb4_0900_ai_ci,
  `RequestDate` datetime(6) NOT NULL,
  `ReceiveDate` datetime(6) NOT NULL,
  `Comment` longtext CHARACTER SET utf8mb4 COLLATE utf8mb4_0900_ai_ci,
  `CreatedDate` datetime(6) NOT NULL,
  `ModifiedDate` datetime(6) NOT NULL,
  `CreatedBy` longtext CHARACTER SET utf8mb4 COLLATE utf8mb4_0900_ai_ci,
  `ModifiedBy` longtext CHARACTER SET utf8mb4 COLLATE utf8mb4_0900_ai_ci,
  `Cancelled` tinyint(1) NOT NULL,
  PRIMARY KEY (`Id`)
) ENGINE=InnoDB AUTO_INCREMENT=8 DEFAULT CHARSET=utf8mb4 COLLATE=utf8mb4_0900_ai_ci;

-- Dumping data for table amsdev.assetrequest: ~0 rows (approximately)
INSERT INTO `assetrequest` (`Id`, `AssetId`, `RequestedEmployeeId`, `ApprovedByEmployeeId`, `RequestDetails`, `Status`, `RequestDate`, `ReceiveDate`, `Comment`, `CreatedDate`, `ModifiedDate`, `CreatedBy`, `ModifiedBy`, `Cancelled`) VALUES
	(1, 1, 1, 2, 'Your request note', 'New', '2023-02-12 16:53:53.760539', '2023-02-19 16:53:53.760715', 'Your comment', '2023-02-12 16:53:53.761148', '2023-02-12 16:53:53.761150', 'Admin', 'Admin', 0),
	(2, 2, 2, 5, 'Your request note', 'New', '2023-02-12 16:53:53.996109', '2023-02-19 16:53:53.996111', 'Your comment', '2023-02-12 16:53:53.996116', '2023-02-12 16:53:53.996116', 'Admin', 'Admin', 0),
	(3, 3, 3, 2, 'Your request note', 'Accepted', '2023-02-12 16:53:54.085627', '2023-02-19 16:53:54.085628', 'Your comment', '2023-02-12 16:53:54.085629', '2023-02-12 16:53:54.085630', 'Admin', 'Admin', 0),
	(4, 4, 4, 2, 'Your request note', 'Accepted', '2023-02-12 16:53:54.208464', '2023-02-19 16:53:54.208466', 'Your comment', '2023-02-12 16:53:54.208468', '2023-02-12 16:53:54.208469', 'Admin', 'Admin', 0),
	(5, 5, 5, 2, 'Your request note', 'New', '2023-02-12 16:53:54.271524', '2023-02-19 16:53:54.271526', 'Your comment', '2023-02-12 16:53:54.271528', '2023-02-12 16:53:54.271528', 'Admin', 'Admin', 0),
	(6, 6, 1, 2, 'Your request note', 'New', '2023-02-12 16:53:54.326853', '2023-02-19 16:53:54.326857', 'Your comment', '2023-02-12 16:53:54.326858', '2023-02-12 16:53:54.326859', 'Admin', 'Admin', 0),
	(7, 1, 2, 2, 'Your request note', 'New', '2023-02-12 16:53:54.395507', '2023-02-19 16:53:54.395508', 'Your comment', '2023-02-12 16:53:54.395509', '2023-02-12 16:53:54.395510', 'Admin', 'Admin', 0);

-- Dumping structure for table amsdev.assetstatus
CREATE TABLE IF NOT EXISTS `assetstatus` (
  `Id` bigint NOT NULL AUTO_INCREMENT,
  `Name` longtext CHARACTER SET utf8mb4 COLLATE utf8mb4_0900_ai_ci,
  `Description` longtext CHARACTER SET utf8mb4 COLLATE utf8mb4_0900_ai_ci,
  `CreatedDate` datetime(6) NOT NULL,
  `ModifiedDate` datetime(6) NOT NULL,
  `CreatedBy` longtext CHARACTER SET utf8mb4 COLLATE utf8mb4_0900_ai_ci,
  `ModifiedBy` longtext CHARACTER SET utf8mb4 COLLATE utf8mb4_0900_ai_ci,
  `Cancelled` tinyint(1) NOT NULL,
  PRIMARY KEY (`Id`)
) ENGINE=InnoDB AUTO_INCREMENT=9 DEFAULT CHARSET=utf8mb4 COLLATE=utf8mb4_0900_ai_ci;

-- Dumping data for table amsdev.assetstatus: ~8 rows (approximately)
INSERT INTO `assetstatus` (`Id`, `Name`, `Description`, `CreatedDate`, `ModifiedDate`, `CreatedBy`, `ModifiedBy`, `Cancelled`) VALUES
	(1, 'New', 'TBD', '2023-02-12 16:53:52.558265', '2023-02-12 16:53:52.558266', 'Admin', 'Admin', 0),
	(2, 'In Use', 'TBD', '2023-02-12 16:53:52.639699', '2023-02-12 16:53:52.639702', 'Admin', 'Admin', 0),
	(3, 'Available', 'TBD', '2023-02-12 16:53:52.677146', '2023-02-12 16:53:52.677148', 'Admin', 'Admin', 0),
	(4, 'Damage', 'Damage', '2023-02-12 16:53:52.709784', '2023-02-12 16:53:52.709785', 'Admin', 'Admin', 0),
	(5, 'Return', 'Return', '2023-02-12 16:53:52.743177', '2023-02-12 16:53:52.743179', 'Admin', 'Admin', 0),
	(6, 'Expired', 'Expired', '2023-02-12 16:53:52.778338', '2023-02-12 16:53:52.778340', 'Admin', 'Admin', 0),
	(7, 'Required License Update', 'TBD', '2023-02-12 16:53:52.812090', '2023-02-12 16:53:52.812092', 'Admin', 'Admin', 0),
	(8, 'Miscellaneous', 'Miscellaneous', '2023-02-12 16:53:52.871025', '2023-02-12 16:53:52.871027', 'Admin', 'Admin', 0);

-- Dumping structure for table amsdev.assetsubcategorie
CREATE TABLE IF NOT EXISTS `assetsubcategorie` (
  `Id` bigint NOT NULL AUTO_INCREMENT,
  `AssetCategorieId` bigint NOT NULL,
  `Name` longtext CHARACTER SET utf8mb4 COLLATE utf8mb4_0900_ai_ci,
  `Description` longtext CHARACTER SET utf8mb4 COLLATE utf8mb4_0900_ai_ci,
  `CreatedDate` datetime(6) NOT NULL,
  `ModifiedDate` datetime(6) NOT NULL,
  `CreatedBy` longtext CHARACTER SET utf8mb4 COLLATE utf8mb4_0900_ai_ci,
  `ModifiedBy` longtext CHARACTER SET utf8mb4 COLLATE utf8mb4_0900_ai_ci,
  `Cancelled` tinyint(1) NOT NULL,
  PRIMARY KEY (`Id`)
) ENGINE=InnoDB AUTO_INCREMENT=6 DEFAULT CHARSET=utf8mb4 COLLATE=utf8mb4_0900_ai_ci;

-- Dumping data for table amsdev.assetsubcategorie: ~5 rows (approximately)
INSERT INTO `assetsubcategorie` (`Id`, `AssetCategorieId`, `Name`, `Description`, `CreatedDate`, `ModifiedDate`, `CreatedBy`, `ModifiedBy`, `Cancelled`) VALUES
	(1, 1, 'Destop Computer', 'Destop Computer', '2023-02-12 16:53:52.296982', '2023-02-12 16:53:52.296985', 'Admin', 'Admin', 0),
	(2, 1, 'Laptop', 'All Laptop Computer', '2023-02-12 16:53:52.367543', '2023-02-12 16:53:52.367545', 'Admin', 'Admin', 0),
	(3, 3, 'Office Chair', 'Office Chair', '2023-02-12 16:53:52.434799', '2023-02-12 16:53:52.434800', 'Admin', 'Admin', 0),
	(4, 1, 'Pendrive', 'Pendrive', '2023-02-12 16:53:52.476518', '2023-02-12 16:53:52.476520', 'Admin', 'Admin', 0),
	(5, 1, 'Charger', 'All Kind\'s Charger', '2023-02-12 16:53:52.515486', '2023-02-12 16:53:52.515487', 'Admin', 'Admin', 0);

-- Dumping structure for table amsdev.auditlogs
CREATE TABLE IF NOT EXISTS `auditlogs` (
  `Id` int NOT NULL AUTO_INCREMENT,
  `UserId` longtext CHARACTER SET utf8mb4 COLLATE utf8mb4_0900_ai_ci,
  `Type` longtext CHARACTER SET utf8mb4 COLLATE utf8mb4_0900_ai_ci,
  `TableName` longtext CHARACTER SET utf8mb4 COLLATE utf8mb4_0900_ai_ci,
  `DateTime` datetime(6) NOT NULL,
  `OldValues` longtext CHARACTER SET utf8mb4 COLLATE utf8mb4_0900_ai_ci,
  `NewValues` longtext CHARACTER SET utf8mb4 COLLATE utf8mb4_0900_ai_ci,
  `AffectedColumns` longtext CHARACTER SET utf8mb4 COLLATE utf8mb4_0900_ai_ci,
  `PrimaryKey` longtext CHARACTER SET utf8mb4 COLLATE utf8mb4_0900_ai_ci,
  PRIMARY KEY (`Id`)
) ENGINE=InnoDB AUTO_INCREMENT=150 DEFAULT CHARSET=utf8mb4 COLLATE=utf8mb4_0900_ai_ci;

-- Dumping data for table amsdev.auditlogs: ~146 rows (approximately)
INSERT INTO `auditlogs` (`Id`, `UserId`, `Type`, `TableName`, `DateTime`, `OldValues`, `NewValues`, `AffectedColumns`, `PrimaryKey`) VALUES
	(1, 'Admin', 'Create', 'UserProfile', '2023-02-12 09:53:47.537563', NULL, '{"Address":"R/A, Dhaka","ApplicationUserId":"9312f815-133b-45a0-93c3-f7f0e9bb4799","Cancelled":false,"Country":"Bangladesh","CreatedBy":"Admin","CreatedDate":"2023-02-12T16:53:47.3510837+07:00","DateOfBirth":"1998-02-12T16:53:47.350525+07:00","Department":2,"Designation":2,"Email":"admin@gmail.com","EmployeeId":"036307","FirstName":"Super","IsApprover":1,"JoiningDate":"2022-02-12T16:53:47.3508995+07:00","LastName":"Admin","LeavingDate":"2023-02-12T16:53:47.3509823+07:00","ModifiedBy":"Admin","ModifiedDate":"2023-02-12T16:53:47.3510848+07:00","PhoneNumber":"+8801674411603","ProfilePicture":"/images/UserIcon/Admin.png","RoleId":1,"SubDepartment":2}', NULL, '{"UserProfileId":-9223372036854774807}'),
	(2, 'Admin', 'Create', 'SMTPEmailSetting', '2023-02-12 09:53:50.284778', NULL, '{"Cancelled":false,"CreatedBy":"Admin","CreatedDate":"2023-02-12T16:53:50.2336379+07:00","FromEmail":"devmlbd@gmail.com","FromFullName":"Web Admin Notification","Host":"smtp.gmail.com","IsDefault":true,"IsSSL":true,"ModifiedBy":"Admin","ModifiedDate":"2023-02-12T16:53:50.2336403+07:00","Password":"","Port":587,"UserName":"devmlbd@gmail.com"}', NULL, '{"Id":-2147482647}'),
	(3, 'Admin', 'Create', 'SendGridSetting', '2023-02-12 09:53:50.387491', NULL, '{"Cancelled":false,"CreatedBy":"Admin","CreatedDate":"2023-02-12T16:53:50.3387759+07:00","FromEmail":"devmlbd@gmail.com","FromFullName":"Web Admin Notification","IsDefault":false,"ModifiedBy":"Admin","ModifiedDate":"2023-02-12T16:53:50.3387781+07:00","SendGridKey":"","SendGridUser":""}', NULL, '{"Id":-2147482647}'),
	(4, 'Admin', 'Create', 'DefaultIdentityOptions', '2023-02-12 09:53:50.516226', NULL, '{"AccessDeniedPath":"/Account/AccessDenied","Cancelled":false,"CookieExpiration":150.0,"CookieExpireTimeSpan":120.0,"CookieHttpOnly":true,"CreatedBy":"Admin","CreatedDate":"2023-02-12T16:53:50.4392286+07:00","LockoutAllowedForNewUsers":false,"LockoutDefaultLockoutTimeSpanInMinutes":30.0,"LockoutMaxFailedAccessAttempts":5,"LoginPath":"/Account/Login","LogoutPath":"/Account/Logout","ModifiedBy":"Admin","ModifiedDate":"2023-02-12T16:53:50.4392302+07:00","PasswordRequireDigit":false,"PasswordRequireLowercase":false,"PasswordRequireNonAlphanumeric":false,"PasswordRequireUppercase":false,"PasswordRequiredLength":3,"PasswordRequiredUniqueChars":0,"SignInRequireConfirmedEmail":false,"SlidingExpiration":true,"UserRequireUniqueEmail":true}', NULL, '{"Id":-2147482647}'),
	(5, 'Admin', 'Create', 'AssetHistory', '2023-02-12 09:53:50.773358', NULL, '{"Action":"Asset Created.","AssetId":1,"AssignEmployeeId":0,"Cancelled":false,"CreatedBy":"Admin","CreatedDate":"2023-02-12T16:53:50.7380142+07:00","ModifiedBy":"Admin","ModifiedDate":"2023-02-12T16:53:50.7380162+07:00","Note":null}', NULL, '{"Id":-9223372036854774807}'),
	(6, 'Admin', 'Create', 'AssetHistory', '2023-02-12 09:53:50.900151', NULL, '{"Action":"Asset Created.","AssetId":2,"AssignEmployeeId":0,"Cancelled":false,"CreatedBy":"Admin","CreatedDate":"2023-02-12T16:53:50.8982852+07:00","ModifiedBy":"Admin","ModifiedDate":"2023-02-12T16:53:50.8982866+07:00","Note":null}', NULL, '{"Id":-9223372036854774806}'),
	(7, 'Admin', 'Create', 'AssetHistory', '2023-02-12 09:53:51.033638', NULL, '{"Action":"Asset Created.","AssetId":3,"AssignEmployeeId":0,"Cancelled":false,"CreatedBy":"Admin","CreatedDate":"2023-02-12T16:53:51.0317184+07:00","ModifiedBy":"Admin","ModifiedDate":"2023-02-12T16:53:51.0317199+07:00","Note":null}', NULL, '{"Id":-9223372036854774805}'),
	(8, 'Admin', 'Create', 'AssetHistory', '2023-02-12 09:53:51.211294', NULL, '{"Action":"Asset Created.","AssetId":4,"AssignEmployeeId":0,"Cancelled":false,"CreatedBy":"Admin","CreatedDate":"2023-02-12T16:53:51.2085344+07:00","ModifiedBy":"Admin","ModifiedDate":"2023-02-12T16:53:51.2085374+07:00","Note":null}', NULL, '{"Id":-9223372036854774804}'),
	(9, 'Admin', 'Create', 'AssetHistory', '2023-02-12 09:53:51.320531', NULL, '{"Action":"Asset Created.","AssetId":5,"AssignEmployeeId":0,"Cancelled":false,"CreatedBy":"Admin","CreatedDate":"2023-02-12T16:53:51.3177101+07:00","ModifiedBy":"Admin","ModifiedDate":"2023-02-12T16:53:51.3177114+07:00","Note":null}', NULL, '{"Id":-9223372036854774803}'),
	(10, 'Admin', 'Create', 'AssetHistory', '2023-02-12 09:53:51.417451', NULL, '{"Action":"Asset Created.","AssetId":6,"AssignEmployeeId":0,"Cancelled":false,"CreatedBy":"Admin","CreatedDate":"2023-02-12T16:53:51.414782+07:00","ModifiedBy":"Admin","ModifiedDate":"2023-02-12T16:53:51.4147838+07:00","Note":null}', NULL, '{"Id":-9223372036854774802}'),
	(11, 'Admin', 'Create', 'AssetHistory', '2023-02-12 09:53:51.479044', NULL, '{"Action":"Asset Created.","AssetId":7,"AssignEmployeeId":0,"Cancelled":false,"CreatedBy":"Admin","CreatedDate":"2023-02-12T16:53:51.4763474+07:00","ModifiedBy":"Admin","ModifiedDate":"2023-02-12T16:53:51.476349+07:00","Note":null}', NULL, '{"Id":-9223372036854774801}'),
	(12, 'Admin', 'Create', 'AssetHistory', '2023-02-12 09:53:51.564184', NULL, '{"Action":"Asset Created.","AssetId":8,"AssignEmployeeId":0,"Cancelled":false,"CreatedBy":"Admin","CreatedDate":"2023-02-12T16:53:51.5609429+07:00","ModifiedBy":"Admin","ModifiedDate":"2023-02-12T16:53:51.5609448+07:00","Note":null}', NULL, '{"Id":-9223372036854774800}'),
	(13, 'Admin', 'Create', 'AssetHistory', '2023-02-12 09:53:51.624200', NULL, '{"Action":"Asset Created.","AssetId":9,"AssignEmployeeId":0,"Cancelled":false,"CreatedBy":"Admin","CreatedDate":"2023-02-12T16:53:51.6209509+07:00","ModifiedBy":"Admin","ModifiedDate":"2023-02-12T16:53:51.6209524+07:00","Note":null}', NULL, '{"Id":-9223372036854774799}'),
	(14, 'Admin', 'Create', 'AssetHistory', '2023-02-12 09:53:51.686512', NULL, '{"Action":"Asset Created.","AssetId":10,"AssignEmployeeId":0,"Cancelled":false,"CreatedBy":"Admin","CreatedDate":"2023-02-12T16:53:51.6843786+07:00","ModifiedBy":"Admin","ModifiedDate":"2023-02-12T16:53:51.6843799+07:00","Note":null}', NULL, '{"Id":-9223372036854774798}'),
	(15, 'Admin', 'Create', 'AssetHistory', '2023-02-12 09:53:51.758717', NULL, '{"Action":"Asset Created.","AssetId":11,"AssignEmployeeId":0,"Cancelled":false,"CreatedBy":"Admin","CreatedDate":"2023-02-12T16:53:51.7568314+07:00","ModifiedBy":"Admin","ModifiedDate":"2023-02-12T16:53:51.7568333+07:00","Note":null}', NULL, '{"Id":-9223372036854774797}'),
	(16, 'Admin', 'Create', 'Supplier', '2023-02-12 09:53:51.867481', NULL, '{"Address":"Dhaka","Cancelled":false,"ContactPerson":"TBD","CreatedBy":"Admin","CreatedDate":"2023-02-12T16:53:51.8045571+07:00","Email":"dev@gmail.com","ModifiedBy":"Admin","ModifiedDate":"2023-02-12T16:53:51.8045589+07:00","Name":"Common Supplier","Phone":"01699000"}', NULL, '{"Id":-9223372036854774807}'),
	(17, 'Admin', 'Create', 'Supplier', '2023-02-12 09:53:51.908936', NULL, '{"Address":"USA","Cancelled":false,"ContactPerson":"TBD","CreatedBy":"Admin","CreatedDate":"2023-02-12T16:53:51.9073565+07:00","Email":"dev@gmail.com","ModifiedBy":"Admin","ModifiedDate":"2023-02-12T16:53:51.9073585+07:00","Name":"Google","Phone":"01699000"}', NULL, '{"Id":-9223372036854774806}'),
	(18, 'Admin', 'Create', 'Supplier', '2023-02-12 09:53:51.949439', NULL, '{"Address":"USA","Cancelled":false,"ContactPerson":"TBD","CreatedBy":"Admin","CreatedDate":"2023-02-12T16:53:51.9462579+07:00","Email":"dev@gmail.com","ModifiedBy":"Admin","ModifiedDate":"2023-02-12T16:53:51.9462598+07:00","Name":"Amazon","Phone":"01699000"}', NULL, '{"Id":-9223372036854774805}'),
	(19, 'Admin', 'Create', 'Supplier', '2023-02-12 09:53:51.985926', NULL, '{"Address":"USA","Cancelled":false,"ContactPerson":"TBD","CreatedBy":"Admin","CreatedDate":"2023-02-12T16:53:51.9832764+07:00","Email":"dev@gmail.com","ModifiedBy":"Admin","ModifiedDate":"2023-02-12T16:53:51.9832785+07:00","Name":"Microsoft","Phone":"01699000"}', NULL, '{"Id":-9223372036854774804}'),
	(20, 'Admin', 'Create', 'Supplier', '2023-02-12 09:53:52.017338', NULL, '{"Address":"Dhaka","Cancelled":false,"ContactPerson":"TBD","CreatedBy":"Admin","CreatedDate":"2023-02-12T16:53:52.0146649+07:00","Email":"dev@gmail.com","ModifiedBy":"Admin","ModifiedDate":"2023-02-12T16:53:52.014667+07:00","Name":"PHP","Phone":"01699000"}', NULL, '{"Id":-9223372036854774803}'),
	(21, 'Admin', 'Create', 'AssetCategorie', '2023-02-12 09:53:52.089778', NULL, '{"Cancelled":false,"CreatedBy":"Admin","CreatedDate":"2023-02-12T16:53:52.0474524+07:00","Description":"IT Accessories","ModifiedBy":"Admin","ModifiedDate":"2023-02-12T16:53:52.0474555+07:00","Name":"IT"}', NULL, '{"Id":-9223372036854774807}'),
	(22, 'Admin', 'Create', 'AssetCategorie', '2023-02-12 09:53:52.152259', NULL, '{"Cancelled":false,"CreatedBy":"Admin","CreatedDate":"2023-02-12T16:53:52.1490716+07:00","Description":"All Electronics","ModifiedBy":"Admin","ModifiedDate":"2023-02-12T16:53:52.1490737+07:00","Name":"Electronics"}', NULL, '{"Id":-9223372036854774806}'),
	(23, 'Admin', 'Create', 'AssetCategorie', '2023-02-12 09:53:52.193500', NULL, '{"Cancelled":false,"CreatedBy":"Admin","CreatedDate":"2023-02-12T16:53:52.1917084+07:00","Description":"Office Furniture","ModifiedBy":"Admin","ModifiedDate":"2023-02-12T16:53:52.1917102+07:00","Name":"Furniture"}', NULL, '{"Id":-9223372036854774805}'),
	(24, 'Admin', 'Create', 'AssetCategorie', '2023-02-12 09:53:52.227421', NULL, '{"Cancelled":false,"CreatedBy":"Admin","CreatedDate":"2023-02-12T16:53:52.2254534+07:00","Description":"Miscellaneous","ModifiedBy":"Admin","ModifiedDate":"2023-02-12T16:53:52.2254552+07:00","Name":"Miscellaneous"}', NULL, '{"Id":-9223372036854774804}'),
	(25, 'Admin', 'Create', 'AssetCategorie', '2023-02-12 09:53:52.264787', NULL, '{"Cancelled":false,"CreatedBy":"Admin","CreatedDate":"2023-02-12T16:53:52.2611909+07:00","Description":"All Kind\'s Software Paid Application","ModifiedBy":"Admin","ModifiedDate":"2023-02-12T16:53:52.2611928+07:00","Name":"Software"}', NULL, '{"Id":-9223372036854774803}'),
	(26, 'Admin', 'Create', 'AssetSubCategorie', '2023-02-12 09:53:52.326869', NULL, '{"AssetCategorieId":1,"Cancelled":false,"CreatedBy":"Admin","CreatedDate":"2023-02-12T16:53:52.2969823+07:00","Description":"Destop Computer","ModifiedBy":"Admin","ModifiedDate":"2023-02-12T16:53:52.2969854+07:00","Name":"Destop Computer"}', NULL, '{"Id":-9223372036854774807}'),
	(27, 'Admin', 'Create', 'AssetSubCategorie', '2023-02-12 09:53:52.371383', NULL, '{"AssetCategorieId":1,"Cancelled":false,"CreatedBy":"Admin","CreatedDate":"2023-02-12T16:53:52.3675437+07:00","Description":"All Laptop Computer","ModifiedBy":"Admin","ModifiedDate":"2023-02-12T16:53:52.3675457+07:00","Name":"Laptop"}', NULL, '{"Id":-9223372036854774806}'),
	(28, 'Admin', 'Create', 'AssetSubCategorie', '2023-02-12 09:53:52.438193', NULL, '{"AssetCategorieId":3,"Cancelled":false,"CreatedBy":"Admin","CreatedDate":"2023-02-12T16:53:52.434799+07:00","Description":"Office Chair","ModifiedBy":"Admin","ModifiedDate":"2023-02-12T16:53:52.4348005+07:00","Name":"Office Chair"}', NULL, '{"Id":-9223372036854774805}'),
	(29, 'Admin', 'Create', 'AssetSubCategorie', '2023-02-12 09:53:52.481569', NULL, '{"AssetCategorieId":1,"Cancelled":false,"CreatedBy":"Admin","CreatedDate":"2023-02-12T16:53:52.4765185+07:00","Description":"Pendrive","ModifiedBy":"Admin","ModifiedDate":"2023-02-12T16:53:52.4765206+07:00","Name":"Pendrive"}', NULL, '{"Id":-9223372036854774804}'),
	(30, 'Admin', 'Create', 'AssetSubCategorie', '2023-02-12 09:53:52.519582', NULL, '{"AssetCategorieId":1,"Cancelled":false,"CreatedBy":"Admin","CreatedDate":"2023-02-12T16:53:52.5154862+07:00","Description":"All Kind\'s Charger","ModifiedBy":"Admin","ModifiedDate":"2023-02-12T16:53:52.5154879+07:00","Name":"Charger"}', NULL, '{"Id":-9223372036854774803}'),
	(31, 'Admin', 'Create', 'AssetStatus', '2023-02-12 09:53:52.593107', NULL, '{"Cancelled":false,"CreatedBy":"Admin","CreatedDate":"2023-02-12T16:53:52.5582651+07:00","Description":"TBD","ModifiedBy":"Admin","ModifiedDate":"2023-02-12T16:53:52.5582666+07:00","Name":"New"}', NULL, '{"Id":-9223372036854774807}'),
	(32, 'Admin', 'Create', 'AssetStatus', '2023-02-12 09:53:52.643537', NULL, '{"Cancelled":false,"CreatedBy":"Admin","CreatedDate":"2023-02-12T16:53:52.6396996+07:00","Description":"TBD","ModifiedBy":"Admin","ModifiedDate":"2023-02-12T16:53:52.6397022+07:00","Name":"In Use"}', NULL, '{"Id":-9223372036854774806}'),
	(33, 'Admin', 'Create', 'AssetStatus', '2023-02-12 09:53:52.679188', NULL, '{"Cancelled":false,"CreatedBy":"Admin","CreatedDate":"2023-02-12T16:53:52.6771462+07:00","Description":"TBD","ModifiedBy":"Admin","ModifiedDate":"2023-02-12T16:53:52.6771484+07:00","Name":"Available"}', NULL, '{"Id":-9223372036854774805}'),
	(34, 'Admin', 'Create', 'AssetStatus', '2023-02-12 09:53:52.711837', NULL, '{"Cancelled":false,"CreatedBy":"Admin","CreatedDate":"2023-02-12T16:53:52.7097842+07:00","Description":"Damage","ModifiedBy":"Admin","ModifiedDate":"2023-02-12T16:53:52.7097859+07:00","Name":"Damage"}', NULL, '{"Id":-9223372036854774804}'),
	(35, 'Admin', 'Create', 'AssetStatus', '2023-02-12 09:53:52.747410', NULL, '{"Cancelled":false,"CreatedBy":"Admin","CreatedDate":"2023-02-12T16:53:52.7431775+07:00","Description":"Return","ModifiedBy":"Admin","ModifiedDate":"2023-02-12T16:53:52.7431791+07:00","Name":"Return"}', NULL, '{"Id":-9223372036854774803}'),
	(36, 'Admin', 'Create', 'AssetStatus', '2023-02-12 09:53:52.781540', NULL, '{"Cancelled":false,"CreatedBy":"Admin","CreatedDate":"2023-02-12T16:53:52.7783384+07:00","Description":"Expired","ModifiedBy":"Admin","ModifiedDate":"2023-02-12T16:53:52.7783401+07:00","Name":"Expired"}', NULL, '{"Id":-9223372036854774802}'),
	(37, 'Admin', 'Create', 'AssetStatus', '2023-02-12 09:53:52.815526', NULL, '{"Cancelled":false,"CreatedBy":"Admin","CreatedDate":"2023-02-12T16:53:52.8120908+07:00","Description":"TBD","ModifiedBy":"Admin","ModifiedDate":"2023-02-12T16:53:52.8120923+07:00","Name":"Required License Update"}', NULL, '{"Id":-9223372036854774801}'),
	(38, 'Admin', 'Create', 'AssetStatus', '2023-02-12 09:53:52.875692', NULL, '{"Cancelled":false,"CreatedBy":"Admin","CreatedDate":"2023-02-12T16:53:52.8710255+07:00","Description":"Miscellaneous","ModifiedBy":"Admin","ModifiedDate":"2023-02-12T16:53:52.8710278+07:00","Name":"Miscellaneous"}', NULL, '{"Id":-9223372036854774800}'),
	(39, 'Admin', 'Create', 'Department', '2023-02-12 09:53:52.938441', NULL, '{"Cancelled":false,"CreatedBy":"Admin","CreatedDate":"2023-02-12T16:53:52.9081646+07:00","Description":"IT Department","ModifiedBy":"Admin","ModifiedDate":"2023-02-12T16:53:52.9081667+07:00","Name":"IT"}', NULL, '{"Id":-9223372036854774807}'),
	(40, 'Admin', 'Create', 'Department', '2023-02-12 09:53:52.974612', NULL, '{"Cancelled":false,"CreatedBy":"Admin","CreatedDate":"2023-02-12T16:53:52.9723528+07:00","Description":"HR Department","ModifiedBy":"Admin","ModifiedDate":"2023-02-12T16:53:52.9723551+07:00","Name":"HR"}', NULL, '{"Id":-9223372036854774806}'),
	(41, 'Admin', 'Create', 'Department', '2023-02-12 09:53:53.007849', NULL, '{"Cancelled":false,"CreatedBy":"Admin","CreatedDate":"2023-02-12T16:53:53.0054164+07:00","Description":"Finance Department","ModifiedBy":"Admin","ModifiedDate":"2023-02-12T16:53:53.0054182+07:00","Name":"Finance"}', NULL, '{"Id":-9223372036854774805}'),
	(42, 'Admin', 'Create', 'Department', '2023-02-12 09:53:53.055492', NULL, '{"Cancelled":false,"CreatedBy":"Admin","CreatedDate":"2023-02-12T16:53:53.0531869+07:00","Description":"Procurement Department","ModifiedBy":"Admin","ModifiedDate":"2023-02-12T16:53:53.0531886+07:00","Name":"Procurement"}', NULL, '{"Id":-9223372036854774804}'),
	(43, 'Admin', 'Create', 'Department', '2023-02-12 09:53:53.114108', NULL, '{"Cancelled":false,"CreatedBy":"Admin","CreatedDate":"2023-02-12T16:53:53.1090787+07:00","Description":"Procurement Department","ModifiedBy":"Admin","ModifiedDate":"2023-02-12T16:53:53.1090805+07:00","Name":"Legal"}', NULL, '{"Id":-9223372036854774803}'),
	(44, 'Admin', 'Create', 'SubDepartment', '2023-02-12 09:53:53.208034', NULL, '{"Cancelled":false,"CreatedBy":"Admin","CreatedDate":"2023-02-12T16:53:53.1715052+07:00","DepartmentId":1,"Description":"QA Department","ModifiedBy":"Admin","ModifiedDate":"2023-02-12T16:53:53.1715076+07:00","Name":"QA"}', NULL, '{"Id":-9223372036854774807}'),
	(45, 'Admin', 'Create', 'SubDepartment', '2023-02-12 09:53:53.253292', NULL, '{"Cancelled":false,"CreatedBy":"Admin","CreatedDate":"2023-02-12T16:53:53.2506752+07:00","DepartmentId":1,"Description":"Software Development Department","ModifiedBy":"Admin","ModifiedDate":"2023-02-12T16:53:53.2506769+07:00","Name":"Software Development"}', NULL, '{"Id":-9223372036854774806}'),
	(46, 'Admin', 'Create', 'SubDepartment', '2023-02-12 09:53:53.306839', NULL, '{"Cancelled":false,"CreatedBy":"Admin","CreatedDate":"2023-02-12T16:53:53.2998224+07:00","DepartmentId":1,"Description":"Operation Department","ModifiedBy":"Admin","ModifiedDate":"2023-02-12T16:53:53.2998242+07:00","Name":"Operation"}', NULL, '{"Id":-9223372036854774805}'),
	(47, 'Admin', 'Create', 'SubDepartment', '2023-02-12 09:53:53.349199', NULL, '{"Cancelled":false,"CreatedBy":"Admin","CreatedDate":"2023-02-12T16:53:53.3458856+07:00","DepartmentId":1,"Description":"Project Management Department","ModifiedBy":"Admin","ModifiedDate":"2023-02-12T16:53:53.3458873+07:00","Name":"PM"}', NULL, '{"Id":-9223372036854774804}'),
	(48, 'Admin', 'Create', 'SubDepartment', '2023-02-12 09:53:53.384274', NULL, '{"Cancelled":false,"CreatedBy":"Admin","CreatedDate":"2023-02-12T16:53:53.3814955+07:00","DepartmentId":2,"Description":"Recruitment Department","ModifiedBy":"Admin","ModifiedDate":"2023-02-12T16:53:53.3814975+07:00","Name":"Recruitment"}', NULL, '{"Id":-9223372036854774803}'),
	(49, 'Admin', 'Create', 'Designation', '2023-02-12 09:53:53.447014', NULL, '{"Cancelled":false,"CreatedBy":"Admin","CreatedDate":"2023-02-12T16:53:53.4171678+07:00","Description":"Employee Job Designation","ModifiedBy":"Admin","ModifiedDate":"2023-02-12T16:53:53.4171731+07:00","Name":"Project Manager"}', NULL, '{"Id":-9223372036854774807}'),
	(50, 'Admin', 'Create', 'Designation', '2023-02-12 09:53:53.486830', NULL, '{"Cancelled":false,"CreatedBy":"Admin","CreatedDate":"2023-02-12T16:53:53.4843126+07:00","Description":"Employee Job Designation","ModifiedBy":"Admin","ModifiedDate":"2023-02-12T16:53:53.4843142+07:00","Name":"Software Engineer"}', NULL, '{"Id":-9223372036854774806}'),
	(51, 'Admin', 'Create', 'Designation', '2023-02-12 09:53:53.527678', NULL, '{"Cancelled":false,"CreatedBy":"Admin","CreatedDate":"2023-02-12T16:53:53.5220729+07:00","Description":"Employee Job Designation","ModifiedBy":"Admin","ModifiedDate":"2023-02-12T16:53:53.5220751+07:00","Name":"Head Of Engineering"}', NULL, '{"Id":-9223372036854774805}'),
	(52, 'Admin', 'Create', 'Designation', '2023-02-12 09:53:53.563204', NULL, '{"Cancelled":false,"CreatedBy":"Admin","CreatedDate":"2023-02-12T16:53:53.5596943+07:00","Description":"Employee Job Designation","ModifiedBy":"Admin","ModifiedDate":"2023-02-12T16:53:53.5596961+07:00","Name":"Software Architect"}', NULL, '{"Id":-9223372036854774804}'),
	(53, 'Admin', 'Create', 'Designation', '2023-02-12 09:53:53.637253', NULL, '{"Cancelled":false,"CreatedBy":"Admin","CreatedDate":"2023-02-12T16:53:53.6309866+07:00","Description":"Employee Job Designation","ModifiedBy":"Admin","ModifiedDate":"2023-02-12T16:53:53.6309883+07:00","Name":"QA Engineer"}', NULL, '{"Id":-9223372036854774803}'),
	(54, 'Admin', 'Create', 'Designation', '2023-02-12 09:53:53.693491', NULL, '{"Cancelled":false,"CreatedBy":"Admin","CreatedDate":"2023-02-12T16:53:53.688712+07:00","Description":"Employee Job Designation","ModifiedBy":"Admin","ModifiedDate":"2023-02-12T16:53:53.6887141+07:00","Name":"DevOps Engineer"}', NULL, '{"Id":-9223372036854774802}'),
	(55, 'Admin', 'Create', 'AssetRequest', '2023-02-12 09:53:53.866642', NULL, '{"ApprovedByEmployeeId":2,"AssetId":1,"Cancelled":false,"Comment":"Your comment","CreatedBy":"Admin","CreatedDate":"2023-02-12T16:53:53.7611486+07:00","ModifiedBy":"Admin","ModifiedDate":"2023-02-12T16:53:53.76115+07:00","ReceiveDate":"2023-02-19T16:53:53.7607156+07:00","RequestDate":"2023-02-12T16:53:53.7605399+07:00","RequestDetails":"Your request note","RequestedEmployeeId":1,"Status":"New"}', NULL, '{"Id":-9223372036854774807}'),
	(56, 'Admin', 'Create', 'AssetRequest', '2023-02-12 09:53:54.002467', NULL, '{"ApprovedByEmployeeId":5,"AssetId":2,"Cancelled":false,"Comment":"Your comment","CreatedBy":"Admin","CreatedDate":"2023-02-12T16:53:53.9961161+07:00","ModifiedBy":"Admin","ModifiedDate":"2023-02-12T16:53:53.9961166+07:00","ReceiveDate":"2023-02-19T16:53:53.9961112+07:00","RequestDate":"2023-02-12T16:53:53.9961093+07:00","RequestDetails":"Your request note","RequestedEmployeeId":2,"Status":"New"}', NULL, '{"Id":-9223372036854774806}'),
	(57, 'Admin', 'Create', 'AssetRequest', '2023-02-12 09:53:54.096918', NULL, '{"ApprovedByEmployeeId":2,"AssetId":3,"Cancelled":false,"Comment":"Your comment","CreatedBy":"Admin","CreatedDate":"2023-02-12T16:53:54.0856299+07:00","ModifiedBy":"Admin","ModifiedDate":"2023-02-12T16:53:54.0856304+07:00","ReceiveDate":"2023-02-19T16:53:54.0856288+07:00","RequestDate":"2023-02-12T16:53:54.0856272+07:00","RequestDetails":"Your request note","RequestedEmployeeId":3,"Status":"Accepted"}', NULL, '{"Id":-9223372036854774805}'),
	(58, 'Admin', 'Create', 'AssetRequest', '2023-02-12 09:53:54.214965', NULL, '{"ApprovedByEmployeeId":2,"AssetId":4,"Cancelled":false,"Comment":"Your comment","CreatedBy":"Admin","CreatedDate":"2023-02-12T16:53:54.2084685+07:00","ModifiedBy":"Admin","ModifiedDate":"2023-02-12T16:53:54.208469+07:00","ReceiveDate":"2023-02-19T16:53:54.2084669+07:00","RequestDate":"2023-02-12T16:53:54.2084649+07:00","RequestDetails":"Your request note","RequestedEmployeeId":4,"Status":"Accepted"}', NULL, '{"Id":-9223372036854774804}'),
	(59, 'Admin', 'Create', 'AssetRequest', '2023-02-12 09:53:54.281299', NULL, '{"ApprovedByEmployeeId":2,"AssetId":5,"Cancelled":false,"Comment":"Your comment","CreatedBy":"Admin","CreatedDate":"2023-02-12T16:53:54.271528+07:00","ModifiedBy":"Admin","ModifiedDate":"2023-02-12T16:53:54.2715286+07:00","ReceiveDate":"2023-02-19T16:53:54.2715268+07:00","RequestDate":"2023-02-12T16:53:54.2715248+07:00","RequestDetails":"Your request note","RequestedEmployeeId":5,"Status":"New"}', NULL, '{"Id":-9223372036854774803}'),
	(60, 'Admin', 'Create', 'AssetRequest', '2023-02-12 09:53:54.333291', NULL, '{"ApprovedByEmployeeId":2,"AssetId":6,"Cancelled":false,"Comment":"Your comment","CreatedBy":"Admin","CreatedDate":"2023-02-12T16:53:54.3268589+07:00","ModifiedBy":"Admin","ModifiedDate":"2023-02-12T16:53:54.3268594+07:00","ReceiveDate":"2023-02-19T16:53:54.3268576+07:00","RequestDate":"2023-02-12T16:53:54.3268539+07:00","RequestDetails":"Your request note","RequestedEmployeeId":1,"Status":"New"}', NULL, '{"Id":-9223372036854774802}'),
	(61, 'Admin', 'Create', 'AssetRequest', '2023-02-12 09:53:54.403503', NULL, '{"ApprovedByEmployeeId":2,"AssetId":1,"Cancelled":false,"Comment":"Your comment","CreatedBy":"Admin","CreatedDate":"2023-02-12T16:53:54.3955097+07:00","ModifiedBy":"Admin","ModifiedDate":"2023-02-12T16:53:54.3955102+07:00","ReceiveDate":"2023-02-19T16:53:54.3955088+07:00","RequestDate":"2023-02-12T16:53:54.3955073+07:00","RequestDetails":"Your request note","RequestedEmployeeId":2,"Status":"New"}', NULL, '{"Id":-9223372036854774801}'),
	(62, 'Admin', 'Create', 'AssetIssue', '2023-02-12 09:53:54.567477', NULL, '{"AssetId":1,"Cancelled":false,"Comment":"Your comment","CreatedBy":"Admin","CreatedDate":"2023-02-12T16:53:54.4712112+07:00","ExpectedFixDate":"2023-02-19T16:53:54.4706683+07:00","IssueDescription":"Your issue details note","ModifiedBy":"Admin","ModifiedDate":"2023-02-12T16:53:54.4712129+07:00","RaisedByEmployeeId":1,"ResolvedDate":"2023-02-19T16:53:54.4708351+07:00","Status":"New"}', NULL, '{"Id":-9223372036854774807}'),
	(63, 'Admin', 'Create', 'AssetIssue', '2023-02-12 09:53:54.632898', NULL, '{"AssetId":2,"Cancelled":false,"Comment":"Your comment","CreatedBy":"Admin","CreatedDate":"2023-02-12T16:53:54.6259765+07:00","ExpectedFixDate":"2023-02-19T16:53:54.625973+07:00","IssueDescription":"Your issue details note","ModifiedBy":"Admin","ModifiedDate":"2023-02-12T16:53:54.6259769+07:00","RaisedByEmployeeId":2,"ResolvedDate":"2023-02-19T16:53:54.6259759+07:00","Status":"New"}', NULL, '{"Id":-9223372036854774806}'),
	(64, 'Admin', 'Create', 'AssetIssue', '2023-02-12 09:53:54.782550', NULL, '{"AssetId":3,"Cancelled":false,"Comment":"Your comment","CreatedBy":"Admin","CreatedDate":"2023-02-12T16:53:54.7469704+07:00","ExpectedFixDate":"2023-02-19T16:53:54.7469675+07:00","IssueDescription":"Your issue details note","ModifiedBy":"Admin","ModifiedDate":"2023-02-12T16:53:54.7469709+07:00","RaisedByEmployeeId":3,"ResolvedDate":"2023-02-19T16:53:54.7469698+07:00","Status":"Resolved"}', NULL, '{"Id":-9223372036854774805}'),
	(65, 'Admin', 'Create', 'AssetIssue', '2023-02-12 09:53:54.847062', NULL, '{"AssetId":4,"Cancelled":false,"Comment":"Your comment","CreatedBy":"Admin","CreatedDate":"2023-02-12T16:53:54.8417383+07:00","ExpectedFixDate":"2023-02-19T16:53:54.8417354+07:00","IssueDescription":"Your issue details note","ModifiedBy":"Admin","ModifiedDate":"2023-02-12T16:53:54.8417387+07:00","RaisedByEmployeeId":4,"ResolvedDate":"2023-02-19T16:53:54.8417379+07:00","Status":"Resolved"}', NULL, '{"Id":-9223372036854774804}'),
	(66, 'Admin', 'Create', 'AssetIssue', '2023-02-12 09:53:54.935097', NULL, '{"AssetId":5,"Cancelled":false,"Comment":"Your comment","CreatedBy":"Admin","CreatedDate":"2023-02-12T16:53:54.9264108+07:00","ExpectedFixDate":"2023-02-19T16:53:54.9264082+07:00","IssueDescription":"Your issue details note","ModifiedBy":"Admin","ModifiedDate":"2023-02-12T16:53:54.9264113+07:00","RaisedByEmployeeId":5,"ResolvedDate":"2023-02-19T16:53:54.9264104+07:00","Status":"New"}', NULL, '{"Id":-9223372036854774803}'),
	(67, 'Admin', 'Create', 'AssetIssue', '2023-02-12 09:53:55.027793', NULL, '{"AssetId":6,"Cancelled":false,"Comment":"Your comment","CreatedBy":"Admin","CreatedDate":"2023-02-12T16:53:55.0188877+07:00","ExpectedFixDate":"2023-02-19T16:53:55.0188843+07:00","IssueDescription":"Your issue details note","ModifiedBy":"Admin","ModifiedDate":"2023-02-12T16:53:55.0188882+07:00","RaisedByEmployeeId":1,"ResolvedDate":"2023-02-19T16:53:55.018887+07:00","Status":"New"}', NULL, '{"Id":-9223372036854774802}'),
	(68, 'Admin', 'Create', 'AssetIssue', '2023-02-12 09:53:55.099747', NULL, '{"AssetId":7,"Cancelled":false,"Comment":"Your comment","CreatedBy":"Admin","CreatedDate":"2023-02-12T16:53:55.0922659+07:00","ExpectedFixDate":"2023-02-19T16:53:55.0922546+07:00","IssueDescription":"Your issue details note","ModifiedBy":"Admin","ModifiedDate":"2023-02-12T16:53:55.0922665+07:00","RaisedByEmployeeId":2,"ResolvedDate":"2023-02-19T16:53:55.0922632+07:00","Status":"New"}', NULL, '{"Id":-9223372036854774801}'),
	(69, 'Admin', 'Create', 'ManageUserRoles', '2023-02-12 09:53:55.196403', NULL, '{"Cancelled":false,"CreatedBy":"Admin","CreatedDate":"2023-02-12T16:53:55.1615404+07:00","Description":"User Role: New","ModifiedBy":"Admin","ModifiedDate":"2023-02-12T16:53:55.1615422+07:00","Name":"Admin"}', NULL, '{"Id":-9223372036854774807}'),
	(70, 'Admin', 'Create', 'ManageUserRoles', '2023-02-12 09:53:55.252357', NULL, '{"Cancelled":false,"CreatedBy":"Admin","CreatedDate":"2023-02-12T16:53:55.2482856+07:00","Description":"User Role: General","ModifiedBy":"Admin","ModifiedDate":"2023-02-12T16:53:55.2482873+07:00","Name":"General"}', NULL, '{"Id":-9223372036854774806}'),
	(71, 'Admin', 'Create', 'ManageUserRolesDetails', '2023-02-12 09:53:55.464932', NULL, '{"Cancelled":false,"CreatedBy":"Admin","CreatedDate":"2023-02-12T16:53:55.4323041+07:00","IsAllowed":true,"ManageRoleId":1,"ModifiedBy":"Admin","ModifiedDate":"2023-02-12T16:53:55.4323059+07:00","RoleId":"c8aedbf8-6d1f-494e-8c52-3f150f90df8f","RoleName":"Admin"}', NULL, '{"Id":-9223372036854774807}'),
	(72, 'Admin', 'Create', 'ManageUserRolesDetails', '2023-02-12 09:53:55.504269', NULL, '{"Cancelled":false,"CreatedBy":"Admin","CreatedDate":"2023-02-12T16:53:55.5001004+07:00","IsAllowed":true,"ManageRoleId":1,"ModifiedBy":"Admin","ModifiedDate":"2023-02-12T16:53:55.5001019+07:00","RoleId":"40c2141d-6cc3-41ea-b67b-7859959d457f","RoleName":"Asset"}', NULL, '{"Id":-9223372036854774806}'),
	(73, 'Admin', 'Create', 'ManageUserRolesDetails', '2023-02-12 09:53:55.548474', NULL, '{"Cancelled":false,"CreatedBy":"Admin","CreatedDate":"2023-02-12T16:53:55.5425315+07:00","IsAllowed":true,"ManageRoleId":1,"ModifiedBy":"Admin","ModifiedDate":"2023-02-12T16:53:55.5425329+07:00","RoleId":"689e29d0-f2fc-4277-b811-2c80a0222b21","RoleName":"Asset Allocation Report"}', NULL, '{"Id":-9223372036854774805}'),
	(74, 'Admin', 'Create', 'ManageUserRolesDetails', '2023-02-12 09:53:55.580412', NULL, '{"Cancelled":false,"CreatedBy":"Admin","CreatedDate":"2023-02-12T16:53:55.5767072+07:00","IsAllowed":true,"ManageRoleId":1,"ModifiedBy":"Admin","ModifiedDate":"2023-02-12T16:53:55.5767088+07:00","RoleId":"3c659bb5-7d7d-46cc-9735-18e7088c4bb6","RoleName":"Asset ategorie"}', NULL, '{"Id":-9223372036854774804}'),
	(75, 'Admin', 'Create', 'ManageUserRolesDetails', '2023-02-12 09:53:55.622181', NULL, '{"Cancelled":false,"CreatedBy":"Admin","CreatedDate":"2023-02-12T16:53:55.6171894+07:00","IsAllowed":true,"ManageRoleId":1,"ModifiedBy":"Admin","ModifiedDate":"2023-02-12T16:53:55.617191+07:00","RoleId":"6f06c70f-3692-4ce9-9414-bbe015a6fa91","RoleName":"Asset History"}', NULL, '{"Id":-9223372036854774803}'),
	(76, 'Admin', 'Create', 'ManageUserRolesDetails', '2023-02-12 09:53:55.665630', NULL, '{"Cancelled":false,"CreatedBy":"Admin","CreatedDate":"2023-02-12T16:53:55.662497+07:00","IsAllowed":true,"ManageRoleId":1,"ModifiedBy":"Admin","ModifiedDate":"2023-02-12T16:53:55.6624999+07:00","RoleId":"28736d25-0992-4013-bd82-140dc9ad2e08","RoleName":"Asset Issue"}', NULL, '{"Id":-9223372036854774802}'),
	(77, 'Admin', 'Create', 'ManageUserRolesDetails', '2023-02-12 09:53:55.697414', NULL, '{"Cancelled":false,"CreatedBy":"Admin","CreatedDate":"2023-02-12T16:53:55.6947826+07:00","IsAllowed":true,"ManageRoleId":1,"ModifiedBy":"Admin","ModifiedDate":"2023-02-12T16:53:55.6947843+07:00","RoleId":"7e2ab0ec-5d94-437a-8538-604fd3c63202","RoleName":"Asset Request"}', NULL, '{"Id":-9223372036854774801}'),
	(78, 'Admin', 'Create', 'ManageUserRolesDetails', '2023-02-12 09:53:55.729539', NULL, '{"Cancelled":false,"CreatedBy":"Admin","CreatedDate":"2023-02-12T16:53:55.7267211+07:00","IsAllowed":true,"ManageRoleId":1,"ModifiedBy":"Admin","ModifiedDate":"2023-02-12T16:53:55.7267227+07:00","RoleId":"a703abf1-fe28-4500-8c48-0d83cd4b183e","RoleName":"Asset Status"}', NULL, '{"Id":-9223372036854774800}'),
	(79, 'Admin', 'Create', 'ManageUserRolesDetails', '2023-02-12 09:53:55.764194', NULL, '{"Cancelled":false,"CreatedBy":"Admin","CreatedDate":"2023-02-12T16:53:55.7605406+07:00","IsAllowed":true,"ManageRoleId":1,"ModifiedBy":"Admin","ModifiedDate":"2023-02-12T16:53:55.7605419+07:00","RoleId":"51af0e1c-7c65-4c53-bb54-9fb85c8f0413","RoleName":"Asset Status Report"}', NULL, '{"Id":-9223372036854774799}'),
	(80, 'Admin', 'Create', 'ManageUserRolesDetails', '2023-02-12 09:53:55.807020', NULL, '{"Cancelled":false,"CreatedBy":"Admin","CreatedDate":"2023-02-12T16:53:55.8031366+07:00","IsAllowed":true,"ManageRoleId":1,"ModifiedBy":"Admin","ModifiedDate":"2023-02-12T16:53:55.803138+07:00","RoleId":"ced7b581-d139-490b-b083-5c349ec8d56e","RoleName":"Asset Sub Categorie"}', NULL, '{"Id":-9223372036854774798}'),
	(81, 'Admin', 'Create', 'ManageUserRolesDetails', '2023-02-12 09:53:55.842877', NULL, '{"Cancelled":false,"CreatedBy":"Admin","CreatedDate":"2023-02-12T16:53:55.8401514+07:00","IsAllowed":true,"ManageRoleId":1,"ModifiedBy":"Admin","ModifiedDate":"2023-02-12T16:53:55.840153+07:00","RoleId":"fb9989b9-3cb8-438f-a3cf-b91585197502","RoleName":"Audit Logs"}', NULL, '{"Id":-9223372036854774797}'),
	(82, 'Admin', 'Create', 'ManageUserRolesDetails', '2023-02-12 09:53:55.888097', NULL, '{"Cancelled":false,"CreatedBy":"Admin","CreatedDate":"2023-02-12T16:53:55.8852519+07:00","IsAllowed":true,"ManageRoleId":1,"ModifiedBy":"Admin","ModifiedDate":"2023-02-12T16:53:55.8852531+07:00","RoleId":"fac9374c-aaed-4ea9-9d2d-037b241dfd1b","RoleName":"Comment"}', NULL, '{"Id":-9223372036854774796}'),
	(83, 'Admin', 'Create', 'ManageUserRolesDetails', '2023-02-12 09:53:55.924260', NULL, '{"Cancelled":false,"CreatedBy":"Admin","CreatedDate":"2023-02-12T16:53:55.9194107+07:00","IsAllowed":true,"ManageRoleId":1,"ModifiedBy":"Admin","ModifiedDate":"2023-02-12T16:53:55.919412+07:00","RoleId":"001dfbd3-4fdb-4672-baa6-3f75d2fd66be","RoleName":"Company Info"}', NULL, '{"Id":-9223372036854774795}'),
	(84, 'Admin', 'Create', 'ManageUserRolesDetails', '2023-02-12 09:53:55.970331', NULL, '{"Cancelled":false,"CreatedBy":"Admin","CreatedDate":"2023-02-12T16:53:55.9656223+07:00","IsAllowed":true,"ManageRoleId":1,"ModifiedBy":"Admin","ModifiedDate":"2023-02-12T16:53:55.9656242+07:00","RoleId":"df529136-a855-4d2f-ae08-daa8bd1d8b3b","RoleName":"Dashboard"}', NULL, '{"Id":-9223372036854774794}'),
	(85, 'Admin', 'Create', 'ManageUserRolesDetails', '2023-02-12 09:53:56.049512', NULL, '{"Cancelled":false,"CreatedBy":"Admin","CreatedDate":"2023-02-12T16:53:56.0425106+07:00","IsAllowed":true,"ManageRoleId":1,"ModifiedBy":"Admin","ModifiedDate":"2023-02-12T16:53:56.0425123+07:00","RoleId":"b4fb2a9b-1894-4dd3-89f4-032705212f17","RoleName":"Department"}', NULL, '{"Id":-9223372036854774793}'),
	(86, 'Admin', 'Create', 'ManageUserRolesDetails', '2023-02-12 09:53:56.205954', NULL, '{"Cancelled":false,"CreatedBy":"Admin","CreatedDate":"2023-02-12T16:53:56.1889632+07:00","IsAllowed":true,"ManageRoleId":1,"ModifiedBy":"Admin","ModifiedDate":"2023-02-12T16:53:56.1889652+07:00","RoleId":"07e46dbc-1c23-447a-afc6-4d1838961913","RoleName":"Designation"}', NULL, '{"Id":-9223372036854774792}'),
	(87, 'Admin', 'Create', 'ManageUserRolesDetails', '2023-02-12 09:53:56.326166', NULL, '{"Cancelled":false,"CreatedBy":"Admin","CreatedDate":"2023-02-12T16:53:56.3126442+07:00","IsAllowed":true,"ManageRoleId":1,"ModifiedBy":"Admin","ModifiedDate":"2023-02-12T16:53:56.3126455+07:00","RoleId":"2f9738c2-db62-44f8-b778-bf743178c9b4","RoleName":"Email Setting"}', NULL, '{"Id":-9223372036854774791}'),
	(88, 'Admin', 'Create', 'ManageUserRolesDetails', '2023-02-12 09:53:56.413383', NULL, '{"Cancelled":false,"CreatedBy":"Admin","CreatedDate":"2023-02-12T16:53:56.4052831+07:00","IsAllowed":true,"ManageRoleId":1,"ModifiedBy":"Admin","ModifiedDate":"2023-02-12T16:53:56.4052847+07:00","RoleId":"1a311c68-2f6c-415c-b02f-ed0f12534cc9","RoleName":"Employee"}', NULL, '{"Id":-9223372036854774790}'),
	(89, 'Admin', 'Create', 'ManageUserRolesDetails', '2023-02-12 09:53:56.495557', NULL, '{"Cancelled":false,"CreatedBy":"Admin","CreatedDate":"2023-02-12T16:53:56.4891227+07:00","IsAllowed":true,"ManageRoleId":1,"ModifiedBy":"Admin","ModifiedDate":"2023-02-12T16:53:56.4891243+07:00","RoleId":"10ff0f6f-4a02-4b41-9990-7c387c282f81","RoleName":"Identity Setting"}', NULL, '{"Id":-9223372036854774789}'),
	(90, 'Admin', 'Create', 'ManageUserRolesDetails', '2023-02-12 09:53:56.553498', NULL, '{"Cancelled":false,"CreatedBy":"Admin","CreatedDate":"2023-02-12T16:53:56.5467051+07:00","IsAllowed":true,"ManageRoleId":1,"ModifiedBy":"Admin","ModifiedDate":"2023-02-12T16:53:56.5467139+07:00","RoleId":"7e32747b-553c-45ef-a896-7ddd6e5f4ace","RoleName":"Login History"}', NULL, '{"Id":-9223372036854774788}'),
	(91, 'Admin', 'Create', 'ManageUserRolesDetails', '2023-02-12 09:53:56.590894', NULL, '{"Cancelled":false,"CreatedBy":"Admin","CreatedDate":"2023-02-12T16:53:56.585729+07:00","IsAllowed":true,"ManageRoleId":1,"ModifiedBy":"Admin","ModifiedDate":"2023-02-12T16:53:56.5857357+07:00","RoleId":"158e195f-b1b5-46eb-9b1d-7f9f76aeb2a6","RoleName":"Manage Page Access"}', NULL, '{"Id":-9223372036854774787}'),
	(92, 'Admin', 'Create', 'ManageUserRolesDetails', '2023-02-12 09:53:56.630162', NULL, '{"Cancelled":false,"CreatedBy":"Admin","CreatedDate":"2023-02-12T16:53:56.6237546+07:00","IsAllowed":true,"ManageRoleId":1,"ModifiedBy":"Admin","ModifiedDate":"2023-02-12T16:53:56.623756+07:00","RoleId":"945321a2-3bdf-4983-828f-75bd97939170","RoleName":"Manage User Roles"}', NULL, '{"Id":-9223372036854774786}'),
	(93, 'Admin', 'Create', 'ManageUserRolesDetails', '2023-02-12 09:53:56.688493', NULL, '{"Cancelled":false,"CreatedBy":"Admin","CreatedDate":"2023-02-12T16:53:56.6783667+07:00","IsAllowed":true,"ManageRoleId":1,"ModifiedBy":"Admin","ModifiedDate":"2023-02-12T16:53:56.6783682+07:00","RoleId":"e92c7f4b-81d5-44ee-97eb-ffd689f7303b","RoleName":"Print Barcode"}', NULL, '{"Id":-9223372036854774785}'),
	(94, 'Admin', 'Create', 'ManageUserRolesDetails', '2023-02-12 09:53:56.734850', NULL, '{"Cancelled":false,"CreatedBy":"Admin","CreatedDate":"2023-02-12T16:53:56.7286305+07:00","IsAllowed":true,"ManageRoleId":1,"ModifiedBy":"Admin","ModifiedDate":"2023-02-12T16:53:56.7286321+07:00","RoleId":"b8bc01fa-11e3-4e2e-956e-fbce549c858b","RoleName":"Print QRcode"}', NULL, '{"Id":-9223372036854774784}'),
	(95, 'Admin', 'Create', 'ManageUserRolesDetails', '2023-02-12 09:53:56.779947', NULL, '{"Cancelled":false,"CreatedBy":"Admin","CreatedDate":"2023-02-12T16:53:56.7744081+07:00","IsAllowed":true,"ManageRoleId":1,"ModifiedBy":"Admin","ModifiedDate":"2023-02-12T16:53:56.7744095+07:00","RoleId":"75a10b71-e39d-494a-ae21-806a5f2670bc","RoleName":"Request Module"}', NULL, '{"Id":-9223372036854774783}'),
	(96, 'Admin', 'Create', 'ManageUserRolesDetails', '2023-02-12 09:53:56.817893', NULL, '{"Cancelled":false,"CreatedBy":"Admin","CreatedDate":"2023-02-12T16:53:56.8141526+07:00","IsAllowed":true,"ManageRoleId":1,"ModifiedBy":"Admin","ModifiedDate":"2023-02-12T16:53:56.8141544+07:00","RoleId":"d000ca1b-3785-4c41-a7c0-2af982fa4a32","RoleName":"Sub Department"}', NULL, '{"Id":-9223372036854774782}'),
	(97, 'Admin', 'Create', 'ManageUserRolesDetails', '2023-02-12 09:53:56.854405', NULL, '{"Cancelled":false,"CreatedBy":"Admin","CreatedDate":"2023-02-12T16:53:56.8510354+07:00","IsAllowed":true,"ManageRoleId":1,"ModifiedBy":"Admin","ModifiedDate":"2023-02-12T16:53:56.8510367+07:00","RoleId":"829e9722-22f0-4e7b-81a6-0d75755cc71f","RoleName":"Subscription Request"}', NULL, '{"Id":-9223372036854774781}'),
	(98, 'Admin', 'Create', 'ManageUserRolesDetails', '2023-02-12 09:53:56.931006', NULL, '{"Cancelled":false,"CreatedBy":"Admin","CreatedDate":"2023-02-12T16:53:56.9235132+07:00","IsAllowed":true,"ManageRoleId":1,"ModifiedBy":"Admin","ModifiedDate":"2023-02-12T16:53:56.9235149+07:00","RoleId":"84ff0dbd-625d-42a7-8933-85be592a9415","RoleName":"Super Admin"}', NULL, '{"Id":-9223372036854774780}'),
	(99, 'Admin', 'Create', 'ManageUserRolesDetails', '2023-02-12 09:53:56.978441', NULL, '{"Cancelled":false,"CreatedBy":"Admin","CreatedDate":"2023-02-12T16:53:56.9734808+07:00","IsAllowed":true,"ManageRoleId":1,"ModifiedBy":"Admin","ModifiedDate":"2023-02-12T16:53:56.9734821+07:00","RoleId":"5e82b64e-0bb0-423d-8565-ebdde87cb6c5","RoleName":"Supplier"}', NULL, '{"Id":-9223372036854774779}'),
	(100, 'Admin', 'Create', 'ManageUserRolesDetails', '2023-02-12 09:53:57.020443', NULL, '{"Cancelled":false,"CreatedBy":"Admin","CreatedDate":"2023-02-12T16:53:57.0172281+07:00","IsAllowed":true,"ManageRoleId":1,"ModifiedBy":"Admin","ModifiedDate":"2023-02-12T16:53:57.0172295+07:00","RoleId":"b8d828d4-5e1f-41cf-a991-066c64d6713d","RoleName":"System Role"}', NULL, '{"Id":-9223372036854774778}'),
	(101, 'Admin', 'Create', 'ManageUserRolesDetails', '2023-02-12 09:53:57.056549', NULL, '{"Cancelled":false,"CreatedBy":"Admin","CreatedDate":"2023-02-12T16:53:57.0530265+07:00","IsAllowed":true,"ManageRoleId":1,"ModifiedBy":"Admin","ModifiedDate":"2023-02-12T16:53:57.053028+07:00","RoleId":"cfc9c794-2a09-4c29-b9e2-048a7bfc8790","RoleName":"User Info From Browser"}', NULL, '{"Id":-9223372036854774777}'),
	(102, 'Admin', 'Create', 'ManageUserRolesDetails', '2023-02-12 09:53:57.118455', NULL, '{"Cancelled":false,"CreatedBy":"Admin","CreatedDate":"2023-02-12T16:53:57.1117537+07:00","IsAllowed":true,"ManageRoleId":1,"ModifiedBy":"Admin","ModifiedDate":"2023-02-12T16:53:57.1117557+07:00","RoleId":"5e6facda-120c-4733-baa3-db73a552b4e2","RoleName":"User Management"}', NULL, '{"Id":-9223372036854774776}'),
	(103, 'Admin', 'Create', 'ManageUserRolesDetails', '2023-02-12 09:53:57.169502', NULL, '{"Cancelled":false,"CreatedBy":"Admin","CreatedDate":"2023-02-12T16:53:57.1624164+07:00","IsAllowed":true,"ManageRoleId":1,"ModifiedBy":"Admin","ModifiedDate":"2023-02-12T16:53:57.1624179+07:00","RoleId":"e6f849c3-4ee9-4e17-b2df-68223a318244","RoleName":"User Profile"}', NULL, '{"Id":-9223372036854774775}'),
	(104, 'Admin', 'Create', 'ManageUserRolesDetails', '2023-02-12 09:53:57.210002', NULL, '{"Cancelled":false,"CreatedBy":"Admin","CreatedDate":"2023-02-12T16:53:57.2051882+07:00","IsAllowed":false,"ManageRoleId":2,"ModifiedBy":"Admin","ModifiedDate":"2023-02-12T16:53:57.2051896+07:00","RoleId":"c8aedbf8-6d1f-494e-8c52-3f150f90df8f","RoleName":"Admin"}', NULL, '{"Id":-9223372036854774774}'),
	(105, 'Admin', 'Create', 'ManageUserRolesDetails', '2023-02-12 09:53:57.250554', NULL, '{"Cancelled":false,"CreatedBy":"Admin","CreatedDate":"2023-02-12T16:53:57.2450499+07:00","IsAllowed":false,"ManageRoleId":2,"ModifiedBy":"Admin","ModifiedDate":"2023-02-12T16:53:57.2450513+07:00","RoleId":"40c2141d-6cc3-41ea-b67b-7859959d457f","RoleName":"Asset"}', NULL, '{"Id":-9223372036854774773}'),
	(106, 'Admin', 'Create', 'ManageUserRolesDetails', '2023-02-12 09:53:57.306822', NULL, '{"Cancelled":false,"CreatedBy":"Admin","CreatedDate":"2023-02-12T16:53:57.3008677+07:00","IsAllowed":false,"ManageRoleId":2,"ModifiedBy":"Admin","ModifiedDate":"2023-02-12T16:53:57.3008717+07:00","RoleId":"689e29d0-f2fc-4277-b811-2c80a0222b21","RoleName":"Asset Allocation Report"}', NULL, '{"Id":-9223372036854774772}'),
	(107, 'Admin', 'Create', 'ManageUserRolesDetails', '2023-02-12 09:53:57.359564', NULL, '{"Cancelled":false,"CreatedBy":"Admin","CreatedDate":"2023-02-12T16:53:57.3519129+07:00","IsAllowed":false,"ManageRoleId":2,"ModifiedBy":"Admin","ModifiedDate":"2023-02-12T16:53:57.3519147+07:00","RoleId":"3c659bb5-7d7d-46cc-9735-18e7088c4bb6","RoleName":"Asset ategorie"}', NULL, '{"Id":-9223372036854774771}'),
	(108, 'Admin', 'Create', 'ManageUserRolesDetails', '2023-02-12 09:53:57.404907', NULL, '{"Cancelled":false,"CreatedBy":"Admin","CreatedDate":"2023-02-12T16:53:57.3962823+07:00","IsAllowed":false,"ManageRoleId":2,"ModifiedBy":"Admin","ModifiedDate":"2023-02-12T16:53:57.3962844+07:00","RoleId":"6f06c70f-3692-4ce9-9414-bbe015a6fa91","RoleName":"Asset History"}', NULL, '{"Id":-9223372036854774770}'),
	(109, 'Admin', 'Create', 'ManageUserRolesDetails', '2023-02-12 09:53:57.453330', NULL, '{"Cancelled":false,"CreatedBy":"Admin","CreatedDate":"2023-02-12T16:53:57.446546+07:00","IsAllowed":false,"ManageRoleId":2,"ModifiedBy":"Admin","ModifiedDate":"2023-02-12T16:53:57.4465478+07:00","RoleId":"28736d25-0992-4013-bd82-140dc9ad2e08","RoleName":"Asset Issue"}', NULL, '{"Id":-9223372036854774769}'),
	(110, 'Admin', 'Create', 'ManageUserRolesDetails', '2023-02-12 09:53:57.500483', NULL, '{"Cancelled":false,"CreatedBy":"Admin","CreatedDate":"2023-02-12T16:53:57.4928727+07:00","IsAllowed":false,"ManageRoleId":2,"ModifiedBy":"Admin","ModifiedDate":"2023-02-12T16:53:57.4928745+07:00","RoleId":"7e2ab0ec-5d94-437a-8538-604fd3c63202","RoleName":"Asset Request"}', NULL, '{"Id":-9223372036854774768}'),
	(111, 'Admin', 'Create', 'ManageUserRolesDetails', '2023-02-12 09:53:57.555276', NULL, '{"Cancelled":false,"CreatedBy":"Admin","CreatedDate":"2023-02-12T16:53:57.5503479+07:00","IsAllowed":false,"ManageRoleId":2,"ModifiedBy":"Admin","ModifiedDate":"2023-02-12T16:53:57.5503495+07:00","RoleId":"a703abf1-fe28-4500-8c48-0d83cd4b183e","RoleName":"Asset Status"}', NULL, '{"Id":-9223372036854774767}'),
	(112, 'Admin', 'Create', 'ManageUserRolesDetails', '2023-02-12 09:53:57.603858', NULL, '{"Cancelled":false,"CreatedBy":"Admin","CreatedDate":"2023-02-12T16:53:57.5964556+07:00","IsAllowed":false,"ManageRoleId":2,"ModifiedBy":"Admin","ModifiedDate":"2023-02-12T16:53:57.5964572+07:00","RoleId":"51af0e1c-7c65-4c53-bb54-9fb85c8f0413","RoleName":"Asset Status Report"}', NULL, '{"Id":-9223372036854774766}'),
	(113, 'Admin', 'Create', 'ManageUserRolesDetails', '2023-02-12 09:53:57.650232', NULL, '{"Cancelled":false,"CreatedBy":"Admin","CreatedDate":"2023-02-12T16:53:57.6425852+07:00","IsAllowed":false,"ManageRoleId":2,"ModifiedBy":"Admin","ModifiedDate":"2023-02-12T16:53:57.6425868+07:00","RoleId":"ced7b581-d139-490b-b083-5c349ec8d56e","RoleName":"Asset Sub Categorie"}', NULL, '{"Id":-9223372036854774765}'),
	(114, 'Admin', 'Create', 'ManageUserRolesDetails', '2023-02-12 09:53:57.690360', NULL, '{"Cancelled":false,"CreatedBy":"Admin","CreatedDate":"2023-02-12T16:53:57.6857648+07:00","IsAllowed":false,"ManageRoleId":2,"ModifiedBy":"Admin","ModifiedDate":"2023-02-12T16:53:57.6857665+07:00","RoleId":"fb9989b9-3cb8-438f-a3cf-b91585197502","RoleName":"Audit Logs"}', NULL, '{"Id":-9223372036854774764}'),
	(115, 'Admin', 'Create', 'ManageUserRolesDetails', '2023-02-12 09:53:57.729316', NULL, '{"Cancelled":false,"CreatedBy":"Admin","CreatedDate":"2023-02-12T16:53:57.7245598+07:00","IsAllowed":false,"ManageRoleId":2,"ModifiedBy":"Admin","ModifiedDate":"2023-02-12T16:53:57.7245618+07:00","RoleId":"fac9374c-aaed-4ea9-9d2d-037b241dfd1b","RoleName":"Comment"}', NULL, '{"Id":-9223372036854774763}'),
	(116, 'Admin', 'Create', 'ManageUserRolesDetails', '2023-02-12 09:53:57.770401', NULL, '{"Cancelled":false,"CreatedBy":"Admin","CreatedDate":"2023-02-12T16:53:57.7661912+07:00","IsAllowed":false,"ManageRoleId":2,"ModifiedBy":"Admin","ModifiedDate":"2023-02-12T16:53:57.7661927+07:00","RoleId":"001dfbd3-4fdb-4672-baa6-3f75d2fd66be","RoleName":"Company Info"}', NULL, '{"Id":-9223372036854774762}'),
	(117, 'Admin', 'Create', 'ManageUserRolesDetails', '2023-02-12 09:53:57.817905', NULL, '{"Cancelled":false,"CreatedBy":"Admin","CreatedDate":"2023-02-12T16:53:57.8089935+07:00","IsAllowed":true,"ManageRoleId":2,"ModifiedBy":"Admin","ModifiedDate":"2023-02-12T16:53:57.8089953+07:00","RoleId":"df529136-a855-4d2f-ae08-daa8bd1d8b3b","RoleName":"Dashboard"}', NULL, '{"Id":-9223372036854774761}'),
	(118, 'Admin', 'Create', 'ManageUserRolesDetails', '2023-02-12 09:53:57.864252', NULL, '{"Cancelled":false,"CreatedBy":"Admin","CreatedDate":"2023-02-12T16:53:57.8581631+07:00","IsAllowed":false,"ManageRoleId":2,"ModifiedBy":"Admin","ModifiedDate":"2023-02-12T16:53:57.8581652+07:00","RoleId":"b4fb2a9b-1894-4dd3-89f4-032705212f17","RoleName":"Department"}', NULL, '{"Id":-9223372036854774760}'),
	(119, 'Admin', 'Create', 'ManageUserRolesDetails', '2023-02-12 09:53:57.916283', NULL, '{"Cancelled":false,"CreatedBy":"Admin","CreatedDate":"2023-02-12T16:53:57.9094482+07:00","IsAllowed":false,"ManageRoleId":2,"ModifiedBy":"Admin","ModifiedDate":"2023-02-12T16:53:57.9094495+07:00","RoleId":"07e46dbc-1c23-447a-afc6-4d1838961913","RoleName":"Designation"}', NULL, '{"Id":-9223372036854774759}'),
	(120, 'Admin', 'Create', 'ManageUserRolesDetails', '2023-02-12 09:53:57.960818', NULL, '{"Cancelled":false,"CreatedBy":"Admin","CreatedDate":"2023-02-12T16:53:57.9530033+07:00","IsAllowed":false,"ManageRoleId":2,"ModifiedBy":"Admin","ModifiedDate":"2023-02-12T16:53:57.9530049+07:00","RoleId":"2f9738c2-db62-44f8-b778-bf743178c9b4","RoleName":"Email Setting"}', NULL, '{"Id":-9223372036854774758}'),
	(121, 'Admin', 'Create', 'ManageUserRolesDetails', '2023-02-12 09:53:58.006745', NULL, '{"Cancelled":false,"CreatedBy":"Admin","CreatedDate":"2023-02-12T16:53:57.9991503+07:00","IsAllowed":false,"ManageRoleId":2,"ModifiedBy":"Admin","ModifiedDate":"2023-02-12T16:53:57.999152+07:00","RoleId":"1a311c68-2f6c-415c-b02f-ed0f12534cc9","RoleName":"Employee"}', NULL, '{"Id":-9223372036854774757}'),
	(122, 'Admin', 'Create', 'ManageUserRolesDetails', '2023-02-12 09:53:58.054513', NULL, '{"Cancelled":false,"CreatedBy":"Admin","CreatedDate":"2023-02-12T16:53:58.0465628+07:00","IsAllowed":false,"ManageRoleId":2,"ModifiedBy":"Admin","ModifiedDate":"2023-02-12T16:53:58.0465642+07:00","RoleId":"10ff0f6f-4a02-4b41-9990-7c387c282f81","RoleName":"Identity Setting"}', NULL, '{"Id":-9223372036854774756}'),
	(123, 'Admin', 'Create', 'ManageUserRolesDetails', '2023-02-12 09:53:58.118768', NULL, '{"Cancelled":false,"CreatedBy":"Admin","CreatedDate":"2023-02-12T16:53:58.1149363+07:00","IsAllowed":false,"ManageRoleId":2,"ModifiedBy":"Admin","ModifiedDate":"2023-02-12T16:53:58.1149376+07:00","RoleId":"7e32747b-553c-45ef-a896-7ddd6e5f4ace","RoleName":"Login History"}', NULL, '{"Id":-9223372036854774755}'),
	(124, 'Admin', 'Create', 'ManageUserRolesDetails', '2023-02-12 09:53:58.162826', NULL, '{"Cancelled":false,"CreatedBy":"Admin","CreatedDate":"2023-02-12T16:53:58.1559583+07:00","IsAllowed":false,"ManageRoleId":2,"ModifiedBy":"Admin","ModifiedDate":"2023-02-12T16:53:58.1559599+07:00","RoleId":"158e195f-b1b5-46eb-9b1d-7f9f76aeb2a6","RoleName":"Manage Page Access"}', NULL, '{"Id":-9223372036854774754}'),
	(125, 'Admin', 'Create', 'ManageUserRolesDetails', '2023-02-12 09:53:58.204555', NULL, '{"Cancelled":false,"CreatedBy":"Admin","CreatedDate":"2023-02-12T16:53:58.1995313+07:00","IsAllowed":false,"ManageRoleId":2,"ModifiedBy":"Admin","ModifiedDate":"2023-02-12T16:53:58.1995326+07:00","RoleId":"945321a2-3bdf-4983-828f-75bd97939170","RoleName":"Manage User Roles"}', NULL, '{"Id":-9223372036854774753}'),
	(126, 'Admin', 'Create', 'ManageUserRolesDetails', '2023-02-12 09:53:58.254304', NULL, '{"Cancelled":false,"CreatedBy":"Admin","CreatedDate":"2023-02-12T16:53:58.2449726+07:00","IsAllowed":false,"ManageRoleId":2,"ModifiedBy":"Admin","ModifiedDate":"2023-02-12T16:53:58.2449741+07:00","RoleId":"e92c7f4b-81d5-44ee-97eb-ffd689f7303b","RoleName":"Print Barcode"}', NULL, '{"Id":-9223372036854774752}'),
	(127, 'Admin', 'Create', 'ManageUserRolesDetails', '2023-02-12 09:53:58.308366', NULL, '{"Cancelled":false,"CreatedBy":"Admin","CreatedDate":"2023-02-12T16:53:58.2952036+07:00","IsAllowed":false,"ManageRoleId":2,"ModifiedBy":"Admin","ModifiedDate":"2023-02-12T16:53:58.2952053+07:00","RoleId":"b8bc01fa-11e3-4e2e-956e-fbce549c858b","RoleName":"Print QRcode"}', NULL, '{"Id":-9223372036854774751}'),
	(128, 'Admin', 'Create', 'ManageUserRolesDetails', '2023-02-12 09:53:58.358435', NULL, '{"Cancelled":false,"CreatedBy":"Admin","CreatedDate":"2023-02-12T16:53:58.352378+07:00","IsAllowed":false,"ManageRoleId":2,"ModifiedBy":"Admin","ModifiedDate":"2023-02-12T16:53:58.3523794+07:00","RoleId":"75a10b71-e39d-494a-ae21-806a5f2670bc","RoleName":"Request Module"}', NULL, '{"Id":-9223372036854774750}'),
	(129, 'Admin', 'Create', 'ManageUserRolesDetails', '2023-02-12 09:53:58.402530', NULL, '{"Cancelled":false,"CreatedBy":"Admin","CreatedDate":"2023-02-12T16:53:58.3983184+07:00","IsAllowed":false,"ManageRoleId":2,"ModifiedBy":"Admin","ModifiedDate":"2023-02-12T16:53:58.3983201+07:00","RoleId":"d000ca1b-3785-4c41-a7c0-2af982fa4a32","RoleName":"Sub Department"}', NULL, '{"Id":-9223372036854774749}'),
	(130, 'Admin', 'Create', 'ManageUserRolesDetails', '2023-02-12 09:53:58.441087', NULL, '{"Cancelled":false,"CreatedBy":"Admin","CreatedDate":"2023-02-12T16:53:58.4369332+07:00","IsAllowed":false,"ManageRoleId":2,"ModifiedBy":"Admin","ModifiedDate":"2023-02-12T16:53:58.4369347+07:00","RoleId":"829e9722-22f0-4e7b-81a6-0d75755cc71f","RoleName":"Subscription Request"}', NULL, '{"Id":-9223372036854774748}'),
	(131, 'Admin', 'Create', 'ManageUserRolesDetails', '2023-02-12 09:53:58.487072', NULL, '{"Cancelled":false,"CreatedBy":"Admin","CreatedDate":"2023-02-12T16:53:58.476157+07:00","IsAllowed":false,"ManageRoleId":2,"ModifiedBy":"Admin","ModifiedDate":"2023-02-12T16:53:58.4761586+07:00","RoleId":"84ff0dbd-625d-42a7-8933-85be592a9415","RoleName":"Super Admin"}', NULL, '{"Id":-9223372036854774747}'),
	(132, 'Admin', 'Create', 'ManageUserRolesDetails', '2023-02-12 09:53:58.540898', NULL, '{"Cancelled":false,"CreatedBy":"Admin","CreatedDate":"2023-02-12T16:53:58.5338276+07:00","IsAllowed":false,"ManageRoleId":2,"ModifiedBy":"Admin","ModifiedDate":"2023-02-12T16:53:58.5338291+07:00","RoleId":"5e82b64e-0bb0-423d-8565-ebdde87cb6c5","RoleName":"Supplier"}', NULL, '{"Id":-9223372036854774746}'),
	(133, 'Admin', 'Create', 'ManageUserRolesDetails', '2023-02-12 09:53:58.579862', NULL, '{"Cancelled":false,"CreatedBy":"Admin","CreatedDate":"2023-02-12T16:53:58.5739932+07:00","IsAllowed":false,"ManageRoleId":2,"ModifiedBy":"Admin","ModifiedDate":"2023-02-12T16:53:58.5739949+07:00","RoleId":"b8d828d4-5e1f-41cf-a991-066c64d6713d","RoleName":"System Role"}', NULL, '{"Id":-9223372036854774745}'),
	(134, 'Admin', 'Create', 'ManageUserRolesDetails', '2023-02-12 09:53:58.627707', NULL, '{"Cancelled":false,"CreatedBy":"Admin","CreatedDate":"2023-02-12T16:53:58.6151255+07:00","IsAllowed":false,"ManageRoleId":2,"ModifiedBy":"Admin","ModifiedDate":"2023-02-12T16:53:58.6151275+07:00","RoleId":"cfc9c794-2a09-4c29-b9e2-048a7bfc8790","RoleName":"User Info From Browser"}', NULL, '{"Id":-9223372036854774744}'),
	(135, 'Admin', 'Create', 'ManageUserRolesDetails', '2023-02-12 09:53:58.672733', NULL, '{"Cancelled":false,"CreatedBy":"Admin","CreatedDate":"2023-02-12T16:53:58.6689277+07:00","IsAllowed":false,"ManageRoleId":2,"ModifiedBy":"Admin","ModifiedDate":"2023-02-12T16:53:58.6689291+07:00","RoleId":"5e6facda-120c-4733-baa3-db73a552b4e2","RoleName":"User Management"}', NULL, '{"Id":-9223372036854774743}'),
	(136, 'Admin', 'Create', 'ManageUserRolesDetails', '2023-02-12 09:53:58.720597', NULL, '{"Cancelled":false,"CreatedBy":"Admin","CreatedDate":"2023-02-12T16:53:58.7106862+07:00","IsAllowed":true,"ManageRoleId":2,"ModifiedBy":"Admin","ModifiedDate":"2023-02-12T16:53:58.7106876+07:00","RoleId":"e6f849c3-4ee9-4e17-b2df-68223a318244","RoleName":"User Profile"}', NULL, '{"Id":-9223372036854774742}'),
	(137, 'Admin', 'Create', 'UserProfile', '2023-02-12 09:53:58.880346', NULL, '{"Address":"California","ApplicationUserId":"da999d9c-11b0-4119-bb8c-87b646501df5","Cancelled":false,"Country":"USA","CreatedBy":"Admin","CreatedDate":"2023-02-12T16:53:58.8681941+07:00","DateOfBirth":"1998-02-12T16:53:58.7574036+07:00","Department":1,"Designation":1,"Email":"Employee5@gmail.com","EmployeeId":"625328","FirstName":"Employee 5","IsApprover":1,"JoiningDate":"2022-02-12T16:53:58.7577067+07:00","LastName":"User","LeavingDate":"2023-02-12T16:53:58.7577875+07:00","ModifiedBy":"Admin","ModifiedDate":"2023-02-12T16:53:58.868196+07:00","PhoneNumber":"71370182998","ProfilePicture":"/images/UserIcon/U1.png","RoleId":2,"SubDepartment":1}', NULL, '{"UserProfileId":-9223372036854774806}'),
	(138, 'Admin', 'Create', 'UserProfile', '2023-02-12 09:53:59.479572', NULL, '{"Address":"California","ApplicationUserId":"c31ea14e-f1a8-4cb1-8769-66a4d955796d","Cancelled":false,"Country":"USA","CreatedBy":"Admin","CreatedDate":"2023-02-12T16:53:59.4654707+07:00","DateOfBirth":"1998-02-12T16:53:59.3306725+07:00","Department":1,"Designation":1,"Email":"Employee4@gmail.com","EmployeeId":"449356","FirstName":"Employee 4","IsApprover":1,"JoiningDate":"2022-02-12T16:53:59.3306749+07:00","LastName":"User","LeavingDate":"2023-02-12T16:53:59.3306753+07:00","ModifiedBy":"Admin","ModifiedDate":"2023-02-12T16:53:59.4654727+07:00","PhoneNumber":"08063563212","ProfilePicture":"/images/UserIcon/U2.png","RoleId":2,"SubDepartment":1}', NULL, '{"UserProfileId":-9223372036854774805}'),
	(139, 'Admin', 'Create', 'UserProfile', '2023-02-12 09:54:00.049380', NULL, '{"Address":"California","ApplicationUserId":"0569951c-ed00-426c-812e-777ae0d2dcc9","Cancelled":false,"Country":"USA","CreatedBy":"Admin","CreatedDate":"2023-02-12T16:54:00.0398879+07:00","DateOfBirth":"1998-02-12T16:53:59.9532327+07:00","Department":1,"Designation":1,"Email":"Employee3@gmail.com","EmployeeId":"235095","FirstName":"Employee 3","IsApprover":1,"JoiningDate":"2022-02-12T16:53:59.9532356+07:00","LastName":"User","LeavingDate":"2023-02-12T16:53:59.9532358+07:00","ModifiedBy":"Admin","ModifiedDate":"2023-02-12T16:54:00.0398895+07:00","PhoneNumber":"13326647363","ProfilePicture":"/images/UserIcon/U3.png","RoleId":2,"SubDepartment":1}', NULL, '{"UserProfileId":-9223372036854774804}'),
	(140, 'Admin', 'Create', 'UserProfile', '2023-02-12 09:54:00.454421', NULL, '{"Address":"California","ApplicationUserId":"74288e9c-0672-44b3-b658-896860032ae6","Cancelled":false,"Country":"USA","CreatedBy":"Admin","CreatedDate":"2023-02-12T16:54:00.4464559+07:00","DateOfBirth":"1998-02-12T16:54:00.3785932+07:00","Department":1,"Designation":1,"Email":"Employee2@gmail.com","EmployeeId":"382739","FirstName":"Employee 2","IsApprover":1,"JoiningDate":"2022-02-12T16:54:00.3785958+07:00","LastName":"User","LeavingDate":"2023-02-12T16:54:00.3785962+07:00","ModifiedBy":"Admin","ModifiedDate":"2023-02-12T16:54:00.4464579+07:00","PhoneNumber":"20077399642","ProfilePicture":"/images/UserIcon/U4.png","RoleId":2,"SubDepartment":1}', NULL, '{"UserProfileId":-9223372036854774803}'),
	(141, 'Admin', 'Create', 'UserProfile', '2023-02-12 09:54:00.814509', NULL, '{"Address":"California","ApplicationUserId":"28d3d257-4bf8-4b2f-9124-876c92ac595d","Cancelled":false,"Country":"USA","CreatedBy":"Admin","CreatedDate":"2023-02-12T16:54:00.8085248+07:00","DateOfBirth":"1998-02-12T16:54:00.7373239+07:00","Department":1,"Designation":1,"Email":"Employee1@gmail.com","EmployeeId":"291169","FirstName":"Employee 1","IsApprover":1,"JoiningDate":"2022-02-12T16:54:00.7373271+07:00","LastName":"User","LeavingDate":"2023-02-12T16:54:00.7373276+07:00","ModifiedBy":"Admin","ModifiedDate":"2023-02-12T16:54:00.8085265+07:00","PhoneNumber":"35735777213","ProfilePicture":"/images/UserIcon/U5.png","RoleId":2,"SubDepartment":1}', NULL, '{"UserProfileId":-9223372036854774802}'),
	(142, 'Admin', 'Create', 'UserProfile', '2023-02-12 09:54:01.407865', NULL, '{"Address":"California","ApplicationUserId":"c2e307d9-b9ae-4f57-8e18-703c6a758e57","Cancelled":false,"Country":"USA","CreatedBy":"Admin","CreatedDate":"2023-02-12T16:54:01.395375+07:00","DateOfBirth":"1998-02-12T16:54:01.2774334+07:00","Department":1,"Designation":1,"Email":"regular@gmail.com","EmployeeId":"856126","FirstName":"Regular","IsApprover":1,"JoiningDate":"2022-02-12T16:54:01.2774355+07:00","LastName":"User","LeavingDate":"2023-02-12T16:54:01.2774361+07:00","ModifiedBy":"Admin","ModifiedDate":"2023-02-12T16:54:01.3953769+07:00","PhoneNumber":"05180365755","ProfilePicture":"/images/UserIcon/U6.png","RoleId":2,"SubDepartment":1}', NULL, '{"UserProfileId":-9223372036854774801}'),
	(143, 'Admin', 'Create', 'UserProfile', '2023-02-12 09:54:01.774222', NULL, '{"Address":"California","ApplicationUserId":"254428bc-5f01-4626-aed6-d994be07b2f0","Cancelled":false,"Country":"USA","CreatedBy":"Admin","CreatedDate":"2023-02-12T16:54:01.7664981+07:00","DateOfBirth":"1998-02-12T16:54:01.6976897+07:00","Department":1,"Designation":1,"Email":"tech@gmail.com","EmployeeId":"785860","FirstName":"Technology","IsApprover":1,"JoiningDate":"2022-02-12T16:54:01.6976919+07:00","LastName":"User","LeavingDate":"2023-02-12T16:54:01.6976921+07:00","ModifiedBy":"Admin","ModifiedDate":"2023-02-12T16:54:01.7665003+07:00","PhoneNumber":"00839107061","ProfilePicture":"/images/UserIcon/U7.png","RoleId":2,"SubDepartment":1}', NULL, '{"UserProfileId":-9223372036854774800}'),
	(144, 'Admin', 'Create', 'UserProfile', '2023-02-12 09:54:02.191553', NULL, '{"Address":"California","ApplicationUserId":"6a4afb75-5ddd-4449-8288-5eaf416df09a","Cancelled":false,"Country":"USA","CreatedBy":"Admin","CreatedDate":"2023-02-12T16:54:02.1802092+07:00","DateOfBirth":"1998-02-12T16:54:02.0871413+07:00","Department":1,"Designation":1,"Email":"finance@gmail.com","EmployeeId":"719438","FirstName":"Finance","IsApprover":1,"JoiningDate":"2022-02-12T16:54:02.0871434+07:00","LastName":"User","LeavingDate":"2023-02-12T16:54:02.0871437+07:00","ModifiedBy":"Admin","ModifiedDate":"2023-02-12T16:54:02.1802113+07:00","PhoneNumber":"36417864715","ProfilePicture":"/images/UserIcon/U8.png","RoleId":2,"SubDepartment":1}', NULL, '{"UserProfileId":-9223372036854774799}'),
	(145, 'Admin', 'Create', 'UserProfile', '2023-02-12 09:54:02.586720', NULL, '{"Address":"California","ApplicationUserId":"884b0db1-8824-438f-9546-bf71c49d4e63","Cancelled":false,"Country":"USA","CreatedBy":"Admin","CreatedDate":"2023-02-12T16:54:02.5742501+07:00","DateOfBirth":"1998-02-12T16:54:02.4830823+07:00","Department":1,"Designation":1,"Email":"hr@gmail.com","EmployeeId":"066663","FirstName":"HR","IsApprover":1,"JoiningDate":"2022-02-12T16:54:02.4830845+07:00","LastName":"User","LeavingDate":"2023-02-12T16:54:02.4830848+07:00","ModifiedBy":"Admin","ModifiedDate":"2023-02-12T16:54:02.5742519+07:00","PhoneNumber":"96023913852","ProfilePicture":"/images/UserIcon/U9.png","RoleId":2,"SubDepartment":1}', NULL, '{"UserProfileId":-9223372036854774798}'),
	(146, 'Admin', 'Create', 'UserProfile', '2023-02-12 09:54:03.030499', NULL, '{"Address":"California","ApplicationUserId":"a43e0bfe-4318-42f8-ab0f-43a0a785cb68","Cancelled":false,"Country":"USA","CreatedBy":"Admin","CreatedDate":"2023-02-12T16:54:03.0156317+07:00","DateOfBirth":"1998-02-12T16:54:02.9421239+07:00","Department":1,"Designation":1,"Email":"accountants@gmail.com","EmployeeId":"073032","FirstName":"Accountants","IsApprover":1,"JoiningDate":"2022-02-12T16:54:02.9421263+07:00","LastName":"User","LeavingDate":"2023-02-12T16:54:02.9421266+07:00","ModifiedBy":"Admin","ModifiedDate":"2023-02-12T16:54:03.0156332+07:00","PhoneNumber":"22237537470","ProfilePicture":"/images/UserIcon/U10.png","RoleId":2,"SubDepartment":1}', NULL, '{"UserProfileId":-9223372036854774797}'),
	(147, 'superadmin@example.com', 'Create', 'LoginHistory', '2023-02-12 09:54:48.762399', NULL, '{"Action":"Login","ActionStatus":"Failed","Browser":"Chrome","Cancelled":false,"CreatedBy":"superadmin@example.com","CreatedDate":"2023-02-12T16:54:48.675085+07:00","Device":"Other","Duration":0.0,"Latitude":null,"LoginTime":"2023-02-12T16:54:38.4263541+07:00","LogoutTime":null,"Longitude":null,"ModifiedBy":"superadmin@example.com","ModifiedDate":"2023-02-12T16:54:48.6750867+07:00","OperatingSystem":"Windows","PublicIP":"139.192.105.55","UserName":"superadmin@example.com"}', NULL, '{"Id":-9223372036854774807}'),
	(148, 'admin@gmail.com', 'Create', 'LoginHistory', '2023-02-12 09:55:01.042122', NULL, '{"Action":"Login","ActionStatus":"Success","Browser":"Chrome","Cancelled":false,"CreatedBy":"admin@gmail.com","CreatedDate":"2023-02-12T16:55:01.0412109+07:00","Device":"Other","Duration":0.0,"Latitude":null,"LoginTime":"2023-02-12T16:54:59.721611+07:00","LogoutTime":null,"Longitude":null,"ModifiedBy":"admin@gmail.com","ModifiedDate":"2023-02-12T16:55:01.0412129+07:00","OperatingSystem":"Windows","PublicIP":"139.192.105.55","UserName":"admin@gmail.com"}', NULL, '{"Id":-9223372036854774806}'),
	(149, 'admin@gmail.com', 'Create', 'UserInfoFromBrowser', '2023-02-12 09:55:01.502034', NULL, '{"BrowserMajor":"110","BrowserName":"Chrome","BrowserUniqueID":"250100646453736110000537365768136624","BrowserVersion":"110.0.0.0","CPUArchitecture":"amd64","Cancelled":false,"CreatedBy":"admin@gmail.com","CreatedDate":"2023-02-12T16:55:01.3473463+07:00","DeviceModel":null,"DeviceType":null,"DeviceVendor":null,"EngineName":"Blink","EngineVersion":null,"Lat":null,"Long":null,"ModifiedBy":"admin@gmail.com","ModifiedDate":"2023-02-12T16:55:01.3473486+07:00","OSName":"Windows","OSVersion":"10","TimeZone":"Sun Feb 12 2023 16:55:01 GMT+0700 (Western Indonesia Time)","UA":"Mozilla/5.0 (Windows NT 10.0; Win64; x64) AppleWebKit/537.36 (KHTML, like Gecko) Chrome/110.0.0.0 Safari/537.36"}', NULL, '{"Id":-9223372036854774807}');

-- Dumping structure for table amsdev.categories
CREATE TABLE IF NOT EXISTS `categories` (
  `Id` bigint NOT NULL AUTO_INCREMENT,
  `Name` longtext CHARACTER SET utf8mb4 COLLATE utf8mb4_0900_ai_ci,
  `Description` longtext CHARACTER SET utf8mb4 COLLATE utf8mb4_0900_ai_ci,
  `CreatedDate` datetime(6) NOT NULL,
  `ModifiedDate` datetime(6) NOT NULL,
  `CreatedBy` longtext CHARACTER SET utf8mb4 COLLATE utf8mb4_0900_ai_ci,
  `ModifiedBy` longtext CHARACTER SET utf8mb4 COLLATE utf8mb4_0900_ai_ci,
  `Cancelled` tinyint(1) NOT NULL,
  PRIMARY KEY (`Id`)
) ENGINE=InnoDB DEFAULT CHARSET=utf8mb4 COLLATE=utf8mb4_0900_ai_ci;

-- Dumping data for table amsdev.categories: ~0 rows (approximately)

-- Dumping structure for table amsdev.comment
CREATE TABLE IF NOT EXISTS `comment` (
  `Id` bigint NOT NULL AUTO_INCREMENT,
  `AssetId` bigint NOT NULL,
  `Message` longtext CHARACTER SET utf8mb4 COLLATE utf8mb4_0900_ai_ci,
  `IsDeleted` tinyint(1) NOT NULL,
  `IsAdmin` tinyint(1) NOT NULL,
  `CreatedDate` datetime(6) NOT NULL,
  `ModifiedDate` datetime(6) NOT NULL,
  `CreatedBy` longtext CHARACTER SET utf8mb4 COLLATE utf8mb4_0900_ai_ci,
  `ModifiedBy` longtext CHARACTER SET utf8mb4 COLLATE utf8mb4_0900_ai_ci,
  `Cancelled` tinyint(1) NOT NULL,
  PRIMARY KEY (`Id`)
) ENGINE=InnoDB DEFAULT CHARSET=utf8mb4 COLLATE=utf8mb4_0900_ai_ci;

-- Dumping data for table amsdev.comment: ~0 rows (approximately)

-- Dumping structure for table amsdev.companyinfo
CREATE TABLE IF NOT EXISTS `companyinfo` (
  `Id` bigint NOT NULL AUTO_INCREMENT,
  `Name` longtext CHARACTER SET utf8mb4 COLLATE utf8mb4_0900_ai_ci,
  `Logo` longtext CHARACTER SET utf8mb4 COLLATE utf8mb4_0900_ai_ci,
  `Currency` longtext CHARACTER SET utf8mb4 COLLATE utf8mb4_0900_ai_ci,
  `Address` longtext CHARACTER SET utf8mb4 COLLATE utf8mb4_0900_ai_ci,
  `City` longtext CHARACTER SET utf8mb4 COLLATE utf8mb4_0900_ai_ci,
  `Country` longtext CHARACTER SET utf8mb4 COLLATE utf8mb4_0900_ai_ci,
  `Phone` longtext CHARACTER SET utf8mb4 COLLATE utf8mb4_0900_ai_ci,
  `Email` longtext CHARACTER SET utf8mb4 COLLATE utf8mb4_0900_ai_ci,
  `Fax` longtext CHARACTER SET utf8mb4 COLLATE utf8mb4_0900_ai_ci,
  `Website` longtext CHARACTER SET utf8mb4 COLLATE utf8mb4_0900_ai_ci,
  `CreatedDate` datetime(6) NOT NULL,
  `ModifiedDate` datetime(6) NOT NULL,
  `CreatedBy` longtext CHARACTER SET utf8mb4 COLLATE utf8mb4_0900_ai_ci,
  `ModifiedBy` longtext CHARACTER SET utf8mb4 COLLATE utf8mb4_0900_ai_ci,
  `Cancelled` tinyint(1) NOT NULL,
  PRIMARY KEY (`Id`)
) ENGINE=InnoDB AUTO_INCREMENT=2 DEFAULT CHARSET=utf8mb4 COLLATE=utf8mb4_0900_ai_ci;

-- Dumping data for table amsdev.companyinfo: ~0 rows (approximately)
INSERT INTO `companyinfo` (`Id`, `Name`, `Logo`, `Currency`, `Address`, `City`, `Country`, `Phone`, `Email`, `Fax`, `Website`, `CreatedDate`, `ModifiedDate`, `CreatedBy`, `ModifiedBy`, `Cancelled`) VALUES
	(1, 'XYZ Company Limited', '/upload/company_logo.png', '', 'Dhaka, Bangladesh', 'Dhaka', 'Bangladesh', '132546789', NULL, '9999', 'www.wyx.com', '2023-02-12 16:53:55.292800', '2023-02-12 16:53:55.292803', 'Admin', 'Admin', 0);

-- Dumping structure for table amsdev.defaultidentityoptions
CREATE TABLE IF NOT EXISTS `defaultidentityoptions` (
  `Id` int NOT NULL AUTO_INCREMENT,
  `PasswordRequireDigit` tinyint(1) NOT NULL,
  `PasswordRequiredLength` int NOT NULL,
  `PasswordRequireNonAlphanumeric` tinyint(1) NOT NULL,
  `PasswordRequireUppercase` tinyint(1) NOT NULL,
  `PasswordRequireLowercase` tinyint(1) NOT NULL,
  `PasswordRequiredUniqueChars` int NOT NULL,
  `LockoutDefaultLockoutTimeSpanInMinutes` double NOT NULL,
  `LockoutMaxFailedAccessAttempts` int NOT NULL,
  `LockoutAllowedForNewUsers` tinyint(1) NOT NULL,
  `UserRequireUniqueEmail` tinyint(1) NOT NULL,
  `SignInRequireConfirmedEmail` tinyint(1) NOT NULL,
  `CookieHttpOnly` tinyint(1) NOT NULL,
  `CookieExpiration` double NOT NULL,
  `CookieExpireTimeSpan` double NOT NULL,
  `LoginPath` longtext CHARACTER SET utf8mb4 COLLATE utf8mb4_0900_ai_ci,
  `LogoutPath` longtext CHARACTER SET utf8mb4 COLLATE utf8mb4_0900_ai_ci,
  `AccessDeniedPath` longtext CHARACTER SET utf8mb4 COLLATE utf8mb4_0900_ai_ci,
  `SlidingExpiration` tinyint(1) NOT NULL,
  `CreatedDate` datetime(6) NOT NULL,
  `ModifiedDate` datetime(6) NOT NULL,
  `CreatedBy` longtext CHARACTER SET utf8mb4 COLLATE utf8mb4_0900_ai_ci,
  `ModifiedBy` longtext CHARACTER SET utf8mb4 COLLATE utf8mb4_0900_ai_ci,
  `Cancelled` tinyint(1) NOT NULL,
  PRIMARY KEY (`Id`)
) ENGINE=InnoDB AUTO_INCREMENT=2 DEFAULT CHARSET=utf8mb4 COLLATE=utf8mb4_0900_ai_ci;

-- Dumping data for table amsdev.defaultidentityoptions: ~0 rows (approximately)
INSERT INTO `defaultidentityoptions` (`Id`, `PasswordRequireDigit`, `PasswordRequiredLength`, `PasswordRequireNonAlphanumeric`, `PasswordRequireUppercase`, `PasswordRequireLowercase`, `PasswordRequiredUniqueChars`, `LockoutDefaultLockoutTimeSpanInMinutes`, `LockoutMaxFailedAccessAttempts`, `LockoutAllowedForNewUsers`, `UserRequireUniqueEmail`, `SignInRequireConfirmedEmail`, `CookieHttpOnly`, `CookieExpiration`, `CookieExpireTimeSpan`, `LoginPath`, `LogoutPath`, `AccessDeniedPath`, `SlidingExpiration`, `CreatedDate`, `ModifiedDate`, `CreatedBy`, `ModifiedBy`, `Cancelled`) VALUES
	(1, 0, 3, 0, 0, 0, 0, 30, 5, 0, 1, 0, 1, 150, 120, '/Account/Login', '/Account/Logout', '/Account/AccessDenied', 1, '2023-02-12 16:53:50.439228', '2023-02-12 16:53:50.439230', 'Admin', 'Admin', 0);

-- Dumping structure for table amsdev.department
CREATE TABLE IF NOT EXISTS `department` (
  `Id` bigint NOT NULL AUTO_INCREMENT,
  `Name` longtext CHARACTER SET utf8mb4 COLLATE utf8mb4_0900_ai_ci,
  `Description` longtext CHARACTER SET utf8mb4 COLLATE utf8mb4_0900_ai_ci,
  `CreatedDate` datetime(6) NOT NULL,
  `ModifiedDate` datetime(6) NOT NULL,
  `CreatedBy` longtext CHARACTER SET utf8mb4 COLLATE utf8mb4_0900_ai_ci,
  `ModifiedBy` longtext CHARACTER SET utf8mb4 COLLATE utf8mb4_0900_ai_ci,
  `Cancelled` tinyint(1) NOT NULL,
  PRIMARY KEY (`Id`)
) ENGINE=InnoDB AUTO_INCREMENT=6 DEFAULT CHARSET=utf8mb4 COLLATE=utf8mb4_0900_ai_ci;

-- Dumping data for table amsdev.department: ~5 rows (approximately)
INSERT INTO `department` (`Id`, `Name`, `Description`, `CreatedDate`, `ModifiedDate`, `CreatedBy`, `ModifiedBy`, `Cancelled`) VALUES
	(1, 'IT', 'IT Department', '2023-02-12 16:53:52.908164', '2023-02-12 16:53:52.908166', 'Admin', 'Admin', 0),
	(2, 'HR', 'HR Department', '2023-02-12 16:53:52.972352', '2023-02-12 16:53:52.972355', 'Admin', 'Admin', 0),
	(3, 'Finance', 'Finance Department', '2023-02-12 16:53:53.005416', '2023-02-12 16:53:53.005418', 'Admin', 'Admin', 0),
	(4, 'Procurement', 'Procurement Department', '2023-02-12 16:53:53.053186', '2023-02-12 16:53:53.053188', 'Admin', 'Admin', 0),
	(5, 'Legal', 'Procurement Department', '2023-02-12 16:53:53.109078', '2023-02-12 16:53:53.109080', 'Admin', 'Admin', 0);

-- Dumping structure for table amsdev.designation
CREATE TABLE IF NOT EXISTS `designation` (
  `Id` bigint NOT NULL AUTO_INCREMENT,
  `Name` longtext CHARACTER SET utf8mb4 COLLATE utf8mb4_0900_ai_ci,
  `Description` longtext CHARACTER SET utf8mb4 COLLATE utf8mb4_0900_ai_ci,
  `CreatedDate` datetime(6) NOT NULL,
  `ModifiedDate` datetime(6) NOT NULL,
  `CreatedBy` longtext CHARACTER SET utf8mb4 COLLATE utf8mb4_0900_ai_ci,
  `ModifiedBy` longtext CHARACTER SET utf8mb4 COLLATE utf8mb4_0900_ai_ci,
  `Cancelled` tinyint(1) NOT NULL,
  PRIMARY KEY (`Id`)
) ENGINE=InnoDB AUTO_INCREMENT=7 DEFAULT CHARSET=utf8mb4 COLLATE=utf8mb4_0900_ai_ci;

-- Dumping data for table amsdev.designation: ~6 rows (approximately)
INSERT INTO `designation` (`Id`, `Name`, `Description`, `CreatedDate`, `ModifiedDate`, `CreatedBy`, `ModifiedBy`, `Cancelled`) VALUES
	(1, 'Project Manager', 'Employee Job Designation', '2023-02-12 16:53:53.417167', '2023-02-12 16:53:53.417173', 'Admin', 'Admin', 0),
	(2, 'Software Engineer', 'Employee Job Designation', '2023-02-12 16:53:53.484312', '2023-02-12 16:53:53.484314', 'Admin', 'Admin', 0),
	(3, 'Head Of Engineering', 'Employee Job Designation', '2023-02-12 16:53:53.522072', '2023-02-12 16:53:53.522075', 'Admin', 'Admin', 0),
	(4, 'Software Architect', 'Employee Job Designation', '2023-02-12 16:53:53.559694', '2023-02-12 16:53:53.559696', 'Admin', 'Admin', 0),
	(5, 'QA Engineer', 'Employee Job Designation', '2023-02-12 16:53:53.630986', '2023-02-12 16:53:53.630988', 'Admin', 'Admin', 0),
	(6, 'DevOps Engineer', 'Employee Job Designation', '2023-02-12 16:53:53.688712', '2023-02-12 16:53:53.688714', 'Admin', 'Admin', 0);

-- Dumping structure for table amsdev.itemdropdownlistviewmodel
CREATE TABLE IF NOT EXISTS `itemdropdownlistviewmodel` (
  `Id` bigint NOT NULL,
  `Name` longtext CHARACTER SET utf8mb4 COLLATE utf8mb4_0900_ai_ci
) ENGINE=InnoDB DEFAULT CHARSET=utf8mb4 COLLATE=utf8mb4_0900_ai_ci;

-- Dumping data for table amsdev.itemdropdownlistviewmodel: ~0 rows (approximately)

-- Dumping structure for table amsdev.loginhistory
CREATE TABLE IF NOT EXISTS `loginhistory` (
  `Id` bigint NOT NULL AUTO_INCREMENT,
  `UserName` longtext CHARACTER SET utf8mb4 COLLATE utf8mb4_0900_ai_ci,
  `LoginTime` datetime(6) NOT NULL,
  `LogoutTime` datetime(6) DEFAULT NULL,
  `Duration` double NOT NULL,
  `PublicIP` longtext CHARACTER SET utf8mb4 COLLATE utf8mb4_0900_ai_ci,
  `Latitude` longtext CHARACTER SET utf8mb4 COLLATE utf8mb4_0900_ai_ci,
  `Longitude` longtext CHARACTER SET utf8mb4 COLLATE utf8mb4_0900_ai_ci,
  `Browser` longtext CHARACTER SET utf8mb4 COLLATE utf8mb4_0900_ai_ci,
  `OperatingSystem` longtext CHARACTER SET utf8mb4 COLLATE utf8mb4_0900_ai_ci,
  `Device` longtext CHARACTER SET utf8mb4 COLLATE utf8mb4_0900_ai_ci,
  `Action` longtext CHARACTER SET utf8mb4 COLLATE utf8mb4_0900_ai_ci,
  `ActionStatus` longtext CHARACTER SET utf8mb4 COLLATE utf8mb4_0900_ai_ci,
  `CreatedDate` datetime(6) NOT NULL,
  `ModifiedDate` datetime(6) NOT NULL,
  `CreatedBy` longtext CHARACTER SET utf8mb4 COLLATE utf8mb4_0900_ai_ci,
  `ModifiedBy` longtext CHARACTER SET utf8mb4 COLLATE utf8mb4_0900_ai_ci,
  `Cancelled` tinyint(1) NOT NULL,
  PRIMARY KEY (`Id`)
) ENGINE=InnoDB AUTO_INCREMENT=3 DEFAULT CHARSET=utf8mb4 COLLATE=utf8mb4_0900_ai_ci;

-- Dumping data for table amsdev.loginhistory: ~0 rows (approximately)
INSERT INTO `loginhistory` (`Id`, `UserName`, `LoginTime`, `LogoutTime`, `Duration`, `PublicIP`, `Latitude`, `Longitude`, `Browser`, `OperatingSystem`, `Device`, `Action`, `ActionStatus`, `CreatedDate`, `ModifiedDate`, `CreatedBy`, `ModifiedBy`, `Cancelled`) VALUES
	(1, 'superadmin@example.com', '2023-02-12 16:54:38.426354', NULL, 0, '139.192.105.55', NULL, NULL, 'Chrome', 'Windows', 'Other', 'Login', 'Failed', '2023-02-12 16:54:48.675085', '2023-02-12 16:54:48.675086', 'superadmin@example.com', 'superadmin@example.com', 0),
	(2, 'admin@gmail.com', '2023-02-12 16:54:59.721611', NULL, 0, '139.192.105.55', NULL, NULL, 'Chrome', 'Windows', 'Other', 'Login', 'Success', '2023-02-12 16:55:01.041210', '2023-02-12 16:55:01.041212', 'admin@gmail.com', 'admin@gmail.com', 0);

-- Dumping structure for table amsdev.manageuserroles
CREATE TABLE IF NOT EXISTS `manageuserroles` (
  `Id` bigint NOT NULL AUTO_INCREMENT,
  `Name` longtext CHARACTER SET utf8mb4 COLLATE utf8mb4_0900_ai_ci,
  `Description` longtext CHARACTER SET utf8mb4 COLLATE utf8mb4_0900_ai_ci,
  `CreatedDate` datetime(6) NOT NULL,
  `ModifiedDate` datetime(6) NOT NULL,
  `CreatedBy` longtext CHARACTER SET utf8mb4 COLLATE utf8mb4_0900_ai_ci,
  `ModifiedBy` longtext CHARACTER SET utf8mb4 COLLATE utf8mb4_0900_ai_ci,
  `Cancelled` tinyint(1) NOT NULL,
  PRIMARY KEY (`Id`)
) ENGINE=InnoDB AUTO_INCREMENT=3 DEFAULT CHARSET=utf8mb4 COLLATE=utf8mb4_0900_ai_ci;

-- Dumping data for table amsdev.manageuserroles: ~0 rows (approximately)
INSERT INTO `manageuserroles` (`Id`, `Name`, `Description`, `CreatedDate`, `ModifiedDate`, `CreatedBy`, `ModifiedBy`, `Cancelled`) VALUES
	(1, 'Admin', 'User Role: New', '2023-02-12 16:53:55.161540', '2023-02-12 16:53:55.161542', 'Admin', 'Admin', 0),
	(2, 'General', 'User Role: General', '2023-02-12 16:53:55.248285', '2023-02-12 16:53:55.248287', 'Admin', 'Admin', 0);

-- Dumping structure for table amsdev.manageuserrolesdetails
CREATE TABLE IF NOT EXISTS `manageuserrolesdetails` (
  `Id` bigint NOT NULL AUTO_INCREMENT,
  `ManageRoleId` bigint NOT NULL,
  `RoleId` longtext CHARACTER SET utf8mb4 COLLATE utf8mb4_0900_ai_ci,
  `RoleName` longtext CHARACTER SET utf8mb4 COLLATE utf8mb4_0900_ai_ci,
  `IsAllowed` tinyint(1) NOT NULL,
  `CreatedDate` datetime(6) NOT NULL,
  `ModifiedDate` datetime(6) NOT NULL,
  `CreatedBy` longtext CHARACTER SET utf8mb4 COLLATE utf8mb4_0900_ai_ci,
  `ModifiedBy` longtext CHARACTER SET utf8mb4 COLLATE utf8mb4_0900_ai_ci,
  `Cancelled` tinyint(1) NOT NULL,
  PRIMARY KEY (`Id`)
) ENGINE=InnoDB AUTO_INCREMENT=67 DEFAULT CHARSET=utf8mb4 COLLATE=utf8mb4_0900_ai_ci;

-- Dumping data for table amsdev.manageuserrolesdetails: ~66 rows (approximately)
INSERT INTO `manageuserrolesdetails` (`Id`, `ManageRoleId`, `RoleId`, `RoleName`, `IsAllowed`, `CreatedDate`, `ModifiedDate`, `CreatedBy`, `ModifiedBy`, `Cancelled`) VALUES
	(1, 1, 'c8aedbf8-6d1f-494e-8c52-3f150f90df8f', 'Admin', 1, '2023-02-12 16:53:55.432304', '2023-02-12 16:53:55.432305', 'Admin', 'Admin', 0),
	(2, 1, '40c2141d-6cc3-41ea-b67b-7859959d457f', 'Asset', 1, '2023-02-12 16:53:55.500100', '2023-02-12 16:53:55.500101', 'Admin', 'Admin', 0),
	(3, 1, '689e29d0-f2fc-4277-b811-2c80a0222b21', 'Asset Allocation Report', 1, '2023-02-12 16:53:55.542531', '2023-02-12 16:53:55.542532', 'Admin', 'Admin', 0),
	(4, 1, '3c659bb5-7d7d-46cc-9735-18e7088c4bb6', 'Asset ategorie', 1, '2023-02-12 16:53:55.576707', '2023-02-12 16:53:55.576708', 'Admin', 'Admin', 0),
	(5, 1, '6f06c70f-3692-4ce9-9414-bbe015a6fa91', 'Asset History', 1, '2023-02-12 16:53:55.617189', '2023-02-12 16:53:55.617191', 'Admin', 'Admin', 0),
	(6, 1, '28736d25-0992-4013-bd82-140dc9ad2e08', 'Asset Issue', 1, '2023-02-12 16:53:55.662497', '2023-02-12 16:53:55.662499', 'Admin', 'Admin', 0),
	(7, 1, '7e2ab0ec-5d94-437a-8538-604fd3c63202', 'Asset Request', 1, '2023-02-12 16:53:55.694782', '2023-02-12 16:53:55.694784', 'Admin', 'Admin', 0),
	(8, 1, 'a703abf1-fe28-4500-8c48-0d83cd4b183e', 'Asset Status', 1, '2023-02-12 16:53:55.726721', '2023-02-12 16:53:55.726722', 'Admin', 'Admin', 0),
	(9, 1, '51af0e1c-7c65-4c53-bb54-9fb85c8f0413', 'Asset Status Report', 1, '2023-02-12 16:53:55.760540', '2023-02-12 16:53:55.760541', 'Admin', 'Admin', 0),
	(10, 1, 'ced7b581-d139-490b-b083-5c349ec8d56e', 'Asset Sub Categorie', 1, '2023-02-12 16:53:55.803136', '2023-02-12 16:53:55.803138', 'Admin', 'Admin', 0),
	(11, 1, 'fb9989b9-3cb8-438f-a3cf-b91585197502', 'Audit Logs', 1, '2023-02-12 16:53:55.840151', '2023-02-12 16:53:55.840153', 'Admin', 'Admin', 0),
	(12, 1, 'fac9374c-aaed-4ea9-9d2d-037b241dfd1b', 'Comment', 1, '2023-02-12 16:53:55.885251', '2023-02-12 16:53:55.885253', 'Admin', 'Admin', 0),
	(13, 1, '001dfbd3-4fdb-4672-baa6-3f75d2fd66be', 'Company Info', 1, '2023-02-12 16:53:55.919410', '2023-02-12 16:53:55.919412', 'Admin', 'Admin', 0),
	(14, 1, 'df529136-a855-4d2f-ae08-daa8bd1d8b3b', 'Dashboard', 1, '2023-02-12 16:53:55.965622', '2023-02-12 16:53:55.965624', 'Admin', 'Admin', 0),
	(15, 1, 'b4fb2a9b-1894-4dd3-89f4-032705212f17', 'Department', 1, '2023-02-12 16:53:56.042510', '2023-02-12 16:53:56.042512', 'Admin', 'Admin', 0),
	(16, 1, '07e46dbc-1c23-447a-afc6-4d1838961913', 'Designation', 1, '2023-02-12 16:53:56.188963', '2023-02-12 16:53:56.188965', 'Admin', 'Admin', 0),
	(17, 1, '2f9738c2-db62-44f8-b778-bf743178c9b4', 'Email Setting', 1, '2023-02-12 16:53:56.312644', '2023-02-12 16:53:56.312645', 'Admin', 'Admin', 0),
	(18, 1, '1a311c68-2f6c-415c-b02f-ed0f12534cc9', 'Employee', 1, '2023-02-12 16:53:56.405283', '2023-02-12 16:53:56.405284', 'Admin', 'Admin', 0),
	(19, 1, '10ff0f6f-4a02-4b41-9990-7c387c282f81', 'Identity Setting', 1, '2023-02-12 16:53:56.489122', '2023-02-12 16:53:56.489124', 'Admin', 'Admin', 0),
	(20, 1, '7e32747b-553c-45ef-a896-7ddd6e5f4ace', 'Login History', 1, '2023-02-12 16:53:56.546705', '2023-02-12 16:53:56.546713', 'Admin', 'Admin', 0),
	(21, 1, '158e195f-b1b5-46eb-9b1d-7f9f76aeb2a6', 'Manage Page Access', 1, '2023-02-12 16:53:56.585729', '2023-02-12 16:53:56.585735', 'Admin', 'Admin', 0),
	(22, 1, '945321a2-3bdf-4983-828f-75bd97939170', 'Manage User Roles', 1, '2023-02-12 16:53:56.623754', '2023-02-12 16:53:56.623756', 'Admin', 'Admin', 0),
	(23, 1, 'e92c7f4b-81d5-44ee-97eb-ffd689f7303b', 'Print Barcode', 1, '2023-02-12 16:53:56.678366', '2023-02-12 16:53:56.678368', 'Admin', 'Admin', 0),
	(24, 1, 'b8bc01fa-11e3-4e2e-956e-fbce549c858b', 'Print QRcode', 1, '2023-02-12 16:53:56.728630', '2023-02-12 16:53:56.728632', 'Admin', 'Admin', 0),
	(25, 1, '75a10b71-e39d-494a-ae21-806a5f2670bc', 'Request Module', 1, '2023-02-12 16:53:56.774408', '2023-02-12 16:53:56.774409', 'Admin', 'Admin', 0),
	(26, 1, 'd000ca1b-3785-4c41-a7c0-2af982fa4a32', 'Sub Department', 1, '2023-02-12 16:53:56.814152', '2023-02-12 16:53:56.814154', 'Admin', 'Admin', 0),
	(27, 1, '829e9722-22f0-4e7b-81a6-0d75755cc71f', 'Subscription Request', 1, '2023-02-12 16:53:56.851035', '2023-02-12 16:53:56.851036', 'Admin', 'Admin', 0),
	(28, 1, '84ff0dbd-625d-42a7-8933-85be592a9415', 'Super Admin', 1, '2023-02-12 16:53:56.923513', '2023-02-12 16:53:56.923514', 'Admin', 'Admin', 0),
	(29, 1, '5e82b64e-0bb0-423d-8565-ebdde87cb6c5', 'Supplier', 1, '2023-02-12 16:53:56.973480', '2023-02-12 16:53:56.973482', 'Admin', 'Admin', 0),
	(30, 1, 'b8d828d4-5e1f-41cf-a991-066c64d6713d', 'System Role', 1, '2023-02-12 16:53:57.017228', '2023-02-12 16:53:57.017229', 'Admin', 'Admin', 0),
	(31, 1, 'cfc9c794-2a09-4c29-b9e2-048a7bfc8790', 'User Info From Browser', 1, '2023-02-12 16:53:57.053026', '2023-02-12 16:53:57.053028', 'Admin', 'Admin', 0),
	(32, 1, '5e6facda-120c-4733-baa3-db73a552b4e2', 'User Management', 1, '2023-02-12 16:53:57.111753', '2023-02-12 16:53:57.111755', 'Admin', 'Admin', 0),
	(33, 1, 'e6f849c3-4ee9-4e17-b2df-68223a318244', 'User Profile', 1, '2023-02-12 16:53:57.162416', '2023-02-12 16:53:57.162417', 'Admin', 'Admin', 0),
	(34, 2, 'c8aedbf8-6d1f-494e-8c52-3f150f90df8f', 'Admin', 0, '2023-02-12 16:53:57.205188', '2023-02-12 16:53:57.205189', 'Admin', 'Admin', 0),
	(35, 2, '40c2141d-6cc3-41ea-b67b-7859959d457f', 'Asset', 0, '2023-02-12 16:53:57.245049', '2023-02-12 16:53:57.245051', 'Admin', 'Admin', 0),
	(36, 2, '689e29d0-f2fc-4277-b811-2c80a0222b21', 'Asset Allocation Report', 0, '2023-02-12 16:53:57.300867', '2023-02-12 16:53:57.300871', 'Admin', 'Admin', 0),
	(37, 2, '3c659bb5-7d7d-46cc-9735-18e7088c4bb6', 'Asset ategorie', 0, '2023-02-12 16:53:57.351912', '2023-02-12 16:53:57.351914', 'Admin', 'Admin', 0),
	(38, 2, '6f06c70f-3692-4ce9-9414-bbe015a6fa91', 'Asset History', 0, '2023-02-12 16:53:57.396282', '2023-02-12 16:53:57.396284', 'Admin', 'Admin', 0),
	(39, 2, '28736d25-0992-4013-bd82-140dc9ad2e08', 'Asset Issue', 0, '2023-02-12 16:53:57.446546', '2023-02-12 16:53:57.446547', 'Admin', 'Admin', 0),
	(40, 2, '7e2ab0ec-5d94-437a-8538-604fd3c63202', 'Asset Request', 0, '2023-02-12 16:53:57.492872', '2023-02-12 16:53:57.492874', 'Admin', 'Admin', 0),
	(41, 2, 'a703abf1-fe28-4500-8c48-0d83cd4b183e', 'Asset Status', 0, '2023-02-12 16:53:57.550347', '2023-02-12 16:53:57.550349', 'Admin', 'Admin', 0),
	(42, 2, '51af0e1c-7c65-4c53-bb54-9fb85c8f0413', 'Asset Status Report', 0, '2023-02-12 16:53:57.596455', '2023-02-12 16:53:57.596457', 'Admin', 'Admin', 0),
	(43, 2, 'ced7b581-d139-490b-b083-5c349ec8d56e', 'Asset Sub Categorie', 0, '2023-02-12 16:53:57.642585', '2023-02-12 16:53:57.642586', 'Admin', 'Admin', 0),
	(44, 2, 'fb9989b9-3cb8-438f-a3cf-b91585197502', 'Audit Logs', 0, '2023-02-12 16:53:57.685764', '2023-02-12 16:53:57.685766', 'Admin', 'Admin', 0),
	(45, 2, 'fac9374c-aaed-4ea9-9d2d-037b241dfd1b', 'Comment', 0, '2023-02-12 16:53:57.724559', '2023-02-12 16:53:57.724561', 'Admin', 'Admin', 0),
	(46, 2, '001dfbd3-4fdb-4672-baa6-3f75d2fd66be', 'Company Info', 0, '2023-02-12 16:53:57.766191', '2023-02-12 16:53:57.766192', 'Admin', 'Admin', 0),
	(47, 2, 'df529136-a855-4d2f-ae08-daa8bd1d8b3b', 'Dashboard', 1, '2023-02-12 16:53:57.808993', '2023-02-12 16:53:57.808995', 'Admin', 'Admin', 0),
	(48, 2, 'b4fb2a9b-1894-4dd3-89f4-032705212f17', 'Department', 0, '2023-02-12 16:53:57.858163', '2023-02-12 16:53:57.858165', 'Admin', 'Admin', 0),
	(49, 2, '07e46dbc-1c23-447a-afc6-4d1838961913', 'Designation', 0, '2023-02-12 16:53:57.909448', '2023-02-12 16:53:57.909449', 'Admin', 'Admin', 0),
	(50, 2, '2f9738c2-db62-44f8-b778-bf743178c9b4', 'Email Setting', 0, '2023-02-12 16:53:57.953003', '2023-02-12 16:53:57.953004', 'Admin', 'Admin', 0),
	(51, 2, '1a311c68-2f6c-415c-b02f-ed0f12534cc9', 'Employee', 0, '2023-02-12 16:53:57.999150', '2023-02-12 16:53:57.999152', 'Admin', 'Admin', 0),
	(52, 2, '10ff0f6f-4a02-4b41-9990-7c387c282f81', 'Identity Setting', 0, '2023-02-12 16:53:58.046562', '2023-02-12 16:53:58.046564', 'Admin', 'Admin', 0),
	(53, 2, '7e32747b-553c-45ef-a896-7ddd6e5f4ace', 'Login History', 0, '2023-02-12 16:53:58.114936', '2023-02-12 16:53:58.114937', 'Admin', 'Admin', 0),
	(54, 2, '158e195f-b1b5-46eb-9b1d-7f9f76aeb2a6', 'Manage Page Access', 0, '2023-02-12 16:53:58.155958', '2023-02-12 16:53:58.155959', 'Admin', 'Admin', 0),
	(55, 2, '945321a2-3bdf-4983-828f-75bd97939170', 'Manage User Roles', 0, '2023-02-12 16:53:58.199531', '2023-02-12 16:53:58.199532', 'Admin', 'Admin', 0),
	(56, 2, 'e92c7f4b-81d5-44ee-97eb-ffd689f7303b', 'Print Barcode', 0, '2023-02-12 16:53:58.244972', '2023-02-12 16:53:58.244974', 'Admin', 'Admin', 0),
	(57, 2, 'b8bc01fa-11e3-4e2e-956e-fbce549c858b', 'Print QRcode', 0, '2023-02-12 16:53:58.295203', '2023-02-12 16:53:58.295205', 'Admin', 'Admin', 0),
	(58, 2, '75a10b71-e39d-494a-ae21-806a5f2670bc', 'Request Module', 0, '2023-02-12 16:53:58.352378', '2023-02-12 16:53:58.352379', 'Admin', 'Admin', 0),
	(59, 2, 'd000ca1b-3785-4c41-a7c0-2af982fa4a32', 'Sub Department', 0, '2023-02-12 16:53:58.398318', '2023-02-12 16:53:58.398320', 'Admin', 'Admin', 0),
	(60, 2, '829e9722-22f0-4e7b-81a6-0d75755cc71f', 'Subscription Request', 0, '2023-02-12 16:53:58.436933', '2023-02-12 16:53:58.436934', 'Admin', 'Admin', 0),
	(61, 2, '84ff0dbd-625d-42a7-8933-85be592a9415', 'Super Admin', 0, '2023-02-12 16:53:58.476157', '2023-02-12 16:53:58.476158', 'Admin', 'Admin', 0),
	(62, 2, '5e82b64e-0bb0-423d-8565-ebdde87cb6c5', 'Supplier', 0, '2023-02-12 16:53:58.533827', '2023-02-12 16:53:58.533829', 'Admin', 'Admin', 0),
	(63, 2, 'b8d828d4-5e1f-41cf-a991-066c64d6713d', 'System Role', 0, '2023-02-12 16:53:58.573993', '2023-02-12 16:53:58.573994', 'Admin', 'Admin', 0),
	(64, 2, 'cfc9c794-2a09-4c29-b9e2-048a7bfc8790', 'User Info From Browser', 0, '2023-02-12 16:53:58.615125', '2023-02-12 16:53:58.615127', 'Admin', 'Admin', 0),
	(65, 2, '5e6facda-120c-4733-baa3-db73a552b4e2', 'User Management', 0, '2023-02-12 16:53:58.668927', '2023-02-12 16:53:58.668929', 'Admin', 'Admin', 0),
	(66, 2, 'e6f849c3-4ee9-4e17-b2df-68223a318244', 'User Profile', 1, '2023-02-12 16:53:58.710686', '2023-02-12 16:53:58.710687', 'Admin', 'Admin', 0);

-- Dumping structure for table amsdev.sendgridsetting
CREATE TABLE IF NOT EXISTS `sendgridsetting` (
  `Id` int NOT NULL AUTO_INCREMENT,
  `SendGridUser` longtext CHARACTER SET utf8mb4 COLLATE utf8mb4_0900_ai_ci,
  `SendGridKey` longtext CHARACTER SET utf8mb4 COLLATE utf8mb4_0900_ai_ci,
  `FromEmail` longtext CHARACTER SET utf8mb4 COLLATE utf8mb4_0900_ai_ci,
  `FromFullName` longtext CHARACTER SET utf8mb4 COLLATE utf8mb4_0900_ai_ci,
  `IsDefault` tinyint(1) NOT NULL,
  `CreatedDate` datetime(6) NOT NULL,
  `ModifiedDate` datetime(6) NOT NULL,
  `CreatedBy` longtext CHARACTER SET utf8mb4 COLLATE utf8mb4_0900_ai_ci,
  `ModifiedBy` longtext CHARACTER SET utf8mb4 COLLATE utf8mb4_0900_ai_ci,
  `Cancelled` tinyint(1) NOT NULL,
  PRIMARY KEY (`Id`)
) ENGINE=InnoDB AUTO_INCREMENT=2 DEFAULT CHARSET=utf8mb4 COLLATE=utf8mb4_0900_ai_ci;

-- Dumping data for table amsdev.sendgridsetting: ~0 rows (approximately)
INSERT INTO `sendgridsetting` (`Id`, `SendGridUser`, `SendGridKey`, `FromEmail`, `FromFullName`, `IsDefault`, `CreatedDate`, `ModifiedDate`, `CreatedBy`, `ModifiedBy`, `Cancelled`) VALUES
	(1, '', '', 'devmlbd@gmail.com', 'Web Admin Notification', 0, '2023-02-12 16:53:50.338775', '2023-02-12 16:53:50.338778', 'Admin', 'Admin', 0);

-- Dumping structure for table amsdev.smtpemailsetting
CREATE TABLE IF NOT EXISTS `smtpemailsetting` (
  `Id` int NOT NULL AUTO_INCREMENT,
  `UserName` longtext CHARACTER SET utf8mb4 COLLATE utf8mb4_0900_ai_ci,
  `Password` longtext CHARACTER SET utf8mb4 COLLATE utf8mb4_0900_ai_ci,
  `Host` longtext CHARACTER SET utf8mb4 COLLATE utf8mb4_0900_ai_ci,
  `Port` int NOT NULL,
  `IsSSL` tinyint(1) NOT NULL,
  `FromEmail` longtext CHARACTER SET utf8mb4 COLLATE utf8mb4_0900_ai_ci,
  `FromFullName` longtext CHARACTER SET utf8mb4 COLLATE utf8mb4_0900_ai_ci,
  `IsDefault` tinyint(1) NOT NULL,
  `CreatedDate` datetime(6) NOT NULL,
  `ModifiedDate` datetime(6) NOT NULL,
  `CreatedBy` longtext CHARACTER SET utf8mb4 COLLATE utf8mb4_0900_ai_ci,
  `ModifiedBy` longtext CHARACTER SET utf8mb4 COLLATE utf8mb4_0900_ai_ci,
  `Cancelled` tinyint(1) NOT NULL,
  PRIMARY KEY (`Id`)
) ENGINE=InnoDB AUTO_INCREMENT=2 DEFAULT CHARSET=utf8mb4 COLLATE=utf8mb4_0900_ai_ci;

-- Dumping data for table amsdev.smtpemailsetting: ~0 rows (approximately)
INSERT INTO `smtpemailsetting` (`Id`, `UserName`, `Password`, `Host`, `Port`, `IsSSL`, `FromEmail`, `FromFullName`, `IsDefault`, `CreatedDate`, `ModifiedDate`, `CreatedBy`, `ModifiedBy`, `Cancelled`) VALUES
	(1, 'devmlbd@gmail.com', '', 'smtp.gmail.com', 587, 1, 'devmlbd@gmail.com', 'Web Admin Notification', 1, '2023-02-12 16:53:50.233637', '2023-02-12 16:53:50.233640', 'Admin', 'Admin', 0);

-- Dumping structure for table amsdev.subdepartment
CREATE TABLE IF NOT EXISTS `subdepartment` (
  `Id` bigint NOT NULL AUTO_INCREMENT,
  `DepartmentId` bigint NOT NULL,
  `Name` longtext CHARACTER SET utf8mb4 COLLATE utf8mb4_0900_ai_ci,
  `Description` longtext CHARACTER SET utf8mb4 COLLATE utf8mb4_0900_ai_ci,
  `CreatedDate` datetime(6) NOT NULL,
  `ModifiedDate` datetime(6) NOT NULL,
  `CreatedBy` longtext CHARACTER SET utf8mb4 COLLATE utf8mb4_0900_ai_ci,
  `ModifiedBy` longtext CHARACTER SET utf8mb4 COLLATE utf8mb4_0900_ai_ci,
  `Cancelled` tinyint(1) NOT NULL,
  PRIMARY KEY (`Id`)
) ENGINE=InnoDB AUTO_INCREMENT=6 DEFAULT CHARSET=utf8mb4 COLLATE=utf8mb4_0900_ai_ci;

-- Dumping data for table amsdev.subdepartment: ~5 rows (approximately)
INSERT INTO `subdepartment` (`Id`, `DepartmentId`, `Name`, `Description`, `CreatedDate`, `ModifiedDate`, `CreatedBy`, `ModifiedBy`, `Cancelled`) VALUES
	(1, 1, 'QA', 'QA Department', '2023-02-12 16:53:53.171505', '2023-02-12 16:53:53.171507', 'Admin', 'Admin', 0),
	(2, 1, 'Software Development', 'Software Development Department', '2023-02-12 16:53:53.250675', '2023-02-12 16:53:53.250676', 'Admin', 'Admin', 0),
	(3, 1, 'Operation', 'Operation Department', '2023-02-12 16:53:53.299822', '2023-02-12 16:53:53.299824', 'Admin', 'Admin', 0),
	(4, 1, 'PM', 'Project Management Department', '2023-02-12 16:53:53.345885', '2023-02-12 16:53:53.345887', 'Admin', 'Admin', 0),
	(5, 2, 'Recruitment', 'Recruitment Department', '2023-02-12 16:53:53.381495', '2023-02-12 16:53:53.381497', 'Admin', 'Admin', 0);

-- Dumping structure for table amsdev.subscriptionrequest
CREATE TABLE IF NOT EXISTS `subscriptionrequest` (
  `Id` bigint NOT NULL AUTO_INCREMENT,
  `Email` longtext CHARACTER SET utf8mb4 COLLATE utf8mb4_0900_ai_ci,
  `TimeZone` longtext CHARACTER SET utf8mb4 COLLATE utf8mb4_0900_ai_ci,
  `CreatedDate` datetime(6) NOT NULL,
  `ModifiedDate` datetime(6) NOT NULL,
  `CreatedBy` longtext CHARACTER SET utf8mb4 COLLATE utf8mb4_0900_ai_ci,
  `ModifiedBy` longtext CHARACTER SET utf8mb4 COLLATE utf8mb4_0900_ai_ci,
  `Cancelled` tinyint(1) NOT NULL,
  PRIMARY KEY (`Id`)
) ENGINE=InnoDB DEFAULT CHARSET=utf8mb4 COLLATE=utf8mb4_0900_ai_ci;

-- Dumping data for table amsdev.subscriptionrequest: ~0 rows (approximately)

-- Dumping structure for table amsdev.supplier
CREATE TABLE IF NOT EXISTS `supplier` (
  `Id` bigint NOT NULL AUTO_INCREMENT,
  `Name` longtext CHARACTER SET utf8mb4 COLLATE utf8mb4_0900_ai_ci,
  `ContactPerson` longtext CHARACTER SET utf8mb4 COLLATE utf8mb4_0900_ai_ci,
  `Email` longtext CHARACTER SET utf8mb4 COLLATE utf8mb4_0900_ai_ci,
  `Phone` longtext CHARACTER SET utf8mb4 COLLATE utf8mb4_0900_ai_ci,
  `Address` longtext CHARACTER SET utf8mb4 COLLATE utf8mb4_0900_ai_ci,
  `CreatedDate` datetime(6) NOT NULL,
  `ModifiedDate` datetime(6) NOT NULL,
  `CreatedBy` longtext CHARACTER SET utf8mb4 COLLATE utf8mb4_0900_ai_ci,
  `ModifiedBy` longtext CHARACTER SET utf8mb4 COLLATE utf8mb4_0900_ai_ci,
  `Cancelled` tinyint(1) NOT NULL,
  PRIMARY KEY (`Id`)
) ENGINE=InnoDB AUTO_INCREMENT=6 DEFAULT CHARSET=utf8mb4 COLLATE=utf8mb4_0900_ai_ci;

-- Dumping data for table amsdev.supplier: ~5 rows (approximately)
INSERT INTO `supplier` (`Id`, `Name`, `ContactPerson`, `Email`, `Phone`, `Address`, `CreatedDate`, `ModifiedDate`, `CreatedBy`, `ModifiedBy`, `Cancelled`) VALUES
	(1, 'Common Supplier', 'TBD', 'dev@gmail.com', '01699000', 'Dhaka', '2023-02-12 16:53:51.804557', '2023-02-12 16:53:51.804558', 'Admin', 'Admin', 0),
	(2, 'Google', 'TBD', 'dev@gmail.com', '01699000', 'USA', '2023-02-12 16:53:51.907356', '2023-02-12 16:53:51.907358', 'Admin', 'Admin', 0),
	(3, 'Amazon', 'TBD', 'dev@gmail.com', '01699000', 'USA', '2023-02-12 16:53:51.946257', '2023-02-12 16:53:51.946259', 'Admin', 'Admin', 0),
	(4, 'Microsoft', 'TBD', 'dev@gmail.com', '01699000', 'USA', '2023-02-12 16:53:51.983276', '2023-02-12 16:53:51.983278', 'Admin', 'Admin', 0),
	(5, 'PHP', 'TBD', 'dev@gmail.com', '01699000', 'Dhaka', '2023-02-12 16:53:52.014664', '2023-02-12 16:53:52.014667', 'Admin', 'Admin', 0);

-- Dumping structure for table amsdev.userinfofrombrowser
CREATE TABLE IF NOT EXISTS `userinfofrombrowser` (
  `Id` bigint NOT NULL AUTO_INCREMENT,
  `BrowserUniqueID` longtext CHARACTER SET utf8mb4 COLLATE utf8mb4_0900_ai_ci,
  `Lat` longtext CHARACTER SET utf8mb4 COLLATE utf8mb4_0900_ai_ci,
  `Long` longtext CHARACTER SET utf8mb4 COLLATE utf8mb4_0900_ai_ci,
  `TimeZone` longtext CHARACTER SET utf8mb4 COLLATE utf8mb4_0900_ai_ci,
  `BrowserMajor` longtext CHARACTER SET utf8mb4 COLLATE utf8mb4_0900_ai_ci,
  `BrowserName` longtext CHARACTER SET utf8mb4 COLLATE utf8mb4_0900_ai_ci,
  `BrowserVersion` longtext CHARACTER SET utf8mb4 COLLATE utf8mb4_0900_ai_ci,
  `CPUArchitecture` longtext CHARACTER SET utf8mb4 COLLATE utf8mb4_0900_ai_ci,
  `DeviceModel` longtext CHARACTER SET utf8mb4 COLLATE utf8mb4_0900_ai_ci,
  `DeviceType` longtext CHARACTER SET utf8mb4 COLLATE utf8mb4_0900_ai_ci,
  `DeviceVendor` longtext CHARACTER SET utf8mb4 COLLATE utf8mb4_0900_ai_ci,
  `EngineName` longtext CHARACTER SET utf8mb4 COLLATE utf8mb4_0900_ai_ci,
  `EngineVersion` longtext CHARACTER SET utf8mb4 COLLATE utf8mb4_0900_ai_ci,
  `OSName` longtext CHARACTER SET utf8mb4 COLLATE utf8mb4_0900_ai_ci,
  `OSVersion` longtext CHARACTER SET utf8mb4 COLLATE utf8mb4_0900_ai_ci,
  `UA` longtext CHARACTER SET utf8mb4 COLLATE utf8mb4_0900_ai_ci,
  `CreatedDate` datetime(6) NOT NULL,
  `ModifiedDate` datetime(6) NOT NULL,
  `CreatedBy` longtext CHARACTER SET utf8mb4 COLLATE utf8mb4_0900_ai_ci,
  `ModifiedBy` longtext CHARACTER SET utf8mb4 COLLATE utf8mb4_0900_ai_ci,
  `Cancelled` tinyint(1) NOT NULL,
  PRIMARY KEY (`Id`)
) ENGINE=InnoDB AUTO_INCREMENT=2 DEFAULT CHARSET=utf8mb4 COLLATE=utf8mb4_0900_ai_ci;

-- Dumping data for table amsdev.userinfofrombrowser: ~0 rows (approximately)
INSERT INTO `userinfofrombrowser` (`Id`, `BrowserUniqueID`, `Lat`, `Long`, `TimeZone`, `BrowserMajor`, `BrowserName`, `BrowserVersion`, `CPUArchitecture`, `DeviceModel`, `DeviceType`, `DeviceVendor`, `EngineName`, `EngineVersion`, `OSName`, `OSVersion`, `UA`, `CreatedDate`, `ModifiedDate`, `CreatedBy`, `ModifiedBy`, `Cancelled`) VALUES
	(1, '250100646453736110000537365768136624', NULL, NULL, 'Sun Feb 12 2023 16:55:01 GMT+0700 (Western Indonesia Time)', '110', 'Chrome', '110.0.0.0', 'amd64', NULL, NULL, NULL, 'Blink', NULL, 'Windows', '10', 'Mozilla/5.0 (Windows NT 10.0; Win64; x64) AppleWebKit/537.36 (KHTML, like Gecko) Chrome/110.0.0.0 Safari/537.36', '2023-02-12 16:55:01.347346', '2023-02-12 16:55:01.347348', 'admin@gmail.com', 'admin@gmail.com', 0);

-- Dumping structure for table amsdev.userprofile
CREATE TABLE IF NOT EXISTS `userprofile` (
  `UserProfileId` bigint NOT NULL AUTO_INCREMENT,
  `ApplicationUserId` longtext CHARACTER SET utf8mb4 COLLATE utf8mb4_0900_ai_ci,
  `EmployeeId` longtext CHARACTER SET utf8mb4 COLLATE utf8mb4_0900_ai_ci,
  `FirstName` longtext CHARACTER SET utf8mb4 COLLATE utf8mb4_0900_ai_ci,
  `LastName` longtext CHARACTER SET utf8mb4 COLLATE utf8mb4_0900_ai_ci,
  `DateOfBirth` datetime(6) NOT NULL,
  `Designation` int NOT NULL,
  `Department` int NOT NULL,
  `SubDepartment` int NOT NULL,
  `JoiningDate` datetime(6) NOT NULL,
  `LeavingDate` datetime(6) NOT NULL,
  `PhoneNumber` longtext CHARACTER SET utf8mb4 COLLATE utf8mb4_0900_ai_ci,
  `Email` longtext CHARACTER SET utf8mb4 COLLATE utf8mb4_0900_ai_ci,
  `Address` longtext CHARACTER SET utf8mb4 COLLATE utf8mb4_0900_ai_ci,
  `Country` longtext CHARACTER SET utf8mb4 COLLATE utf8mb4_0900_ai_ci,
  `ProfilePicture` longtext CHARACTER SET utf8mb4 COLLATE utf8mb4_0900_ai_ci,
  `RoleId` bigint NOT NULL,
  `IsApprover` int NOT NULL,
  `CreatedDate` datetime(6) NOT NULL,
  `ModifiedDate` datetime(6) NOT NULL,
  `CreatedBy` longtext CHARACTER SET utf8mb4 COLLATE utf8mb4_0900_ai_ci,
  `ModifiedBy` longtext CHARACTER SET utf8mb4 COLLATE utf8mb4_0900_ai_ci,
  `Cancelled` tinyint(1) NOT NULL,
  PRIMARY KEY (`UserProfileId`)
) ENGINE=InnoDB AUTO_INCREMENT=12 DEFAULT CHARSET=utf8mb4 COLLATE=utf8mb4_0900_ai_ci;

-- Dumping data for table amsdev.userprofile: ~11 rows (approximately)
INSERT INTO `userprofile` (`UserProfileId`, `ApplicationUserId`, `EmployeeId`, `FirstName`, `LastName`, `DateOfBirth`, `Designation`, `Department`, `SubDepartment`, `JoiningDate`, `LeavingDate`, `PhoneNumber`, `Email`, `Address`, `Country`, `ProfilePicture`, `RoleId`, `IsApprover`, `CreatedDate`, `ModifiedDate`, `CreatedBy`, `ModifiedBy`, `Cancelled`) VALUES
	(1, '9312f815-133b-45a0-93c3-f7f0e9bb4799', '036307', 'Super', 'Admin', '1998-02-12 16:53:47.350525', 2, 2, 2, '2022-02-12 16:53:47.350899', '2023-02-12 16:53:47.350982', '+8801674411603', 'admin@gmail.com', 'R/A, Dhaka', 'Bangladesh', '/images/UserIcon/Admin.png', 1, 1, '2023-02-12 16:53:47.351083', '2023-02-12 16:53:47.351084', 'Admin', 'Admin', 0),
	(2, 'da999d9c-11b0-4119-bb8c-87b646501df5', '625328', 'Employee 5', 'User', '1998-02-12 16:53:58.757403', 1, 1, 1, '2022-02-12 16:53:58.757706', '2023-02-12 16:53:58.757787', '71370182998', 'Employee5@gmail.com', 'California', 'USA', '/images/UserIcon/U1.png', 2, 1, '2023-02-12 16:53:58.868194', '2023-02-12 16:53:58.868196', 'Admin', 'Admin', 0),
	(3, 'c31ea14e-f1a8-4cb1-8769-66a4d955796d', '449356', 'Employee 4', 'User', '1998-02-12 16:53:59.330672', 1, 1, 1, '2022-02-12 16:53:59.330674', '2023-02-12 16:53:59.330675', '08063563212', 'Employee4@gmail.com', 'California', 'USA', '/images/UserIcon/U2.png', 2, 1, '2023-02-12 16:53:59.465470', '2023-02-12 16:53:59.465472', 'Admin', 'Admin', 0),
	(4, '0569951c-ed00-426c-812e-777ae0d2dcc9', '235095', 'Employee 3', 'User', '1998-02-12 16:53:59.953232', 1, 1, 1, '2022-02-12 16:53:59.953235', '2023-02-12 16:53:59.953235', '13326647363', 'Employee3@gmail.com', 'California', 'USA', '/images/UserIcon/U3.png', 2, 1, '2023-02-12 16:54:00.039887', '2023-02-12 16:54:00.039889', 'Admin', 'Admin', 0),
	(5, '74288e9c-0672-44b3-b658-896860032ae6', '382739', 'Employee 2', 'User', '1998-02-12 16:54:00.378593', 1, 1, 1, '2022-02-12 16:54:00.378595', '2023-02-12 16:54:00.378596', '20077399642', 'Employee2@gmail.com', 'California', 'USA', '/images/UserIcon/U4.png', 2, 1, '2023-02-12 16:54:00.446455', '2023-02-12 16:54:00.446457', 'Admin', 'Admin', 0),
	(6, '28d3d257-4bf8-4b2f-9124-876c92ac595d', '291169', 'Employee 1', 'User', '1998-02-12 16:54:00.737323', 1, 1, 1, '2022-02-12 16:54:00.737327', '2023-02-12 16:54:00.737327', '35735777213', 'Employee1@gmail.com', 'California', 'USA', '/images/UserIcon/U5.png', 2, 1, '2023-02-12 16:54:00.808524', '2023-02-12 16:54:00.808526', 'Admin', 'Admin', 0),
	(7, 'c2e307d9-b9ae-4f57-8e18-703c6a758e57', '856126', 'Regular', 'User', '1998-02-12 16:54:01.277433', 1, 1, 1, '2022-02-12 16:54:01.277435', '2023-02-12 16:54:01.277436', '05180365755', 'regular@gmail.com', 'California', 'USA', '/images/UserIcon/U6.png', 2, 1, '2023-02-12 16:54:01.395375', '2023-02-12 16:54:01.395376', 'Admin', 'Admin', 0),
	(8, '254428bc-5f01-4626-aed6-d994be07b2f0', '785860', 'Technology', 'User', '1998-02-12 16:54:01.697689', 1, 1, 1, '2022-02-12 16:54:01.697691', '2023-02-12 16:54:01.697692', '00839107061', 'tech@gmail.com', 'California', 'USA', '/images/UserIcon/U7.png', 2, 1, '2023-02-12 16:54:01.766498', '2023-02-12 16:54:01.766500', 'Admin', 'Admin', 0),
	(9, '6a4afb75-5ddd-4449-8288-5eaf416df09a', '719438', 'Finance', 'User', '1998-02-12 16:54:02.087141', 1, 1, 1, '2022-02-12 16:54:02.087143', '2023-02-12 16:54:02.087143', '36417864715', 'finance@gmail.com', 'California', 'USA', '/images/UserIcon/U8.png', 2, 1, '2023-02-12 16:54:02.180209', '2023-02-12 16:54:02.180211', 'Admin', 'Admin', 0),
	(10, '884b0db1-8824-438f-9546-bf71c49d4e63', '066663', 'HR', 'User', '1998-02-12 16:54:02.483082', 1, 1, 1, '2022-02-12 16:54:02.483084', '2023-02-12 16:54:02.483084', '96023913852', 'hr@gmail.com', 'California', 'USA', '/images/UserIcon/U9.png', 2, 1, '2023-02-12 16:54:02.574250', '2023-02-12 16:54:02.574251', 'Admin', 'Admin', 0),
	(11, 'a43e0bfe-4318-42f8-ab0f-43a0a785cb68', '073032', 'Accountants', 'User', '1998-02-12 16:54:02.942123', 1, 1, 1, '2022-02-12 16:54:02.942126', '2023-02-12 16:54:02.942126', '22237537470', 'accountants@gmail.com', 'California', 'USA', '/images/UserIcon/U10.png', 2, 1, '2023-02-12 16:54:03.015631', '2023-02-12 16:54:03.015633', 'Admin', 'Admin', 0);

/*!40103 SET TIME_ZONE=IFNULL(@OLD_TIME_ZONE, 'system') */;
/*!40101 SET SQL_MODE=IFNULL(@OLD_SQL_MODE, '') */;
/*!40014 SET FOREIGN_KEY_CHECKS=IFNULL(@OLD_FOREIGN_KEY_CHECKS, 1) */;
/*!40101 SET CHARACTER_SET_CLIENT=@OLD_CHARACTER_SET_CLIENT */;
/*!40111 SET SQL_NOTES=IFNULL(@OLD_SQL_NOTES, 1) */;
